{"type":"FeatureCollection", "features":[
{"type":"Feature","geometry":{"type":"LineString","coordinates":[[30.183134,50.543571,0],[30.182689,50.543647,0],[30.182296,50.543743,0],[30.181583,50.543945,0],[30.172512,50.546764,0],[30.159654,50.5508,0],[30.152557,50.552997,0],[30.13627,50.558074,0],[30.133615,50.558879,0],[30.12788,50.560504,0],[30.112838,50.564682,0],[30.109577,50.565692,0],[30.10522,50.566848,0],[30.104103,50.567173,0],[30.101852,50.567794,0],[30.097581,50.569015,0],[30.095394,50.569683,0],[30.095308,50.569725,0],[30.095006,50.569805,0],[30.089599,50.571865,0],[30.084363,50.573925,0],[30.083311,50.574359,0],[30.082046,50.574832,0],[30.078935,50.576076,0],[30.077627,50.576656,0],[30.077112,50.57685,0],[30.076425,50.577171,0],[30.071832,50.579143,0],[30.070524,50.579746,0],[30.060245,50.584121,0],[30.057327,50.585044,0],[30.055826,50.585453,0],[30.054065,50.585819,0],[30.038444,50.588886,0],[30.034711,50.589595,0],[30.032394,50.590068,0],[30.031257,50.590324,0],[30.02956,50.590797,0],[30.028446,50.59114,0],[30.02703,50.591674,0],[30.025678,50.592212,0],[30.024927,50.592533,0],[30.024068,50.592941,0],[30.018983,50.595687,0],[30.016429,50.597084,0],[30.014411,50.59822,0],[29.999971,50.605861,0],[29.987777,50.612468,0],[29.981088,50.616157,0],[29.97809,50.617359,0],[29.967441,50.620189,0],[29.966508,50.62054,0],[29.957217,50.623065,0],[29.952014,50.624447,0],[29.949535,50.625182,0],[29.948323,50.625563,0],[29.945029,50.626775,0],[29.942948,50.627727,0],[29.940898,50.628755,0],[29.934944,50.631692,0],[29.921428,50.638281,0],[29.920008,50.638982,0],[29.918527,50.639775,0],[29.918442,50.63991,0],[29.917735,50.640528,0],[29.917469,50.640636,0],[29.917152,50.64074,0],[29.916997,50.640872,0],[29.916857,50.640901,0],[29.915621,50.641777,0],[29.912681,50.64405,0],[29.908727,50.646366,0],[29.893798,50.653301,0],[29.882978,50.65813,0],[29.863099,50.662479,0],[29.847661,50.665185,0],[29.846354,50.665381,0],[29.845593,50.665474,0],[29.839344,50.666066,0],[29.835135,50.666313,0],[29.832754,50.666492,0],[29.830886,50.666658,0],[29.828983,50.666859,0],[29.825091,50.667511,0],[29.804492,50.670823,0],[29.802829,50.671143,0],[29.801102,50.671544,0],[29.799385,50.672061,0],[29.797947,50.672537,0],[29.795523,50.673557,0],[29.793291,50.674665,0],[29.785661,50.678729,0],[29.782073,50.680431,0],[29.781156,50.680775,0],[29.778295,50.681977,0],[29.753455,50.692239,0],[29.746657,50.695064,0],[29.745709,50.695438,0],[29.732587,50.700868,0],[29.726021,50.703559,0],[29.71953,50.70629,0],[29.715389,50.707996,0],[29.713512,50.708709,0],[29.712417,50.709035,0],[29.711301,50.709355,0],[29.694307,50.713376,0],[29.674845,50.718023,0],[29.655554,50.722764,0],[29.645802,50.725182,0],[29.636285,50.727512,0],[29.626576,50.729861,0],[29.618304,50.731899,0],[29.61677,50.732232,0],[29.612306,50.733298,0],[29.607489,50.733956,0],[29.605901,50.734146,0],[29.593005,50.734303,0],[29.590795,50.7345,0],[29.589626,50.734574,0],[29.588542,50.734567,0],[29.587416,50.734581,0],[29.586278,50.734561,0],[29.584111,50.734432,0],[29.561741,50.734812,0],[29.552279,50.735912,0],[29.540284,50.737474,0],[29.518096,50.740203,0],[29.496853,50.742878,0],[29.475407,50.745657,0],[29.452039,50.74863,0],[29.4377,50.750831,0],[29.42016,50.753075,0],[29.41693,50.754092,0],[29.413799,50.75571,0],[29.411679,50.757585,0],[29.409497,50.760918,0],[29.407809,50.762793,0],[29.406124,50.76432,0],[29.404052,50.765756,0],[29.401634,50.767169,0],[29.399469,50.76819,0],[29.375888,50.777871,0],[29.341282,50.792038,0],[29.320182,50.800897,0],[29.261573,50.825497,0],[29.256129,50.827701,0],[29.248055,50.831103,0],[29.232194,50.837748,0],[29.231833,50.837886,0],[29.227788,50.839132,0],[29.213008,50.842662,0],[29.203949,50.844797,0],[29.201317,50.845338,0],[29.199021,50.845703,0],[29.191618,50.846557,0],[29.179173,50.847966,0],[29.155955,50.850635,0],[29.152372,50.851231,0],[29.149883,50.8518,0],[29.14381,50.853493,0],[29.124375,50.859017,0],[29.109502,50.863257,0],[29.10847,50.86357,0],[29.094608,50.867484,0],[29.087033,50.869665,0],[29.080789,50.871412,0],[29.079007,50.871935,0],[29.060411,50.877217,0],[29.051027,50.879847,0],[29.043109,50.882094,0],[29.041157,50.882568,0],[29.037852,50.883137,0],[29.033947,50.883719,0],[29.026952,50.884788,0],[29.019806,50.885844,0],[28.99837,50.889093,0],[28.991225,50.890149,0],[28.984165,50.891299,0],[28.958974,50.89513,0],[28.942859,50.897471,0],[28.939469,50.897809,0],[28.932924,50.898757,0],[28.914396,50.901571,0],[28.904654,50.903006,0],[28.899804,50.903743,0],[28.896264,50.904379,0],[28.89525,50.90464,0],[28.893893,50.905069,0],[28.892584,50.905509,0],[28.890052,50.90645,0],[28.884913,50.908405,0],[28.874731,50.912234,0],[28.86456,50.916028,0],[28.859507,50.917956,0],[28.847458,50.922501,0],[28.841128,50.925416,0],[28.807622,50.94092,0],[28.799297,50.944801,0],[28.797891,50.945429,0],[28.793621,50.947491,0],[28.792076,50.948208,0],[28.786798,50.950195,0],[28.784995,50.950844,0],[28.783321,50.951499,0],[28.774811,50.954635,0],[28.771873,50.95577,0],[28.757735,50.961149,0],[28.752568,50.963215,0],[28.746896,50.96543,0],[28.743826,50.96655,0],[28.739615,50.968221,0],[28.736145,50.969488,0],[28.733799,50.970204,0],[28.730629,50.970893,0],[28.729002,50.97122,0],[28.727744,50.971432,0],[28.726309,50.971698,0],[28.725789,50.971816,0],[28.722521,50.972481,0],[28.718315,50.973316,0],[28.701831,50.976395,0],[28.699344,50.976872,0],[28.697532,50.977251,0],[28.696743,50.97744,0],[28.695174,50.97785,0],[28.693164,50.978403,0],[28.689419,50.979461,0],[28.677776,50.982794,0],[28.667883,50.985588,0],[28.66648,50.986006,0],[28.663466,50.987053,0],[28.661453,50.987831,0],[28.659926,50.988397,0],[28.657163,50.989378,0],[28.649741,50.992105,0],[28.644401,50.99404,0],[28.641659,50.995062,0],[28.635551,50.997305,0],[28.623816,51.001589,0],[28.622604,51.001999,0],[28.622082,51.002153,0],[28.620833,51.002491,0],[28.620032,51.00269,0],[28.618907,51.00294,0],[28.61672,51.003329,0],[28.605239,51.005036,0],[28.599324,51.005887,0],[28.597915,51.006071,0],[28.596899,51.006151,0],[28.595292,51.006252,0],[28.594136,51.006287,0],[28.592321,51.00627,0],[28.588975,51.006111,0],[28.587232,51.005985,0],[28.582298,51.0057,0],[28.567301,51.004845,0],[28.559715,51.004451,0],[28.547761,51.00376,0],[28.544381,51.003544,0],[28.543633,51.003513,0],[28.54291,51.003519,0],[28.542547,51.003508,0],[28.542,51.00354,0],[28.54163,51.003578,0],[28.540694,51.003711,0],[28.540104,51.003829,0],[28.539627,51.003936,0],[28.537292,51.004678,0],[28.536483,51.005009,0],[28.535571,51.005313,0],[28.524633,51.008868,0],[28.522847,51.009472,0],[28.5215,51.009863,0],[28.511823,51.012874,0],[28.481337,51.022772,0],[28.477233,51.024067,0],[28.47467,51.02493,0],[28.461721,51.029124,0],[28.453257,51.031825,0],[28.44059,51.035909,0],[28.426516,51.040494,0],[28.41269,51.045045,0],[28.409336,51.046035,0],[28.406074,51.047114,0],[28.399637,51.049205,0],[28.393092,51.051269,0],[28.386805,51.05336,0],[28.3807,51.055336,0],[28.37761,51.056307,0],[28.374574,51.057197,0],[28.371677,51.057918,0],[28.368695,51.058593,0],[28.362665,51.059766,0],[28.35037,51.062193,0],[28.31122,51.069839,0],[28.310781,51.070035,0],[28.301168,51.071936,0],[28.288915,51.074288,0],[28.282778,51.075515,0],[28.277092,51.076607,0],[28.276582,51.076641,0],[28.271507,51.077838,0],[28.238951,51.087155,0],[28.233054,51.088823,0],[28.229967,51.089588,0],[28.220003,51.091485,0],[28.189564,51.097115,0],[28.180576,51.098806,0],[28.125622,51.109309,0],[28.118949,51.11054,0],[28.117125,51.110686,0],[28.115698,51.110696,0],[28.113562,51.110598,0],[28.111503,51.110271,0],[28.109406,51.109773,0],[28.106461,51.108462,0],[28.09805,51.103189,0],[28.093434,51.100535,0],[28.078394,51.091563,0],[28.070025,51.086549,0],[28.068813,51.085841,0],[28.06744,51.085134,0],[28.06582,51.084399,0],[28.06405,51.083698,0],[28.062526,51.083199,0],[28.061078,51.082781,0],[28.059447,51.08239,0],[28.058031,51.082101,0],[28.056743,51.081872,0],[28.053793,51.081535,0],[28.052527,51.081447,0],[28.051175,51.0814,0],[28.030211,51.081171,0],[28.024132,51.081131,0],[28.020963,51.081168,0],[28.017309,51.081421,0],[28.005311,51.08221,0],[28.00062,51.082565,0],[27.992915,51.08306,0],[27.9813,51.08408,0],[27.975379,51.084453,0],[27.972461,51.084694,0],[27.969758,51.084975,0],[27.967333,51.085326,0],[27.96523,51.085759,0],[27.960235,51.086856,0],[27.91229,51.097668,0],[27.895136,51.101307,0],[27.877632,51.105797,0],[27.864584,51.109773,0],[27.803821,51.127971,0],[27.74117,51.147018,0],[27.706151,51.157489,0],[27.682371,51.164699,0],[27.670698,51.168045,0],[27.660736,51.168819,0],[27.585548,51.16856,0],[27.576627,51.16925,0],[27.544607,51.17337,0],[27.471013,51.182975,0],[27.436494,51.187434,0],[27.405653,51.191426,0],[27.402209,51.191895,0],[27.397713,51.192412,0],[27.397066,51.192462,0],[27.396102,51.192491,0],[27.3945,51.192453,0],[27.392635,51.192303,0],[27.368132,51.189584,0],[27.35492,51.18818,0],[27.349419,51.188516,0],[27.344271,51.189707,0],[27.331118,51.193602,0],[27.31751,51.197658,0],[27.28004,51.208524,0],[27.242489,51.219371,0],[27.183271,51.236629,0],[27.160778,51.243126,0],[27.138333,51.249654,0],[27.133999,51.250742,0],[27.129579,51.251642,0],[27.120609,51.253549,0],[27.111597,51.255375,0],[27.087286,51.260357,0],[27.062974,51.265298,0],[27.057803,51.266413,0],[27.052631,51.267621,0],[27.041538,51.271407,0],[27.013412,51.281429,0],[27.008708,51.282816,0],[27.006369,51.283421,0],[27.003965,51.283957,0],[26.998037,51.28469,0],[26.99307,51.28487,0],[26.980255,51.284226,0],[26.978855,51.28398,0],[26.968324,51.283421,0],[26.957896,51.282803,0],[26.947424,51.282239,0],[26.939077,51.281877,0],[26.93073,51.281421,0],[26.912899,51.280521,0],[26.903973,51.280092,0],[26.895051,51.279537,0],[26.893802,51.279555,0],[26.881185,51.278857,0],[26.867323,51.278226,0],[26.862023,51.27832,0],[26.856787,51.278642,0],[26.854963,51.278911,0],[26.853139,51.27922,0],[26.849636,51.279888,0],[26.843247,51.281689,0],[26.837218,51.283528,0],[26.79486,51.296585,0],[26.792285,51.29751,0],[26.79014,51.298423,0],[26.784196,51.301066,0],[26.767459,51.30882,0],[26.764047,51.310429,0],[26.759434,51.312522,0],[26.748984,51.317363,0],[26.746151,51.318584,0],[26.744714,51.319053,0],[26.743448,51.319455,0],[26.741474,51.319978,0],[26.740485,51.320124,0],[26.739591,51.320215,0],[26.737944,51.320344,0],[26.735928,51.320397,0],[26.735345,51.320402,0],[26.733614,51.320376,0],[26.73082,51.320249,0],[26.729398,51.320225,0],[26.727375,51.320105,0],[26.722507,51.319852,0],[26.718339,51.319677,0],[26.715574,51.319536,0],[26.712366,51.319496,0],[26.675075,51.317596,0],[26.674144,51.317565,0],[26.651541,51.31842,0],[26.634688,51.319081,0],[26.633606,51.319109,0],[26.632206,51.319101,0],[26.631161,51.319046,0],[26.63013,51.318932,0],[26.62895,51.318718,0],[26.627297,51.318316,0],[26.624401,51.317451,0],[26.623596,51.317243,0],[26.622974,51.317209,0],[26.622741,51.317265,0],[26.622578,51.317277,0],[26.622341,51.317243,0],[26.622193,51.317192,0],[26.622075,51.317118,0],[26.621998,51.317024,0],[26.621967,51.316921,0],[26.621727,51.316702,0],[26.621494,51.316603,0],[26.619427,51.316014,0],[26.614048,51.314412,0],[26.612886,51.314087,0],[26.612349,51.313903,0],[26.611709,51.313646,0],[26.61078,51.313187,0],[26.608487,51.311921,0],[26.605504,51.310198,0],[26.604221,51.309541,0],[26.602768,51.308938,0],[26.602135,51.308743,0],[26.601418,51.308562,0],[26.600003,51.308239,0],[26.597175,51.30766,0],[26.589406,51.306262,0],[26.584187,51.305428,0],[26.560918,51.30114,0],[26.550202,51.299133,0],[26.548665,51.298899,0],[26.547891,51.298841,0],[26.547356,51.29885,0],[26.546059,51.298934,0],[26.54419,51.299165,0],[26.543071,51.29926,0],[26.542181,51.299247,0],[26.53939,51.29882,0],[26.538291,51.298691,0],[26.537046,51.298396,0],[26.532304,51.29684,0],[26.530116,51.296008,0],[26.527841,51.295216,0],[26.525073,51.294331,0],[26.522112,51.293539,0],[26.519966,51.29323,0],[26.51782,51.293123,0],[26.515224,51.293163,0],[26.512756,51.293405,0],[26.503766,51.294425,0],[26.49491,51.2955,0],[26.493717,51.295609,0],[26.493096,51.295627,0],[26.491995,51.295617,0],[26.488881,51.295466,0],[26.48734,51.295315,0],[26.482565,51.294693,0],[26.480076,51.294116,0],[26.477759,51.293364,0],[26.476042,51.292586,0],[26.474755,51.291902,0],[26.473596,51.291204,0],[26.470485,51.28907,0],[26.469026,51.28797,0],[26.467309,51.287031,0],[26.466408,51.286615,0],[26.465228,51.286319,0],[26.445937,51.283729,0],[26.44281,51.283489,0],[26.435852,51.284226,0],[26.428964,51.284991,0],[26.422027,51.28572,0],[26.39079,51.28907,0],[26.384053,51.289701,0],[26.38135,51.289876,0],[26.378732,51.289634,0],[26.377552,51.289473,0],[26.376307,51.289232,0],[26.373925,51.288601,0],[26.371265,51.287702,0],[26.368539,51.286534,0],[26.365063,51.285192,0],[26.360343,51.283327,0],[26.355316,51.281001,0],[26.350418,51.279025,0],[26.347811,51.278038,0],[26.345472,51.277085,0],[26.342479,51.275998,0],[26.340129,51.275313,0],[26.337941,51.274964,0],[26.335731,51.274696,0],[26.297321,51.271233,0],[26.292408,51.270803,0],[26.290884,51.270575,0],[26.281056,51.269997,0],[26.271229,51.269595,0],[26.261401,51.269138,0],[26.22694,51.2677,0],[26.219301,51.26839,0],[26.180591,51.27396,0],[26.176391,51.273788,0],[26.170549,51.272678,0],[26.14841,51.267181,0],[26.11349,51.258708,0],[26.111838,51.258295,0],[26.109334,51.257755,0],[26.105725,51.257165,0],[26.103692,51.256935,0],[26.09622,51.256198,0],[26.077171,51.25439,0],[26.063004,51.254046,0],[26.056202,51.253909,0],[26.040843,51.253618,0],[26.020461,51.253257,0],[26.017508,51.253302,0],[26.015362,51.253384,0],[25.998287,51.254478,0],[25.993572,51.254566,0],[25.989698,51.25431,0],[25.961165,51.251145,0],[25.958644,51.250947,0],[25.956139,51.250695,0],[25.951171,51.250161,0],[25.948666,51.249906,0],[25.943613,51.249469,0],[25.942342,51.249385,0],[25.94106,51.249345,0],[25.938265,51.249389,0],[25.929859,51.249607,0],[25.874037,51.250923,0],[25.852118,51.25138,0],[25.849173,51.251272,0],[25.828557,51.250245,0],[25.769886,51.247356,0],[25.739513,51.244882,0],[25.718614,51.243153,0],[25.715637,51.242947,0],[25.71473,51.242909,0],[25.714315,51.242906,0],[25.711994,51.242942,0],[25.710302,51.243037,0],[25.708896,51.243145,0],[25.707205,51.243371,0],[25.690777,51.246,0],[25.672553,51.248964,0],[25.637545,51.254586,0],[25.620337,51.257473,0],[25.611764,51.258836,0],[25.607477,51.259484,0],[25.602998,51.260064,0],[25.592304,51.261376,0],[25.583453,51.262524,0],[25.581615,51.262683,0],[25.578759,51.262701,0],[25.553319,51.261794,0],[25.543033,51.261479,0],[25.53574,51.261183,0],[25.532978,51.261042,0],[25.53169,51.260962,0],[25.521863,51.260679,0],[25.510318,51.26025,0],[25.487509,51.259431,0],[25.47251,51.25884,0],[25.457897,51.25837,0],[25.455794,51.25841,0],[25.443027,51.257927,0],[25.428844,51.257323,0],[25.4282,51.257255,0],[25.401167,51.256532,0],[25.387544,51.25613,0],[25.380635,51.255889,0],[25.373855,51.255675,0],[25.35991,51.25534,0],[25.353002,51.255394,0],[25.348771,51.255335,0],[25.339042,51.255283,0],[25.312028,51.255201,0],[25.301857,51.255039,0],[25.28585,51.254153,0],[25.269885,51.253159,0],[25.256495,51.252192,0],[25.243235,51.251252,0],[25.228515,51.250849,0],[25.21387,51.25042,0],[25.212936,51.250446,0],[25.211177,51.25042,0],[25.206027,51.250218,0],[25.202937,51.250124,0],[25.200448,51.24999,0],[25.197294,51.249748,0],[25.192852,51.249251,0],[25.185492,51.248203,0],[25.178154,51.247129,0],[25.163498,51.244913,0],[25.140002,51.242065,0],[25.139508,51.242038,0],[25.132513,51.241205,0],[25.118351,51.239445,0],[25.097301,51.235442,0],[25.090241,51.234112,0],[25.077474,51.231653,0],[25.065222,51.229342,0],[25.062218,51.228818,0],[25.059385,51.228495,0],[25.058638,51.228385,0],[25.052605,51.227703,0],[25.045931,51.22691,0],[25.045395,51.226789,0],[25.041511,51.226251,0],[25.037649,51.225808,0],[25.031144,51.22503,0],[25.028969,51.224726,0],[25.025764,51.224251,0],[25.022762,51.223762,0],[25.008898,51.221691,0],[25.007367,51.221434,0],[25.004304,51.220889,0],[24.999991,51.220096,0],[24.995785,51.219357,0],[24.987367,51.217834,0],[24.98526,51.217471,0],[24.983146,51.217183,0],[24.978919,51.216696,0],[24.974197,51.216243,0],[24.966463,51.215383,0],[24.9589,51.214308,0],[24.946592,51.21253,0],[24.8976,51.205036,0],[24.871501,51.201179,0],[24.864458,51.200149,0],[24.858799,51.199981,0],[24.833795,51.201091,0],[24.830566,51.201324,0],[24.824306,51.201637,0],[24.817567,51.201957,0],[24.816703,51.201984,0],[24.794876,51.203037,0],[24.79412,51.20306,0],[24.792987,51.20306,0],[24.791217,51.203006,0],[24.789587,51.202919,0],[24.787999,51.202772,0],[24.786931,51.202647,0],[24.786051,51.202509,0],[24.784665,51.202265,0],[24.78294,51.20191,0],[24.781989,51.201668,0],[24.779902,51.201057,0],[24.779068,51.20078,0],[24.777731,51.200266,0],[24.77585,51.19945,0],[24.775168,51.199115,0],[24.773738,51.198347,0],[24.773147,51.197978,0],[24.771594,51.196953,0],[24.766988,51.193755,0],[24.762483,51.190558,0],[24.761295,51.189836,0],[24.760565,51.189455,0],[24.759632,51.189026,0],[24.758833,51.188729,0],[24.757918,51.188412,0],[24.757022,51.188168,0],[24.756051,51.187954,0],[24.750089,51.186878,0],[24.747914,51.186522,0],[24.745078,51.186012,0],[24.74367,51.185835,0],[24.742913,51.185796,0],[24.74194,51.185761,0],[24.740981,51.185769,0],[24.739864,51.185847,0],[24.737851,51.186114,0],[24.736731,51.186338,0],[24.73553,51.186658,0],[24.727397,51.189609,0],[24.713197,51.194732,0],[24.712318,51.195037,0],[24.711959,51.195178,0],[24.702968,51.198427,0],[24.702122,51.198718,0],[24.701152,51.198991,0],[24.70041,51.199163,0],[24.69855,51.199475,0],[24.695017,51.199812,0],[24.68748,51.20045,0],[24.678813,51.20122,0],[24.674643,51.20155,0],[24.671358,51.201847,0],[24.670603,51.2019,0],[24.664129,51.202464,0],[24.662583,51.20261,0],[24.661109,51.202724,0],[24.656861,51.203106,0],[24.656321,51.203126,0],[24.656239,51.20316,0],[24.655369,51.203223,0],[24.650112,51.203672,0],[24.627569,51.205606,0],[24.622803,51.206038,0],[24.619384,51.206307,0],[24.604863,51.207542,0],[24.603244,51.207703,0],[24.602331,51.207806,0],[24.60158,51.207914,0],[24.599964,51.208177,0],[24.591892,51.209562,0],[24.587305,51.210307,0],[24.577774,51.211928,0],[24.577311,51.211952,0],[24.576788,51.21208,0],[24.575999,51.212207,0],[24.569936,51.213275,0],[24.568605,51.213484,0],[24.56735,51.213631,0],[24.565215,51.213779,0],[24.540871,51.213921,0],[24.516184,51.214015,0],[24.459271,51.214262,0],[24.449086,51.21433,0],[24.403106,51.214502,0],[24.397717,51.214532,0],[24.390207,51.214613,0],[24.383635,51.214656,0],[24.380465,51.214693,0],[24.363706,51.214828,0],[24.363095,51.214782,0],[24.357328,51.214828,0],[24.351454,51.214833,0],[24.348616,51.214781,0],[24.345553,51.214693,0],[24.314756,51.213766,0],[24.249305,51.211716,0],[24.236598,51.211333,0],[24.205155,51.21019,0],[24.181638,51.209223,0],[24.175663,51.20889,0],[24.175718,51.208933,0],[24.175785,51.208954,0],[24.176735,51.209001,0],[24.176863,51.209031,0],[24.176853,51.209068,0],[24.122672,51.206134,0],[24.112281,51.205596,0],[24.091864,51.204487,0],[24.085604,51.204161,0],[24.068014,51.203196,0],[24.058557,51.202654,0],[24.053161,51.202396,0],[24.052978,51.20243,0],[24.048879,51.20224,0],[24.048579,51.202225,0],[24.048458,51.202167,0],[24.04688,51.202082,0],[24.033597,51.201355,0],[24.031823,51.201297,0],[24.030053,51.201306,0],[24.028779,51.201363,0],[24.027577,51.201454,0],[24.022808,51.201865,0],[24.01886,51.202218,0],[24.017057,51.202366,0],[24.015684,51.202457,0],[24.014928,51.202487,0],[24.013576,51.202514,0],[24.012315,51.202501,0],[23.980684,51.201762,0],[23.978257,51.201667,0],[23.975649,51.201492,0],[23.974958,51.201442,0],[23.971165,51.201079,0],[23.966225,51.200631,0],[23.950158,51.199065,0],[23.949487,51.199015,0],[23.948286,51.198975,0],[23.9471,51.199018,0],[23.946054,51.199126,0],[23.944606,51.199378,0],[23.943747,51.199583,0],[23.94291,51.199845,0],[23.942449,51.200013,0],[23.941451,51.200427,0],[23.932396,51.204857,0],[23.931865,51.205095,0],[23.931323,51.205307,0],[23.930755,51.205499,0],[23.93032,51.20563,0],[23.929339,51.205885,0],[23.928888,51.205976,0],[23.927853,51.206127,0],[23.926576,51.206205,0],[23.925964,51.206221,0],[23.925278,51.206211,0],[23.924103,51.206144,0],[23.923566,51.20609,0],[23.902091,51.203266,0],[23.898536,51.202818,0],[23.891507,51.20188,0],[23.856575,51.197285,0],[23.847611,51.19612,0],[23.841421,51.195291,0],[23.839821,51.195131,0],[23.837344,51.194965,0],[23.828566,51.194452,0],[23.822941,51.194106,0],[23.821335,51.193904,0],[23.82056,51.193749,0],[23.81927,51.193387,0],[23.818191,51.193018,0],[23.817234,51.1926,0],[23.816489,51.192189,0],[23.815952,51.191826,0],[23.814446,51.190729,0],[23.812469,51.189246,0],[23.811262,51.189101,0],[23.81115,51.189047,0],[23.810753,51.188755,0],[23.810581,51.188704,0],[23.810018,51.188634,0],[23.809771,51.188563,0],[23.809637,51.188506,0],[23.80924,51.18818,0],[23.809224,51.188102,0],[23.80924,51.188025,0],[23.809304,51.187948,0],[23.809878,51.187655,0],[23.80998,51.187558,0],[23.809696,51.187285,0],[23.8092,51.186863,0],[23.808506,51.186176,0],[23.807778,51.185394,0],[23.806865,51.184346,0],[23.806555,51.184088,0],[23.806008,51.183726,0],[23.804038,51.182543,0],[23.803742,51.182262,0],[23.803523,51.181972,0],[23.803172,51.181594,0],[23.801359,51.180022,0],[23.800499,51.179217,0],[23.800289,51.179095,0],[23.799545,51.178794,0],[23.799461,51.178827,0],[23.799378,51.178829,0],[23.797055,51.177979,0],[23.797129,51.177886,0],[23.799429,51.178721,0],[23.799536,51.178739,0],[23.800023,51.178887,0],[23.800562,51.179091,0],[23.801798,51.179708,0],[23.802216,51.179965,0],[23.802863,51.180404,0],[23.803805,51.181259,0],[23.804105,51.181482,0],[23.804364,51.181657,0],[23.804742,51.181832,0],[23.804861,51.181915,0],[23.806625,51.183839,0]]},"properties":{"name":"М 07","tessellate":true}},
{"type":"Feature","geometry":{"type":"LineString","coordinates":[[30.187331,50.544,0],[30.201587,50.54932,0],[30.206358,50.551152,0],[30.212478,50.553443,0],[30.215547,50.55461,0],[30.217024,50.555146,0],[30.219508,50.55608,0],[30.219843,50.556201,0],[30.220037,50.556254,0],[30.220369,50.556276,0],[30.220551,50.556264,0],[30.227265,50.555146,0],[30.227919,50.555061,0],[30.228446,50.555038,0],[30.257008,50.554833,0],[30.260626,50.554764,0],[30.272248,50.554676,0],[30.273326,50.554651,0],[30.273883,50.554618,0],[30.274476,50.55456,0],[30.275491,50.554437,0],[30.276141,50.554323,0],[30.278258,50.553871,0],[30.279047,50.553675,0],[30.280007,50.553478,0],[30.280986,50.553251,0],[30.281276,50.553208,0],[30.281649,50.553185,0],[30.282118,50.553178,0],[30.282588,50.553193,0],[30.288907,50.553725,0],[30.290801,50.553839,0],[30.291962,50.553856,0],[30.292525,50.553824,0],[30.292885,50.553781,0],[30.295186,50.553205,0],[30.295661,50.553002,0],[30.295875,50.552866,0],[30.296586,50.552287,0],[30.297442,50.551455,0],[30.29767,50.551259,0],[30.298158,50.550887,0],[30.300372,50.549304,0],[30.300845,50.548972,0],[30.301363,50.54866,0],[30.303825,50.547257,0],[30.306319,50.545759,0],[30.311688,50.542645,0],[30.326404,50.534178,0],[30.328376,50.533076,0],[30.332536,50.530682,0],[30.336513,50.52835,0],[30.342822,50.524692,0],[30.345142,50.523306,0],[30.350499,50.520194,0],[30.352148,50.519109,0],[30.352414,50.518959,0],[30.354696,50.517898,0],[30.355131,50.517738,0],[30.357236,50.517082,0],[30.358677,50.516656,0]]},"properties":{"name":"М07","tessellate":true}},
{"type":"Feature","geometry":{"type":"LineString","coordinates":[[30.453507,50.367056,0],[30.449794,50.364634,0],[30.448066,50.363456,0],[30.44528,50.361606,0],[30.4437,50.360507,0],[30.439048,50.357376,0],[30.433809,50.353917,0],[30.431002,50.352003,0],[30.429894,50.351278,0],[30.425375,50.348194,0],[30.42441,50.34758,0],[30.423624,50.347048,0],[30.421579,50.345727,0],[30.415808,50.341771,0],[30.414748,50.341085,0],[30.404207,50.333991,0],[30.399663,50.330957,0],[30.397947,50.329688,0],[30.397148,50.329055,0],[30.396139,50.328192,0],[30.394899,50.327018,0],[30.393927,50.326,0],[30.393372,50.325369,0],[30.387078,50.317414,0],[30.383341,50.31262,0],[30.381332,50.310092,0],[30.380801,50.309459,0],[30.380265,50.308853,0],[30.379341,50.307907,0],[30.378185,50.306826,0],[30.377129,50.305919,0],[30.376232,50.3052,0],[30.374159,50.303727,0],[30.371553,50.302127,0],[30.368266,50.300167,0],[30.367439,50.299658,0],[30.364481,50.297743,0],[30.35692,50.292794,0],[30.355155,50.291627,0],[30.354227,50.290962,0],[30.353798,50.290606,0],[30.353122,50.289917,0],[30.347848,50.283929,0],[30.346296,50.282127,0],[30.345885,50.2816,0],[30.345284,50.280643,0],[30.344954,50.280076,0],[30.34286,50.276324,0],[30.342693,50.27597,0],[30.342495,50.275679,0],[30.33657,50.265102,0],[30.336288,50.264659,0],[30.336004,50.264309,0],[30.335736,50.264018,0],[30.335293,50.263603,0],[30.335017,50.263391,0],[30.334791,50.263229,0],[30.334051,50.26279,0],[30.333534,50.262531,0],[30.332984,50.262317,0],[30.332012,50.262001,0],[30.331449,50.261848,0],[30.330913,50.261741,0],[30.330274,50.261657,0],[30.329587,50.261596,0],[30.328918,50.261569,0],[30.326107,50.261569,0],[30.325033,50.26155,0],[30.323961,50.261569,0],[30.320892,50.261487,0],[30.319541,50.261381,0],[30.31866,50.261274,0],[30.317394,50.261036,0],[30.316858,50.260907,0],[30.316408,50.260777,0],[30.316019,50.260651,0],[30.315313,50.260391,0],[30.314004,50.259834,0],[30.313339,50.25951,0],[30.310684,50.258045,0],[30.309841,50.257667,0],[30.30924,50.257408,0],[30.305292,50.255798,0],[30.302074,50.254531,0],[30.29437,50.25172,0],[30.29112,50.250572,0],[30.287611,50.249271,0],[30.28333,50.247715,0],[30.282278,50.247276,0],[30.281602,50.246967,0],[30.281206,50.246776,0],[30.280944,50.246608,0],[30.280519,50.246276,0],[30.279983,50.245773,0],[30.279619,50.245338,0],[30.278959,50.24443,0],[30.276512,50.240726,0],[30.273395,50.235874,0],[30.271776,50.233444,0],[30.270708,50.231998,0],[30.269382,50.230545,0],[30.267446,50.228771,0],[30.252222,50.215671,0],[30.251268,50.214881,0],[30.250007,50.213756,0],[30.249647,50.21347,0],[30.240217,50.205356,0],[30.235893,50.201671,0],[30.23011,50.196655,0],[30.22372,50.191158,0],[30.222375,50.189979,0],[30.221393,50.189075,0],[30.220111,50.187725,0],[30.219591,50.187114,0],[30.219236,50.186641,0],[30.218849,50.186065,0],[30.218647,50.185695,0],[30.218206,50.184661,0],[30.218002,50.184032,0],[30.217847,50.183132,0],[30.217788,50.18169,0],[30.217815,50.181282,0],[30.217987,50.180294,0],[30.218132,50.179725,0],[30.218538,50.178512,0],[30.218845,50.177703,0],[30.219419,50.176315,0],[30.220373,50.17414,0],[30.220937,50.172729,0],[30.221876,50.170589,0],[30.222702,50.168567,0],[30.224439,50.164497,0],[30.225238,50.162784,0],[30.225748,50.161815,0],[30.226585,50.160484,0],[30.227443,50.159282,0],[30.22826,50.158359,0],[30.229053,50.157501,0],[30.230318,50.15628,0],[30.231687,50.155014,0],[30.232658,50.154174,0],[30.234643,50.152393,0],[30.235366,50.151676,0],[30.235946,50.151058,0],[30.236337,50.150596,0],[30.236982,50.149692,0],[30.237497,50.148788,0],[30.237916,50.14783,0],[30.238006,50.147502,0],[30.238131,50.14678,0]]},"properties":{"name":"М05","tessellate":true}},
{"type":"Feature","geometry":{"type":"LineString","coordinates":[[30.256162,48.80551,0],[30.256431,48.813081,0],[30.256647,48.819933,0],[30.256772,48.822833,0],[30.256786,48.824367,0],[30.256839,48.826477,0],[30.256903,48.827735,0],[30.257096,48.833885,0],[30.257133,48.834271,0],[30.257142,48.835278,0],[30.257211,48.836662,0],[30.258783,48.8543,0],[30.259051,48.856919,0],[30.259438,48.860023,0],[30.259548,48.860152,0],[30.259675,48.860721,0],[30.259835,48.861694,0],[30.26051,48.8663,0],[30.259641,48.866305,0],[30.259411,48.86432,0],[30.259126,48.860879,0],[30.259196,48.860402,0],[30.259256,48.860146,0],[30.258896,48.857328,0],[30.258676,48.855267,0],[30.258338,48.851617,0],[30.258088,48.848424,0],[30.257557,48.842385,0],[30.257327,48.840034,0],[30.25697,48.835865,0],[30.256547,48.821814,0],[30.256235,48.813801,0],[30.256023,48.80698,0],[30.255678,48.797332,0],[30.255687,48.795597,0],[30.255821,48.794083,0],[30.256449,48.790128,0],[30.25673,48.788183,0],[30.257168,48.785599,0],[30.257251,48.784954,0],[30.257855,48.779263,0],[30.258062,48.777437,0],[30.258343,48.77524,0],[30.258515,48.773053,0],[30.259615,48.762812,0],[30.259851,48.760427,0],[30.259861,48.759266,0],[30.25984,48.75848,0],[30.259698,48.757076,0],[30.25918,48.753554,0],[30.2591,48.752754,0],[30.258208,48.747015,0],[30.257892,48.744708,0],[30.257833,48.743715,0],[30.25781,48.742922,0],[30.257877,48.740565,0],[30.257872,48.740117,0],[30.257911,48.739309,0],[30.257916,48.738375,0],[30.25788,48.737319,0],[30.257777,48.736224,0],[30.257542,48.734675,0],[30.257347,48.733871,0],[30.256843,48.732202,0],[30.254505,48.724901,0],[30.253982,48.723381,0],[30.253631,48.722221,0],[30.252723,48.719705,0],[30.251588,48.715694,0],[30.250958,48.713647,0],[30.249567,48.709455,0],[30.246202,48.698882,0],[30.245934,48.698107,0],[30.244341,48.6931,0],[30.244034,48.692243,0],[30.242982,48.688775,0],[30.242375,48.686934,0],[30.241901,48.68541,0],[30.241487,48.683891,0],[30.241311,48.683098,0],[30.2411,48.681564,0],[30.240795,48.678465,0],[30.239253,48.658847,0],[30.237114,48.633224,0],[30.236316,48.624488,0],[30.236172,48.623115,0],[30.23615,48.622619,0],[30.235952,48.620262,0],[30.235298,48.612968,0],[30.2324,48.579433,0],[30.231727,48.572254,0],[30.231119,48.565086,0],[30.230239,48.555084,0],[30.22982,48.549953,0],[30.229227,48.544315,0],[30.228939,48.541828,0],[30.228179,48.532588,0],[30.227986,48.530617,0],[30.226936,48.518047,0],[30.226907,48.517436,0],[30.22693,48.515907,0],[30.227092,48.514396,0],[30.227565,48.510501,0],[30.232025,48.474548,0],[30.2325,48.470569,0],[30.232664,48.469036,0],[30.234275,48.456401,0],[30.237138,48.433177,0],[30.237628,48.430137,0],[30.238147,48.427177,0],[30.239168,48.421714,0],[30.24274,48.401512,0],[30.243509,48.397274,0],[30.244384,48.392913,0],[30.245321,48.388011,0],[30.245893,48.384658,0],[30.246393,48.381954,0],[30.252079,48.349826,0],[30.25321,48.343574,0],[30.254081,48.338512,0],[30.254982,48.333435,0],[30.255294,48.332019,0],[30.255947,48.329669,0],[30.256729,48.326702,0],[30.260143,48.314334,0],[30.262176,48.306747,0],[30.27087,48.275001,0],[30.274665,48.261077,0],[30.276128,48.255622,0],[30.280267,48.2406,0],[30.284217,48.22615,0],[30.285396,48.221946,0],[30.288373,48.211074,0],[30.288898,48.209178,0],[30.289058,48.208675,0],[30.297117,48.179553,0],[30.302082,48.161403,0],[30.302566,48.159469,0],[30.302732,48.158672,0],[30.303018,48.156963,0],[30.303251,48.154979,0],[30.303377,48.152999,0],[30.303422,48.151378,0],[30.303396,48.150539,0],[30.303277,48.148962,0],[30.303113,48.147495,0],[30.302721,48.143505,0],[30.302524,48.14183,0],[30.30203,48.136825,0],[30.301847,48.135192,0],[30.299655,48.113742,0],[30.299608,48.112964,0],[30.299543,48.110908,0],[30.299291,48.108402,0],[30.297666,48.092769,0],[30.297361,48.090057,0],[30.296714,48.083858,0],[30.294242,48.059654,0],[30.29416,48.057826,0],[30.294151,48.056819,0],[30.294185,48.055854,0],[30.294265,48.054683,0],[30.294412,48.053382,0],[30.294649,48.051971,0],[30.294857,48.050899,0],[30.297405,48.039741,0],[30.297567,48.038902,0],[30.306295,48.000049,0],[30.307401,47.995636,0],[30.308006,47.993049,0],[30.309555,47.9859,0],[30.309814,47.984005,0],[30.310062,47.981006,0],[30.30989,47.973758,0],[30.309438,47.964885,0],[30.308431,47.943069,0],[30.308277,47.939342,0],[30.308506,47.935749,0],[30.30886,47.933364,0],[30.311874,47.920406,0],[30.313333,47.916027,0],[30.313505,47.914997,0],[30.313934,47.911735,0],[30.313865,47.908828,0],[30.313634,47.907096,0],[30.313358,47.905937,0],[30.310693,47.897374,0],[30.304169,47.872292,0],[30.303896,47.871387,0],[30.303543,47.869944,0],[30.302962,47.867855,0],[30.301756,47.863224,0],[30.30024,47.857554,0],[30.3,47.856398,0],[30.299807,47.855202,0],[30.299696,47.853998,0],[30.299622,47.851887,0],[30.29959,47.851434,0],[30.299386,47.849872,0],[30.299281,47.849311,0],[30.299112,47.848552,0],[30.298899,47.847753,0],[30.29799,47.844383,0],[30.297768,47.843627,0],[30.297616,47.843187,0],[30.295974,47.83694,0],[30.295335,47.835136,0],[30.29504,47.834461,0],[30.294408,47.833156,0],[30.293758,47.831989,0],[30.293485,47.831543,0],[30.292991,47.830791,0],[30.292209,47.829719,0],[30.29099,47.828216,0],[30.27839,47.814014,0],[30.27728,47.812858,0],[30.275905,47.811534,0],[30.274757,47.810466,0],[30.272306,47.808258,0],[30.270687,47.806724,0],[30.269157,47.805313,0],[30.26852,47.804687,0],[30.267978,47.804119,0],[30.267173,47.803215,0],[30.266191,47.801994,0],[30.26551,47.801078,0],[30.265016,47.800308,0],[30.264179,47.798809,0],[30.263799,47.798046,0],[30.26346,47.797302,0],[30.262962,47.796058,0],[30.262737,47.795345,0],[30.262592,47.79478,0],[30.262092,47.792167,0],[30.261888,47.790946,0],[30.261846,47.790432,0],[30.261819,47.789672,0],[30.261835,47.789009,0],[30.261932,47.787822,0],[30.262125,47.786476,0],[30.262399,47.785194,0],[30.262548,47.784622,0],[30.262746,47.784034,0],[30.263336,47.782474,0],[30.265649,47.776542,0],[30.267929,47.770782,0],[30.271287,47.762172,0],[30.272232,47.759796,0],[30.272666,47.758678,0],[30.273675,47.755931,0],[30.279758,47.737842,0],[30.280578,47.735488,0],[30.283212,47.727588,0],[30.286758,47.71714,0],[30.288501,47.711879,0],[30.290212,47.706848,0],[30.295158,47.692134,0],[30.297874,47.683986,0],[30.298635,47.681457,0],[30.299301,47.679107,0],[30.302057,47.669754,0],[30.304729,47.660514,0],[30.30665,47.654006,0],[30.310565,47.640483,0],[30.311006,47.6389,0],[30.31121,47.637931,0],[30.311435,47.636409,0],[30.311525,47.635166,0],[30.311531,47.634079,0],[30.311407,47.631492,0],[30.311262,47.629413,0],[30.311231,47.628646,0],[30.311101,47.626983,0],[30.311059,47.625995,0],[30.310882,47.623622,0],[30.31063,47.619155,0],[30.310432,47.611652,0],[30.310546,47.610404,0],[30.310552,47.608604,0],[30.310481,47.606821,0],[30.310319,47.60425,0],[30.310166,47.602732,0],[30.309867,47.601158,0],[30.309648,47.597869,0],[30.309568,47.596076,0],[30.309391,47.590751,0],[30.309284,47.586818,0],[30.309192,47.582325,0],[30.309127,47.577716,0],[30.309154,47.576332,0],[30.30924,47.575267,0],[30.309379,47.57405,0],[30.309724,47.572261,0],[30.310747,47.568107,0],[30.311445,47.565383,0],[30.311676,47.564228,0],[30.311719,47.56372,0],[30.311725,47.562957,0],[30.311622,47.562126,0],[30.311306,47.560581,0],[30.31121,47.559867,0],[30.311187,47.55912,0],[30.311231,47.558448,0],[30.311285,47.558048,0],[30.31167,47.556304,0],[30.311805,47.555805,0],[30.312507,47.552749,0],[30.31328,47.549518,0],[30.313495,47.548725,0],[30.313758,47.548011,0],[30.313993,47.54747,0],[30.314197,47.547096,0],[30.314487,47.546611,0],[30.314712,47.546276,0],[30.315206,47.545635,0],[30.316204,47.544502,0],[30.316762,47.543834,0],[30.317491,47.54277,0],[30.317781,47.542217,0],[30.318027,47.541641,0],[30.318788,47.539527,0],[30.324823,47.516841,0],[30.32616,47.511844,0],[30.326358,47.51118,0],[30.327077,47.508354,0],[30.328714,47.502159,0],[30.328832,47.50167,0],[30.328981,47.500911,0],[30.329309,47.498771,0],[30.329454,47.497379,0],[30.329513,47.496536,0],[30.329523,47.494598,0],[30.329507,47.493675,0],[30.329441,47.492607,0],[30.329357,47.491767,0],[30.329072,47.489776,0],[30.328718,47.488021,0],[30.32859,47.487487,0],[30.326089,47.478244,0],[30.324598,47.472576,0],[30.323993,47.470378,0],[30.321315,47.460292,0],[30.320215,47.456054,0],[30.31718,47.444667,0],[30.311965,47.424873,0],[30.311719,47.424018,0],[30.309009,47.413646,0],[30.308828,47.412849,0],[30.304256,47.395568,0],[30.300508,47.381271,0],[30.300191,47.379982,0],[30.299997,47.378887,0],[30.299966,47.378597,0],[30.299987,47.377708,0],[30.300052,47.376937,0],[30.300195,47.376228,0],[30.301279,47.372398,0],[30.305099,47.358341,0],[30.305561,47.356506,0],[30.305774,47.355216,0],[30.305883,47.354202,0],[30.306028,47.352081,0],[30.307481,47.328811,0],[30.309572,47.295829,0],[30.309648,47.295223,0],[30.309804,47.294338,0],[30.31055,47.291179,0],[30.311006,47.289146,0],[30.311864,47.284927,0],[30.312078,47.283481,0],[30.312191,47.28178,0],[30.312191,47.281185,0],[30.312154,47.280326,0],[30.312105,47.27975,0],[30.311725,47.27713,0],[30.311542,47.276187,0],[30.310941,47.27349,0],[30.310695,47.272197,0],[30.310565,47.271347,0],[30.309412,47.262249,0],[30.309268,47.261428,0],[30.307497,47.247402,0],[30.306949,47.242771,0],[30.30525,47.229362,0],[30.305196,47.228508,0],[30.305175,47.227203,0],[30.305234,47.226062,0],[30.305376,47.224754,0],[30.305463,47.224182,0],[30.305662,47.223186,0],[30.30739,47.216506,0],[30.31167,47.200252,0],[30.312614,47.196735,0],[30.317218,47.179149,0],[30.320564,47.166515,0],[30.322191,47.160202,0],[30.326225,47.144908,0],[30.326862,47.142246,0],[30.326927,47.141857,0],[30.327249,47.13927,0],[30.327346,47.137886,0],[30.327388,47.136863,0],[30.327377,47.135639,0],[30.327318,47.134334,0],[30.327178,47.132877,0],[30.327051,47.131942,0],[30.326858,47.130775,0],[30.321916,47.105846,0],[30.315023,47.070739,0],[30.312202,47.056507,0],[30.311832,47.054103,0],[30.311515,47.05088,0],[30.311521,47.049091,0],[30.311563,47.04824,0],[30.311676,47.04681,0],[30.31175,47.046154,0],[30.311922,47.044971,0],[30.312002,47.044464,0],[30.312223,47.04338,0],[30.312744,47.04116,0],[30.315732,47.029922,0],[30.317565,47.023242,0],[30.319337,47.016571,0],[30.32138,47.008602,0],[30.322191,47.005508,0],[30.322586,47.004104,0],[30.322689,47.003662,0],[30.323204,47.001777,0],[30.323713,46.999797,0],[30.324213,46.997612,0],[30.324518,46.996383,0],[30.324991,46.99488,0],[30.325248,46.993991,0],[30.326524,46.989162,0],[30.326858,46.987827,0],[30.327554,46.985286,0],[30.328165,46.982955,0],[30.329238,46.978714,0],[30.331289,46.971065,0],[30.332887,46.964969,0],[30.334114,46.960449,0],[30.336824,46.95008,0],[30.337156,46.948898,0],[30.337543,46.947643,0],[30.338127,46.946067,0],[30.338808,46.944465,0],[30.339378,46.943275,0],[30.339941,46.942192,0],[30.341093,46.94017,0],[30.342199,46.938335,0],[30.34692,46.930343,0],[30.352811,46.920284,0],[30.353502,46.919181,0],[30.35596,46.914951,0],[30.356752,46.913639,0],[30.360782,46.90681,0],[30.364332,46.900745,0],[30.36989,46.891349,0],[30.370975,46.889476,0],[30.376586,46.879951,0],[30.377975,46.877555,0],[30.37878,46.876235,0],[30.383903,46.867462,0],[30.388092,46.860363,0],[30.39063,46.856014,0],[30.39151,46.854461,0],[30.391735,46.854019,0],[30.392147,46.853061,0],[30.393194,46.850498,0],[30.396181,46.843009,0],[30.397373,46.840095,0],[30.401573,46.829616,0],[30.4022,46.82809,0],[30.403038,46.825965,0],[30.4041,46.823371,0],[30.409023,46.811061,0],[30.409727,46.80936,0],[30.409915,46.808952,0],[30.411272,46.805545,0],[30.412027,46.80371,0],[30.412677,46.802051,0],[30.413826,46.79924,0],[30.414346,46.797885,0],[30.415746,46.794425,0],[30.416458,46.792552,0],[30.417339,46.79034,0],[30.420612,46.782222,0],[30.422763,46.776817,0],[30.424495,46.772548,0],[30.42649,46.767532,0],[30.42736,46.765403,0],[30.430374,46.757827,0],[30.43069,46.757099,0],[30.431432,46.755531,0],[30.432268,46.753955,0],[30.432676,46.753273,0],[30.433828,46.751438,0],[30.43474,46.750099,0],[30.43518,46.749507,0],[30.436319,46.748104,0],[30.437761,46.746261,0],[30.439779,46.743743,0],[30.440444,46.742881,0],[30.44091,46.742321,0],[30.44259,46.7402,0],[30.44334,46.739284,0],[30.443956,46.738483,0],[30.444831,46.737415,0],[30.44679,46.734924,0],[30.449735,46.731262,0],[30.467041,46.709537,0],[30.474197,46.700492,0],[30.478767,46.694763,0],[30.482795,46.689666,0],[30.489925,46.680698,0],[30.49015,46.680404,0],[30.491309,46.67859,0],[30.493519,46.675818,0],[30.494308,46.674799,0],[30.496132,46.672524,0],[30.497156,46.671335,0],[30.498304,46.670084,0],[30.49964,46.668718,0],[30.500488,46.667923,0],[30.502129,46.666487,0],[30.503116,46.665655,0],[30.505117,46.664101,0],[30.506432,46.66317,0],[30.507799,46.66225,0],[30.511909,46.659588,0],[30.512375,46.659304,0],[30.51443,46.657946,0],[30.51723,46.656138,0],[30.51769,46.656028,0],[30.519649,46.654766,0],[30.520925,46.654037,0],[30.52144,46.653762,0],[30.522455,46.653274,0],[30.523366,46.652862,0],[30.523988,46.652606,0],[30.524965,46.652233,0],[30.526166,46.651821,0],[30.526575,46.651695,0],[30.527347,46.65142,0],[30.528259,46.651065,0],[30.529005,46.650737,0],[30.529739,46.650356,0],[30.530216,46.650089,0],[30.530576,46.649864,0],[30.530818,46.649688,0],[30.532266,46.648559,0],[30.533082,46.6478,0],[30.53343,46.647441,0],[30.534053,46.646705,0],[30.534465,46.646141,0],[30.534799,46.64561,0],[30.537195,46.641387,0],[30.537973,46.640132,0],[30.538951,46.638683,0],[30.539585,46.63783,0],[30.540307,46.636783,0],[30.541244,46.635261,0],[30.541626,46.634572,0],[30.542306,46.633256,0],[30.542591,46.632761,0],[30.543026,46.632039,0],[30.543479,46.631403,0],[30.54404,46.630654,0],[30.544776,46.629741,0],[30.545312,46.62918,0],[30.545881,46.628608,0],[30.546556,46.627967,0],[30.548648,46.626037,0],[30.549013,46.625682,0],[30.549594,46.625041,0],[30.549991,46.624565,0],[30.550365,46.624046,0],[30.5508,46.623405,0],[30.551315,46.622531,0],[30.551605,46.621826,0],[30.552049,46.620285,0],[30.553123,46.615467,0],[30.55352,46.613918,0],[30.553756,46.613132,0],[30.554132,46.61211,0],[30.555393,46.609169,0],[30.555934,46.60799,0],[30.556251,46.607368,0],[30.556777,46.606407,0],[30.561534,46.597965,0],[30.563299,46.59476,0],[30.567445,46.587356,0],[30.568578,46.585369,0],[30.571495,46.580089,0],[30.579849,46.565132,0],[30.582225,46.560836,0],[30.582723,46.559978,0],[30.583297,46.55907,0],[30.584327,46.557571,0],[30.585004,46.556629,0],[30.585996,46.555309,0],[30.586565,46.554607,0],[30.596059,46.543212,0],[30.598935,46.539822,0],[30.599551,46.539068,0],[30.600678,46.537747,0],[30.603746,46.534078,0],[30.604289,46.533467,0],[30.60515,46.532449,0],[30.60773,46.529364,0],[30.608997,46.527934,0],[30.610462,46.526411,0],[30.613962,46.52283,0],[30.615634,46.521068,0],[30.615869,46.520718,0]]},"properties":{"name":"М 05","tessellate":true,"description":"https://www.youtube.com/watch?v=O1b6hkYqIDA"}},
{"type":"Feature","geometry":{"type":"LineString","coordinates":[[35.002169,48.302999,0],[35.002818,48.302826,0],[35.004398,48.302247,0],[35.004631,48.302116,0],[35.004765,48.30202,0],[35.00495,48.301817,0],[35.005051,48.301569,0],[35.005057,48.301454,0],[35.005046,48.301322,0],[35.005,48.301196,0],[35.004922,48.301069,0],[35.00472,48.300867,0],[35.004594,48.30079,0],[35.004309,48.300654,0],[35.004097,48.300594,0],[35.003802,48.300555,0],[35.003464,48.300561,0],[35.00315,48.300616,0],[35.002793,48.300757,0],[35.002548,48.300939,0],[35.002459,48.30104,0],[35.002381,48.301156,0],[35.002325,48.301298,0],[35.002309,48.301449,0],[35.002356,48.301711,0],[35.00261,48.302155,0],[35.003981,48.303411,0],[35.004364,48.303611,0],[35.004526,48.303676,0],[35.004847,48.303769,0],[35.005208,48.303789,0],[35.005346,48.303777,0],[35.005669,48.303701,0],[35.00592,48.303585,0],[35.006012,48.303519,0],[35.00618,48.303328,0],[35.006246,48.3032,0],[35.006275,48.30307,0],[35.006268,48.302955,0],[35.006195,48.302768,0],[35.006115,48.302653,0],[35.005921,48.302489,0],[35.005745,48.302401,0],[35.005561,48.302338,0],[35.00523,48.302285,0],[35.005046,48.302281,0],[35.004862,48.302296,0],[35.004419,48.302392,0],[35.002792,48.302956,0],[35.001116,48.303397,0],[35.000379,48.303551,0],[34.999452,48.303709,0],[34.998696,48.303805,0],[34.997742,48.303892,0],[34.996637,48.303959,0],[34.994593,48.304022,0],[34.993727,48.304091,0],[34.993054,48.304172,0],[34.99175,48.304382,0],[34.991213,48.304494,0],[34.990295,48.304717,0],[34.989497,48.304948,0],[34.98862,48.305231,0],[34.987958,48.305481,0],[34.987319,48.305743,0],[34.986375,48.306177,0],[34.985739,48.306502,0],[34.9852,48.306807,0],[34.984468,48.307274,0],[34.983897,48.307677,0],[34.983344,48.308124,0],[34.982743,48.308673,0],[34.982376,48.309046,0],[34.981767,48.309749,0],[34.981178,48.310587,0],[34.98089,48.311108,0],[34.980659,48.311584,0],[34.980407,48.312221,0],[34.979903,48.314076,0],[34.97949,48.315493,0],[34.978672,48.318675,0],[34.977438,48.323224,0],[34.976891,48.324963,0],[34.976384,48.326322,0],[34.975855,48.327571,0],[34.975059,48.329282,0],[34.974398,48.330543,0],[34.973157,48.332769,0],[34.972725,48.333612,0],[34.972216,48.334732,0],[34.971805,48.335812,0],[34.971489,48.336859,0],[34.970376,48.341179,0],[34.9697,48.343732,0],[34.969,48.346269,0],[34.968101,48.34972,0],[34.967747,48.350948,0],[34.967457,48.35177,0],[34.967192,48.352438,0],[34.966803,48.35323,0],[34.966398,48.353973,0],[34.966014,48.354634,0],[34.965741,48.355064,0],[34.965041,48.356058,0],[34.964759,48.356422,0],[34.964249,48.357026,0],[34.963276,48.358106,0],[34.96293,48.358461,0],[34.962305,48.359056,0],[34.961546,48.359724,0],[34.960553,48.36054,0],[34.959872,48.361066,0],[34.959384,48.361414,0],[34.957842,48.362405,0],[34.956645,48.363098,0],[34.955462,48.363734,0],[34.954317,48.364301,0],[34.952177,48.365235,0],[34.943167,48.368893,0],[34.941419,48.369634,0],[34.939241,48.370513,0],[34.938339,48.370848,0],[34.93724,48.371231,0],[34.935901,48.371655,0],[34.934753,48.37199,0],[34.933565,48.372316,0],[34.932602,48.37256,0],[34.931012,48.372909,0],[34.906539,48.377287,0],[34.898806,48.378648,0],[34.897811,48.378826,0],[34.896934,48.379001,0],[34.89507,48.379401,0],[34.894019,48.379662,0],[34.892854,48.379982,0],[34.89172,48.380315,0],[34.890679,48.380652,0],[34.888997,48.381231,0],[34.88782,48.381671,0],[34.887077,48.381979,0],[34.88551,48.38269,0],[34.884711,48.383069,0],[34.883893,48.38349,0],[34.871094,48.39048,0],[34.86927,48.391502,0],[34.868023,48.392284,0],[34.867387,48.392704,0],[34.866319,48.393465,0],[34.864498,48.39485,0],[34.863779,48.395449,0],[34.86316,48.396008,0],[34.859579,48.399327,0],[34.858498,48.400289,0],[34.857388,48.401178,0],[34.856261,48.402006,0],[34.85496,48.402884,0]]},"properties":{"name":"Н 08","tessellate":true}},
{"type":"Feature","geometry":{"type":"LineString","coordinates":[[30.688874,50.402087,0],[30.694363,50.401888,0],[30.695444,50.401823,0],[30.697748,50.401616,0],[30.720517,50.399226,0],[30.738898,50.397272,0],[30.740645,50.397063,0],[30.741997,50.396868,0],[30.743289,50.396641,0],[30.745009,50.39628,0],[30.768805,50.390981,0],[30.774754,50.38963,0],[30.786358,50.387065,0],[30.793916,50.385377,0],[30.795726,50.384999,0],[30.796848,50.384802,0],[30.798186,50.384607,0],[30.799918,50.384381,0],[30.802588,50.384084,0],[30.818497,50.382532,0],[30.853965,50.379106,0],[30.856952,50.378787,0],[30.859812,50.37839,0],[30.860585,50.378269,0],[30.86527,50.377412,0],[30.875293,50.375461,0],[30.879327,50.374717,0],[30.887224,50.373195,0],[30.889134,50.372796,0]]},"properties":{"name":"М 03","tessellate":true}},
{"type":"Feature","geometry":{"type":"LineString","coordinates":[[30.902436,50.370249,0],[30.902952,50.370147,0],[30.905008,50.369789,0],[30.907609,50.369266,0],[30.912824,50.368278,0],[30.913854,50.368064,0],[30.915853,50.367679,0],[30.917216,50.367358,0],[30.921137,50.366011,0],[30.92265,50.365411,0],[30.924474,50.364761,0],[30.928037,50.36343,0],[30.930032,50.362506,0],[30.933336,50.361026,0],[30.935525,50.360149,0],[30.937425,50.359413,0],[30.938423,50.359004,0],[30.942049,50.357635,0],[30.943958,50.356945,0],[30.944839,50.356521,0],[30.945182,50.356327,0],[30.946039,50.355663,0],[30.948249,50.353561,0],[30.949388,50.352531,0],[30.950181,50.351886,0],[30.950653,50.351608,0],[30.952306,50.350749,0],[30.953937,50.349975,0],[30.95458,50.349632,0],[30.955095,50.349246,0],[30.956855,50.347637,0],[30.957567,50.34703,0],[30.958185,50.346523,0],[30.959129,50.345794,0],[30.960224,50.345127,0],[30.961145,50.344741,0],[30.962053,50.344402,0],[30.963077,50.343967,0],[30.963592,50.343688,0],[30.964859,50.34309,0],[30.967197,50.34193,0],[30.968162,50.341308,0],[30.969751,50.340148,0],[30.970394,50.339828,0],[30.970909,50.339633,0],[30.971252,50.33955,0],[30.975673,50.338584,0],[30.977367,50.338176,0],[30.977966,50.337959,0],[30.985757,50.334785,0],[30.986199,50.334638,0],[30.986308,50.334583,0],[30.998981,50.329539,0],[31.010089,50.325138,0],[31.014911,50.323358,0],[31.016072,50.323011,0],[31.016973,50.322774,0],[31.018371,50.322476,0],[31.022108,50.321616,0],[31.025608,50.320849,0]]},"properties":{"name":"М 03","tessellate":true}},
{"type":"Feature","geometry":{"type":"LineString","coordinates":[[31.028866,50.320149,0],[31.03108,50.319657,0],[31.032649,50.319266,0],[31.039032,50.31755,0],[31.045877,50.315668,0],[31.050979,50.314282,0],[31.052907,50.313676,0],[31.054627,50.313085,0],[31.055236,50.312859,0],[31.056099,50.31252,0],[31.063229,50.309579,0],[31.064725,50.308998,0],[31.065605,50.308726,0],[31.066144,50.308584,0],[31.06689,50.308419,0],[31.067332,50.308332,0],[31.068051,50.308219,0],[31.068958,50.308109,0],[31.069827,50.308054,0],[31.075234,50.307878,0],[31.081642,50.307648,0],[31.131134,50.305964,0],[31.160177,50.305019,0],[31.198396,50.303799,0],[31.204329,50.303624,0],[31.206292,50.303614,0],[31.209755,50.303647,0],[31.250272,50.304219,0],[31.259043,50.30432,0],[31.268975,50.304474,0],[31.273511,50.304522,0],[31.294743,50.304796,0],[31.296331,50.304781,0],[31.297793,50.30473,0],[31.303984,50.304386,0],[31.325696,50.303144,0],[31.33517,50.302588,0],[31.336854,50.302456,0],[31.338678,50.302264,0],[31.346285,50.301305,0],[31.352599,50.300487,0],[31.368778,50.298435,0],[31.370127,50.298253,0],[31.372871,50.297856,0],[31.379732,50.296802,0],[31.389042,50.295447,0],[31.399178,50.293931,0],[31.400488,50.293717,0],[31.403102,50.293206,0],[31.417711,50.290172,0],[31.427055,50.288248,0],[31.433744,50.286894,0],[31.435485,50.286661,0],[31.436564,50.28661,0],[31.438981,50.286626,0],[31.439582,50.286651,0],[31.445903,50.286775,0],[31.448128,50.286733,0],[31.449317,50.286648,0],[31.450135,50.286543,0],[31.450916,50.286385,0],[31.451261,50.286291,0],[31.453706,50.285564,0],[31.458337,50.28384,0],[31.466802,50.280822,0],[31.511053,50.264911,0],[31.526824,50.259258,0],[31.576713,50.241313,0],[31.603879,50.23156,0],[31.612921,50.228252,0],[31.626246,50.223457,0],[31.628839,50.222539,0],[31.633858,50.220723,0],[31.639772,50.218624,0],[31.651021,50.214537,0],[31.668273,50.208321,0],[31.672128,50.206946,0],[31.67308,50.206632,0],[31.674044,50.206331,0],[31.675404,50.205941,0],[31.677186,50.2055,0],[31.711124,50.198384,0],[31.720644,50.196399,0],[31.721961,50.196165,0],[31.72331,50.195956,0],[31.725173,50.195725,0],[31.726891,50.195555,0],[31.72778,50.195487,0],[31.729213,50.195405,0],[31.730962,50.195343,0],[31.733204,50.195322,0],[31.73521,50.195381,0],[31.736739,50.195463,0],[31.738247,50.195573,0],[31.739781,50.195731,0],[31.740988,50.195882,0],[31.742152,50.196051,0],[31.744024,50.19636,0],[31.744802,50.196507,0],[31.745903,50.196743,0],[31.74818,50.197276,0],[31.749244,50.197574,0],[31.750323,50.197888,0],[31.776305,50.206353,0],[31.780496,50.207689,0],[31.783911,50.208758,0],[31.803727,50.215242,0],[31.806828,50.216225,0],[31.821626,50.22107,0],[31.835784,50.225678,0],[31.859094,50.233322,0],[31.860358,50.233716,0],[31.861994,50.234175,0],[31.86649,50.235276,0],[31.867632,50.235513,0],[31.869298,50.235789,0],[31.870353,50.235916,0],[31.87219,50.236039,0],[31.875686,50.236076,0],[31.876426,50.236059,0],[31.880214,50.235876,0],[31.887937,50.235382,0],[31.891756,50.235167,0],[31.897286,50.234803,0],[31.898538,50.234737,0],[31.90046,50.234609,0],[31.903401,50.234439,0],[31.903923,50.234393,0],[31.915177,50.234008,0],[31.940696,50.233338,0],[31.957176,50.232919,0],[31.98918,50.232062,0],[32.038311,50.23075,0],[32.058307,50.23019,0],[32.094947,50.22919,0],[32.126838,50.228279,0],[32.159561,50.227371,0],[32.19231,50.226425,0],[32.193485,50.226417,0],[32.194816,50.22647,0],[32.195835,50.226543,0],[32.196525,50.226612,0],[32.197601,50.22676,0],[32.199634,50.227165,0],[32.200969,50.227474,0],[32.203428,50.22821,0],[32.213321,50.231475,0],[32.223957,50.234947,0],[32.225578,50.235439,0],[32.22739,50.235927,0],[32.246192,50.240718,0],[32.282524,50.249889,0],[32.284461,50.250392,0],[32.304266,50.255387,0],[32.305507,50.255682,0],[32.306504,50.255893,0],[32.307417,50.256059,0],[32.308824,50.25629,0],[32.309939,50.256447,0],[32.311093,50.256574,0],[32.312328,50.256663,0],[32.314305,50.256771,0],[32.316402,50.256819,0],[32.318239,50.256782,0],[32.318948,50.256751,0],[32.320281,50.256672,0],[32.335322,50.255667,0],[32.339941,50.255393,0],[32.37698,50.253343,0],[32.380099,50.253194,0],[32.388065,50.252758,0],[32.409782,50.251533,0],[32.420333,50.250831,0],[32.424129,50.25061,0],[32.42834,50.250339,0],[32.435657,50.249843,0],[32.444107,50.249229,0],[32.446483,50.248996,0],[32.448291,50.248733,0],[32.449687,50.248462,0],[32.450447,50.248287,0],[32.451499,50.248008,0],[32.452472,50.247665,0],[32.463076,50.243358,0],[32.488501,50.232968,0],[32.49742,50.229307,0],[32.501095,50.227765,0],[32.503749,50.226626,0],[32.504723,50.226227,0],[32.508098,50.224891,0],[32.509578,50.224262,0],[32.510468,50.223855,0],[32.514054,50.222127,0],[32.515776,50.221238,0],[32.516801,50.220728,0],[32.517603,50.220351,0],[32.522718,50.217545,0],[32.533549,50.211543,0],[32.539632,50.208278,0],[32.544143,50.205819,0],[32.545452,50.205057,0],[32.546005,50.204697,0],[32.547196,50.203856,0],[32.548751,50.202685,0],[32.549143,50.202362,0],[32.549615,50.20194,0],[32.550323,50.201253,0],[32.55065,50.200906,0],[32.551399,50.199998,0],[32.552005,50.199153,0],[32.552426,50.198504,0],[32.552707,50.198013,0],[32.554687,50.194409,0],[32.558399,50.187727,0],[32.559016,50.186673,0],[32.559467,50.186024,0],[32.559915,50.185464,0],[32.56081,50.184519,0],[32.561009,50.184335,0],[32.561379,50.184011,0],[32.561693,50.183769,0],[32.563037,50.182783,0],[32.569573,50.178214,0],[32.571102,50.177183,0],[32.571912,50.176692,0],[32.572888,50.176163,0],[32.574069,50.175608,0],[32.576445,50.174581,0],[32.577328,50.174131,0],[32.577934,50.173789,0],[32.578843,50.173208,0],[32.579763,50.172504,0],[32.580345,50.171999,0],[32.580519,50.171827,0],[32.580938,50.171396,0],[32.581394,50.170855,0],[32.581882,50.1702,0],[32.583942,50.167278,0],[32.584387,50.166685,0],[32.584634,50.166374,0],[32.585932,50.164945,0],[32.586761,50.164134,0],[32.59168,50.159572,0],[32.593241,50.158252,0],[32.593807,50.157829,0],[32.594681,50.157219,0],[32.595491,50.156692,0],[32.596546,50.156044,0],[32.60011,50.154093,0],[32.602207,50.152989,0],[32.608561,50.149559,0],[32.609424,50.149128,0],[32.611059,50.148361,0],[32.611799,50.148042,0],[32.613956,50.14722,0],[32.61667,50.146388,0],[32.618478,50.14591,0],[32.619422,50.145694,0],[32.621165,50.145347,0],[32.622287,50.145158,0],[32.62359,50.144965,0],[32.62521,50.144776,0],[32.626702,50.144645,0],[32.643573,50.143889,0],[32.645295,50.143769,0],[32.647456,50.143538,0],[32.64913,50.143287,0],[32.650171,50.143115,0],[32.651829,50.142768,0],[32.652633,50.142583,0],[32.654237,50.142184,0],[32.65483,50.142015,0],[32.656394,50.141534,0],[32.657338,50.141221,0],[32.659188,50.140518,0],[32.660444,50.139994,0],[32.661836,50.139341,0],[32.662815,50.138842,0],[32.671669,50.134028,0],[32.676877,50.131227,0],[32.678085,50.130621,0],[32.688972,50.125018,0],[32.71007,50.113341,0],[32.712707,50.11193,0],[32.71529,50.110577,0],[32.71942,50.108445,0],[32.722413,50.106859,0],[32.725069,50.105249,0],[32.730804,50.101715,0],[32.733754,50.099923,0],[32.734398,50.099555,0],[32.750891,50.09043,0],[32.757601,50.086682,0],[32.773518,50.077849,0],[32.783729,50.072222,0],[32.794471,50.066366,0],[32.795659,50.065772,0],[32.796692,50.06528,0],[32.797727,50.064822,0],[32.804714,50.061941,0],[32.805771,50.061544,0],[32.809939,50.060032,0],[32.812458,50.059086,0],[32.812833,50.058933,0],[32.813539,50.05868,0],[32.816771,50.057686,0],[32.828751,50.054142,0],[32.830819,50.053464,0],[32.841737,50.049778,0],[32.843711,50.049172,0],[32.845182,50.048783,0],[32.846691,50.048436,0],[32.848316,50.048114,0],[32.849368,50.04793,0],[32.851229,50.047657,0],[32.855357,50.047208,0],[32.856948,50.047053,0],[32.857502,50.047005,0],[32.85946,50.046897,0],[32.860448,50.046863,0],[32.864237,50.046853,0],[32.866669,50.046927,0],[32.868672,50.04706,0],[32.88044,50.04806,0],[32.88583,50.048501,0],[32.88786,50.048652,0],[32.893657,50.049146,0],[32.894779,50.049205,0],[32.895935,50.049207,0],[32.898939,50.049096,0],[32.899984,50.049112,0],[32.900383,50.049144,0],[32.900817,50.049205,0],[32.901365,50.049299,0],[32.902034,50.04946,0],[32.902238,50.049518,0],[32.902749,50.049712,0],[32.903188,50.049905,0],[32.903825,50.050248,0],[32.904345,50.050553,0],[32.905187,50.050994,0],[32.905676,50.051204,0],[32.905957,50.051302,0],[32.906257,50.051401,0],[32.906864,50.051556,0],[32.907668,50.051724,0],[32.912209,50.052761,0],[32.917348,50.053894,0],[32.923847,50.055358,0],[32.927422,50.056142,0],[32.933388,50.057475,0],[32.934179,50.057626,0],[32.935401,50.057811,0],[32.936003,50.057887,0],[32.937653,50.058021,0],[32.938833,50.058077,0],[32.939654,50.058095,0],[32.951748,50.057804,0],[32.954519,50.057752,0],[32.956263,50.057734,0],[32.958097,50.057738,0],[32.961645,50.057852,0],[32.964549,50.057986,0],[32.968254,50.058184,0],[32.970692,50.058346,0],[32.971309,50.058348,0],[32.971835,50.058329,0],[32.972664,50.058275,0],[32.973331,50.058188,0],[32.974981,50.057859,0],[32.975917,50.057599,0],[32.976537,50.057392,0],[32.977797,50.056908,0],[32.978833,50.056421,0],[32.979589,50.055994,0],[32.980533,50.055343,0],[32.980828,50.055102,0],[32.981239,50.054726,0],[32.98162,50.054332,0],[32.983905,50.051783,0],[32.984388,50.051308,0],[32.984828,50.050953,0],[32.985364,50.050579,0],[32.986032,50.05019,0],[32.986743,50.04989,0],[32.987424,50.049654,0],[32.988566,50.049348,0],[32.988891,50.049277,0],[32.989309,50.04921,0],[32.990001,50.049122,0],[32.990889,50.049058,0],[32.991259,50.049046,0],[32.991898,50.049048,0],[32.994352,50.04912,0],[32.995261,50.049101,0],[32.995556,50.049088,0],[32.996168,50.049024,0],[32.996809,50.048939,0],[32.997391,50.048845,0],[32.997871,50.04874,0],[32.999067,50.048407,0],[33.006693,50.04622,0],[33.012041,50.044708,0],[33.014082,50.044081,0],[33.015389,50.04365,0],[33.016486,50.043242,0],[33.017304,50.042918,0],[33.022783,50.040506,0],[33.023529,50.040132,0],[33.02428,50.039738,0],[33.026442,50.038551,0],[33.027587,50.037879,0],[33.030036,50.036385,0],[33.032316,50.03505,0],[33.034295,50.033763,0],[33.034701,50.033469,0],[33.035945,50.032457,0],[33.03672,50.031785,0],[33.037257,50.031287,0],[33.037804,50.03071,0],[33.038324,50.030121,0],[33.04062,50.027471,0],[33.041637,50.026258,0],[33.042093,50.025801,0],[33.043217,50.024588,0],[33.044096,50.023695,0],[33.045024,50.022789,0],[33.048409,50.019725,0],[33.049262,50.018877,0],[33.050587,50.017378,0],[33.05137,50.016385,0],[33.052234,50.015199,0],[33.05335,50.01332,0],[33.053749,50.012526,0],[33.054029,50.011917,0],[33.054484,50.01075,0],[33.054809,50.009737,0],[33.055147,50.008496,0],[33.0553,50.007787,0],[33.055434,50.006912,0],[33.055584,50.005427,0],[33.055729,50.004255,0],[33.055745,50.003838,0],[33.055697,50.002169,0],[33.055611,50.001398,0],[33.05516,49.998221,0],[33.054828,49.996805,0],[33.054592,49.995574,0],[33.054543,49.995143,0],[33.05455,49.994302,0],[33.054617,49.993917,0],[33.054793,49.99326,0],[33.054959,49.992817,0],[33.055238,49.992246,0],[33.055989,49.991244,0],[33.056595,49.990608,0],[33.057078,49.990201,0],[33.057336,49.99001,0],[33.058948,49.98898,0],[33.059544,49.988609,0],[33.060222,49.988225,0],[33.060774,49.987842,0],[33.061279,49.987459,0],[33.062775,49.986456,0],[33.065297,49.98471,0],[33.067497,49.98279,0],[33.068891,49.981073,0],[33.070411,49.978223,0],[33.070985,49.975839,0],[33.071066,49.973373,0],[33.070803,49.971086,0],[33.070298,49.969555,0],[33.069764,49.968116,0],[33.069444,49.967012,0],[33.069188,49.965662,0],[33.068972,49.963972,0],[33.06883,49.962539,0],[33.069084,49.960856,0],[33.07022,49.959121,0],[33.071058,49.958358,0],[33.072023,49.95764,0],[33.074596,49.956031,0],[33.08266,49.951061,0],[33.098379,49.939925,0],[33.099832,49.938865,0],[33.100723,49.938185,0],[33.102139,49.936962,0],[33.102928,49.936203,0],[33.103845,49.935205,0],[33.104752,49.93409,0],[33.105766,49.932636,0],[33.106189,49.931938,0],[33.106609,49.93114,0],[33.108287,49.927473,0],[33.109183,49.925684,0],[33.110068,49.923764,0],[33.113281,49.916394,0],[33.113844,49.914984,0],[33.114341,49.913459,0],[33.114606,49.911896,0],[33.114821,49.910245,0],[33.115014,49.908428,0],[33.115244,49.906863,0],[33.115497,49.906151,0],[33.11577,49.905484,0],[33.116494,49.904116,0],[33.117031,49.902976,0],[33.117267,49.902402,0],[33.117503,49.901711,0],[33.117836,49.900315,0],[33.118351,49.897931,0],[33.118747,49.896279,0],[33.118876,49.895388,0],[33.118994,49.894268,0],[33.119177,49.891718,0],[33.119413,49.888904,0],[33.119702,49.887273,0],[33.12041,49.884605,0],[33.120657,49.883893,0],[33.121011,49.88298,0],[33.121333,49.88231,0],[33.122942,49.879185,0],[33.126483,49.872589,0],[33.127899,49.870548,0],[33.13118,49.866782,0],[33.131518,49.86635,0],[33.131681,49.866095,0],[33.131877,49.865632,0],[33.131973,49.865158,0],[33.132298,49.86317,0],[33.13247,49.862893,0],[33.132749,49.862651,0],[33.133038,49.862485,0],[33.133382,49.862326,0],[33.133805,49.862254,0],[33.135758,49.862005,0],[33.136418,49.861853,0],[33.136917,49.861704,0],[33.139009,49.860703,0],[33.140034,49.860231,0],[33.140594,49.859994,0],[33.148533,49.857165,0],[33.149698,49.856731,0],[33.15069,49.856326,0],[33.152294,49.855577,0],[33.153297,49.855047,0],[33.154289,49.854486,0],[33.157728,49.852288,0],[33.158396,49.851839,0],[33.159066,49.851363,0],[33.160345,49.850386,0],[33.160762,49.850044,0],[33.161535,49.849352,0],[33.167388,49.843908,0],[33.168747,49.842686,0],[33.169564,49.842015,0],[33.169941,49.841727,0],[33.170356,49.841449,0],[33.171152,49.840846,0],[33.173647,49.839266,0],[33.174299,49.83888,0],[33.175299,49.838323,0],[33.177558,49.837209,0],[33.17995,49.836076,0],[33.187015,49.832818,0],[33.188223,49.832224,0],[33.188552,49.832038,0],[33.189339,49.831512,0],[33.189586,49.831318,0],[33.189724,49.831145,0],[33.190234,49.830687,0],[33.190548,49.830355,0],[33.190827,49.830012,0],[33.191089,49.829663,0],[33.19187,49.828535,0],[33.192034,49.828365,0],[33.192396,49.828055,0],[33.19264,49.827905,0],[33.192954,49.827742,0],[33.193302,49.827607,0],[33.19367,49.827496,0],[33.194319,49.827386,0],[33.198315,49.827114,0],[33.19901,49.827041,0],[33.200056,49.826889,0],[33.20055,49.826799,0],[33.20174,49.826534,0],[33.202419,49.826351,0],[33.203124,49.82613,0],[33.205286,49.825384,0],[33.20681,49.82484,0],[33.207722,49.824491,0],[33.208698,49.824093,0],[33.212976,49.822274,0],[33.213411,49.822105,0],[33.21429,49.821797,0],[33.215015,49.821568,0],[33.215929,49.821322,0],[33.216809,49.82111,0],[33.222128,49.820011,0],[33.227243,49.818718,0],[33.246683,49.813334,0],[33.247496,49.81309,0],[33.248298,49.812815,0],[33.249106,49.812487,0],[33.25767,49.808598,0],[33.259582,49.807714,0],[33.260288,49.807374,0],[33.26113,49.806933,0],[33.263501,49.805649,0],[33.265829,49.804418,0],[33.266677,49.804011,0],[33.268657,49.803114,0],[33.271297,49.80217,0],[33.302114,49.792603,0],[33.303984,49.791971,0],[33.304517,49.791783,0],[33.305338,49.791466,0],[33.306296,49.791078,0],[33.307119,49.790714,0],[33.308715,49.789937,0],[33.310365,49.789041,0],[33.310871,49.788628,0],[33.311319,49.788299,0],[33.311942,49.787902,0],[33.313036,49.78714,0],[33.313961,49.786428,0],[33.314736,49.785791,0],[33.315544,49.785067,0],[33.316271,49.78435,0],[33.317848,49.782662,0],[33.328185,49.771273,0],[33.340976,49.757228,0],[33.344251,49.753594,0],[33.344973,49.75284,0],[33.345655,49.752199,0],[33.346261,49.751655,0],[33.347304,49.75079,0],[33.347682,49.7505,0]]},"properties":{"name":"М 03","tessellate":true}},
{"type":"Feature","geometry":{"type":"LineString","coordinates":[[35.997605,49.968494,0],[35.998147,49.968668,0],[35.998676,49.96881,0],[35.999424,49.969036,0],[35.999706,49.969174,0],[35.999797,49.969245,0],[35.999947,49.96941,0],[36.000156,49.969867,0],[36.00018,49.970004,0],[36.00014,49.970045,0],[36.000081,49.970073,0],[35.99911,49.970233,0],[35.998271,49.970461,0],[35.997576,49.970601,0],[35.99421,49.97151,0],[35.993735,49.971529,0],[35.993617,49.971512,0],[35.9934,49.971449,0],[35.99329,49.971398,0],[35.993139,49.971279,0],[35.993086,49.971213,0],[35.993035,49.971049,0],[35.993048,49.97088,0],[35.993158,49.970687,0],[35.994465,49.968969,0],[35.994741,49.968544,0],[35.995006,49.96803,0],[35.995098,49.967699,0],[35.995111,49.967423,0],[35.995028,49.96709,0],[35.993881,49.96397,0],[35.992563,49.960542,0],[35.991632,49.958223,0],[35.990886,49.956639,0],[35.990557,49.956017,0],[35.989886,49.95493,0],[35.98928,49.954057,0],[35.988773,49.953346,0],[35.986973,49.951227,0],[35.985417,49.949458,0],[35.984693,49.948595,0],[35.984468,49.9483,0],[35.983049,49.946139,0],[35.982649,49.945421,0],[35.981949,49.943872,0],[35.981483,49.942562,0],[35.981281,49.94187,0],[35.980836,49.940163,0],[35.980654,49.939062,0],[35.980579,49.938357,0],[35.980372,49.934304,0],[35.980411,49.933288,0],[35.980308,49.931434,0],[35.98011,49.929706,0],[35.979869,49.928131,0],[35.979396,49.92556,0],[35.977409,49.915733,0],[35.976577,49.911365,0],[35.97583,49.907707,0],[35.975814,49.90755,0],[35.975288,49.904884,0],[35.975051,49.903755,0],[35.974746,49.902633,0],[35.974411,49.901622,0],[35.973896,49.900363,0],[35.973239,49.89907,0],[35.97285,49.898414,0],[35.972168,49.897396,0],[35.97116,49.896041,0],[35.970375,49.895088,0],[35.969543,49.894134,0],[35.968154,49.892616,0],[35.965377,49.88972,0],[35.964408,49.888683,0],[35.96404,49.88846,0],[35.963356,49.88765,0],[35.962436,49.88648,0],[35.961932,49.885749,0],[35.961374,49.884866,0],[35.960711,49.883696,0],[35.960371,49.882985,0],[35.959995,49.882108,0],[35.959633,49.881095,0],[35.959588,49.880917,0],[35.959467,49.880303,0],[35.959303,49.879695,0],[35.958853,49.877641,0],[35.958708,49.877074,0],[35.958617,49.87659,0],[35.958555,49.875617,0],[35.95855,49.874466,0],[35.958579,49.873885,0],[35.9587,49.872739,0],[35.959362,49.86873,0],[35.959792,49.866298,0],[35.960349,49.863426,0],[35.961092,49.859817,0],[35.961806,49.85665,0],[35.962651,49.853532,0],[35.963195,49.851358,0],[35.963882,49.848774,0],[35.964217,49.847313,0],[35.964319,49.846725,0],[35.964418,49.845844,0],[35.964464,49.845275,0],[35.964502,49.843961,0],[35.964453,49.84265,0],[35.964338,49.841617,0],[35.96422,49.840904,0],[35.963952,49.839607,0],[35.963659,49.838609,0],[35.963281,49.837529,0],[35.962334,49.835265,0],[35.959609,49.828201,0],[35.959196,49.82723,0],[35.958874,49.826541,0],[35.958279,49.82543,0],[35.957954,49.824882,0],[35.957356,49.823953,0],[35.956922,49.823319,0],[35.956396,49.822636,0],[35.955143,49.821179,0],[35.954636,49.820634,0],[35.953655,49.819668,0],[35.952896,49.818962,0],[35.948899,49.815303,0],[35.947086,49.813666,0],[35.945965,49.81273,0],[35.944205,49.811371,0],[35.942127,49.809901,0],[35.940129,49.808621,0],[35.93939,49.808185,0],[35.937996,49.807408,0],[35.936534,49.806633,0],[35.931144,49.803963,0],[35.930121,49.803427,0],[35.928321,49.802431,0],[35.925697,49.800878,0],[35.916268,49.795156,0],[35.914559,49.794046,0],[35.913904,49.793567,0],[35.912559,49.79252,0],[35.910827,49.791039,0],[35.910361,49.790596,0],[35.909705,49.789911,0],[35.909065,49.78921,0],[35.908246,49.788267,0],[35.90765,49.787468,0],[35.906708,49.786107,0],[35.905919,49.784799,0],[35.901633,49.777289,0],[35.898649,49.772172,0],[35.898079,49.77123,0],[35.897194,49.769926,0],[35.896619,49.769151,0],[35.896113,49.768522,0],[35.895353,49.76766,0],[35.894775,49.767049,0],[35.893753,49.766102,0],[35.892406,49.764997,0],[35.891338,49.764183,0],[35.89021,49.763396,0],[35.88893,49.762585,0],[35.888093,49.76209,0],[35.886556,49.761239,0],[35.885521,49.760702,0],[35.884796,49.760346,0],[35.883517,49.759778,0],[35.882184,49.759269,0],[35.88047,49.758654,0],[35.879458,49.758336,0],[35.878251,49.757988,0],[35.876416,49.757496,0],[35.875587,49.757299,0],[35.872838,49.756761,0],[35.864905,49.755297,0],[35.848145,49.752235,0],[35.846238,49.751909,0],[35.843499,49.751497,0],[35.842206,49.751327,0],[35.84005,49.751093,0],[35.838288,49.750932,0],[35.836992,49.750859,0],[35.83501,49.750811,0],[35.832341,49.750783,0],[35.82949,49.750832,0],[35.825917,49.750923,0],[35.820475,49.751111,0],[35.818576,49.751142,0],[35.81783,49.751138,0],[35.815735,49.751074,0],[35.813453,49.750944,0],[35.811916,49.750814,0],[35.81014,49.750603,0],[35.808418,49.750345,0],[35.806965,49.750086,0],[35.805532,49.749764,0],[35.80476,49.749568,0],[35.803985,49.74935,0],[35.802633,49.748929,0],[35.801509,49.748527,0],[35.799733,49.747794,0],[35.798596,49.74726,0],[35.7974,49.746653,0],[35.795651,49.745717,0],[35.7935,49.744473,0],[35.789249,49.741861,0],[35.779024,49.735494,0],[35.777656,49.734622,0],[35.775596,49.733245,0],[35.773847,49.732014,0],[35.772096,49.730679,0],[35.771098,49.729847,0],[35.770175,49.728953,0],[35.768952,49.727711,0],[35.767815,49.726435,0],[35.766871,49.725312,0],[35.765862,49.724056,0],[35.763137,49.720505,0],[35.761281,49.71816,0],[35.759929,49.716606,0],[35.757709,49.714262,0],[35.755842,49.712548,0],[35.75464,49.711591,0],[35.753471,49.710772,0],[35.752323,49.71003,0],[35.750638,49.709142,0],[35.748911,49.708288,0],[35.747087,49.707518,0],[35.745295,49.706845,0],[35.743332,49.706214,0],[35.740746,49.705457,0],[35.734212,49.703876,0],[35.718656,49.700344,0],[35.716564,49.699775,0],[35.71445,49.699164,0],[35.712025,49.698407,0],[35.709708,49.697616,0],[35.700449,49.694022,0],[35.694044,49.691363,0],[35.690868,49.689913,0],[35.689344,49.689149,0],[35.688196,49.688518,0],[35.686576,49.687553,0],[35.683637,49.685588,0],[35.682177,49.684471,0],[35.680761,49.683325,0],[35.679495,49.68209,0],[35.677049,49.679466,0],[35.67559,49.677626,0],[35.674077,49.675641,0],[35.670263,49.67045,0],[35.668595,49.668489,0],[35.667898,49.667781,0],[35.66705,49.667086,0],[35.664647,49.665357,0],[35.662479,49.663934,0],[35.652233,49.657975,0],[35.649777,49.65653,0],[35.646944,49.654759,0],[35.645989,49.654141,0],[35.644927,49.653405,0],[35.64409,49.652779,0],[35.642996,49.651918,0],[35.63982,49.649105,0],[35.638897,49.648181,0],[35.637385,49.646917,0],[35.636623,49.646347,0],[35.635389,49.645583,0],[35.634509,49.645069,0],[35.633619,49.644589,0],[35.632546,49.644096,0],[35.63084,49.643415,0],[35.627997,49.642366,0],[35.627053,49.642061,0],[35.626055,49.641817,0],[35.623866,49.641366,0],[35.6198,49.640407,0],[35.617976,49.6399,0],[35.616624,49.639497,0],[35.615358,49.639017,0],[35.613277,49.6381,0],[35.611818,49.637378,0],[35.610917,49.636961,0],[35.610284,49.636606,0],[35.609458,49.636106,0],[35.602859,49.631881,0],[35.601432,49.631054,0],[35.599995,49.630318,0],[35.598857,49.629769,0],[35.597495,49.629241,0],[35.596272,49.628803,0],[35.594963,49.628421,0],[35.593729,49.628087,0],[35.592184,49.627733,0],[35.590897,49.627475,0],[35.586594,49.62678,0],[35.581874,49.626169,0],[35.577142,49.625481,0],[35.573494,49.624904,0],[35.56916,49.624077,0],[35.566156,49.623396,0],[35.564418,49.622972,0],[35.563055,49.62259,0],[35.560877,49.621874,0],[35.558914,49.621192,0],[35.55694,49.620324,0],[35.55459,49.619253,0],[35.553238,49.618558,0],[35.549612,49.616494,0],[35.547016,49.614916,0],[35.544419,49.613206,0],[35.504218,49.58521,0],[35.498983,49.58151,0],[35.497953,49.580724,0],[35.496815,49.579812,0],[35.495775,49.578922,0],[35.494219,49.57751,0],[35.492932,49.576118,0],[35.491515,49.574435,0],[35.490925,49.573593,0],[35.4904,49.5728,0],[35.489928,49.571888,0],[35.489187,49.570044,0],[35.488951,49.569244,0],[35.488565,49.567303,0],[35.488468,49.566558,0],[35.488458,49.56548,0],[35.488404,49.56468,0],[35.488383,49.563351,0],[35.488458,49.562321,0],[35.488662,49.560365,0],[35.489123,49.557247,0],[35.491376,49.543604,0],[35.491988,49.539741,0],[35.49247,49.536413,0],[35.492674,49.533739,0],[35.493329,49.517881,0],[35.493254,49.515033,0],[35.493103,49.513772,0],[35.49291,49.512608,0],[35.492309,49.510094,0],[35.491966,49.508875,0],[35.4907,49.505154,0],[35.489434,49.501824,0],[35.487417,49.496891,0],[35.487181,49.496166,0],[35.48687,49.495337,0],[35.48614,49.4925,0],[35.485926,49.491392,0],[35.48584,49.490786,0],[35.485775,49.490124,0],[35.485775,49.488598,0],[35.485904,49.4868,0],[35.486012,49.486054,0],[35.486162,49.485273,0],[35.486634,49.483593,0],[35.487342,49.481488,0],[35.487685,49.480373,0],[35.488329,49.478742,0],[35.48996,49.474977,0],[35.490603,49.47336,0],[35.491301,49.471784,0],[35.492773,49.468624,0],[35.496762,49.459443,0],[35.502641,49.444629,0],[35.50719,49.433696,0],[35.510838,49.425135,0],[35.514261,49.416906,0],[35.517018,49.410387,0],[35.517994,49.407783,0],[35.518466,49.406198,0],[35.518702,49.405109,0],[35.518906,49.403873,0],[35.519024,49.402847,0],[35.519035,49.401535,0],[35.518895,49.400145,0],[35.518627,49.398867,0],[35.51823,49.397555,0],[35.517651,49.396061,0],[35.516535,49.393889,0],[35.513552,49.388945,0],[35.510119,49.383532,0],[35.508993,49.381514,0],[35.508167,49.379907,0],[35.507491,49.378336,0],[35.506804,49.376436,0],[35.50645,49.375164,0],[35.50616,49.37362,0],[35.506053,49.372216,0],[35.506064,49.370833,0],[35.506139,49.369471,0],[35.506278,49.368346,0],[35.506632,49.366739,0],[35.507802,49.362714,0],[35.514486,49.343439,0],[35.514936,49.342041,0],[35.515076,49.341468,0],[35.515183,49.340762,0],[35.515237,49.339427,0],[35.515226,49.337679,0],[35.515119,49.336749,0],[35.514872,49.335358,0],[35.514636,49.334477,0],[35.514454,49.333932,0],[35.513939,49.33259,0],[35.512876,49.330394,0],[35.509079,49.322877,0],[35.505592,49.315835,0],[35.500453,49.305532,0],[35.500023,49.304496,0],[35.499616,49.303321,0],[35.499144,49.30181,0],[35.498908,49.300893,0],[35.49865,49.299641,0],[35.498457,49.298116,0],[35.498371,49.296954,0],[35.498328,49.295751,0],[35.498457,49.293211,0],[35.498596,49.292098,0],[35.498875,49.29065,0],[35.499208,49.289201,0],[35.499508,49.288215,0],[35.499938,49.287039,0],[35.500066,49.286737,0],[35.500115,49.286504,0],[35.500104,49.286392,0],[35.50005,49.286294,0],[35.49994,49.286223,0],[35.499695,49.286179,0],[35.499452,49.286263,0],[35.49931,49.286346,0],[35.499069,49.286581,0],[35.500762,49.283283,0],[35.504459,49.276508,0],[35.512588,49.260974,0],[35.513735,49.258927,0],[35.514829,49.256854,0],[35.516048,49.254108,0],[35.516391,49.252738,0],[35.516574,49.251281,0],[35.51691,49.228958,0],[35.51711,49.221611,0],[35.517169,49.208331,0],[35.51658,49.206043,0],[35.51239,49.196484,0],[35.513261,49.196633,0],[35.512254,49.194423,0],[35.506032,49.180427,0],[35.500817,49.168987,0],[35.498307,49.163417,0],[35.497781,49.162161,0],[35.497212,49.16073,0],[35.495485,49.156682,0],[35.494326,49.153784,0],[35.482997,49.128439,0],[35.477782,49.116495,0],[35.471091,49.101287,0],[35.470076,49.098941,0],[35.469633,49.098069,0],[35.469108,49.097168,0],[35.468367,49.096041,0],[35.461038,49.085937,0],[35.460619,49.085314,0],[35.458218,49.082631,0],[35.456818,49.081342,0],[35.456779,49.081284,0],[35.452389,49.078103,0],[35.450502,49.076866,0],[35.447613,49.074836,0],[35.440371,49.070018,0],[35.43552,49.066695,0],[35.434086,49.065546,0],[35.432726,49.064519,0],[35.430463,49.062603,0],[35.427023,49.058773,0],[35.426215,49.05746,0],[35.425174,49.05502,0],[35.424519,49.05241,0],[35.424275,49.049711,0],[35.424416,49.047692,0],[35.424447,49.047291,0],[35.424796,49.044794,0],[35.425415,49.041948,0],[35.4258,49.039812,0],[35.426265,49.038017,0],[35.426512,49.036599,0],[35.426651,49.034872,0],[35.426613,49.033049,0],[35.42642,49.031238,0],[35.425829,49.023773,0],[35.425626,49.021945,0],[35.425334,49.020617,0],[35.42447,49.017998,0],[35.423573,49.016121,0],[35.422485,49.014278,0],[35.420969,49.012053,0],[35.419616,49.009945,0],[35.418163,49.007796,0],[35.417753,49.007237,0],[35.416456,49.005301,0],[35.415941,49.004342,0],[35.41565,49.003736,0],[35.415393,49.002839,0],[35.415225,49.001956,0],[35.415168,49.001263,0],[35.415144,49.000492,0],[35.415238,48.999707,0],[35.41576,48.997289,0],[35.416511,48.994297,0],[35.419128,48.983398,0],[35.419448,48.982261,0],[35.419708,48.98162,0],[35.420051,48.980869,0],[35.420501,48.980011,0],[35.421058,48.97919,0],[35.421638,48.978401,0],[35.42247,48.977424,0],[35.423698,48.976036,0],[35.42411,48.975528,0],[35.424659,48.974781,0],[35.42522,48.973918,0],[35.425758,48.972969,0],[35.426639,48.971149,0],[35.427341,48.969276,0],[35.427581,48.968399,0],[35.42778,48.967441,0],[35.427921,48.966358,0],[35.428028,48.965271,0],[35.428104,48.963699,0],[35.428611,48.951766,0],[35.428741,48.949199,0],[35.428821,48.94664,0],[35.428821,48.945377,0],[35.428585,48.94321,0],[35.42836,48.9421,0],[35.42797,48.940788,0],[35.427368,48.939151,0],[35.426868,48.938041,0],[35.426311,48.936878,0],[35.425628,48.935737,0],[35.424785,48.934448,0],[35.423011,48.932197,0],[35.421188,48.930244,0],[35.417938,48.926818,0],[35.412498,48.921001,0],[35.409618,48.917999,0],[35.402149,48.910079,0],[35.399391,48.907051,0],[35.393589,48.900848,0],[35.392368,48.899459,0],[35.391414,48.898445,0],[35.390628,48.897529,0],[35.389839,48.896518,0],[35.388999,48.895225,0],[35.388595,48.89455,0],[35.3875,48.892421,0],[35.387084,48.891391,0],[35.386505,48.889541,0],[35.386299,48.888732,0],[35.386169,48.88805,0],[35.386039,48.88697,0],[35.385311,48.877079,0],[35.385101,48.87553,0],[35.384815,48.874454,0],[35.384445,48.873317,0],[35.38377,48.871521,0],[35.38274,48.86951,0],[35.382278,48.86869,0],[35.381641,48.867771,0],[35.379126,48.864423,0],[35.378219,48.863124,0],[35.377167,48.861824,0],[35.376899,48.861465,0],[35.375629,48.86,0],[35.374019,48.858203,0],[35.372314,48.856441,0],[35.370971,48.855194,0],[35.3698,48.854179,0],[35.368209,48.852901,0],[35.365757,48.851089,0],[35.361507,48.847999,0],[35.355999,48.843948,0],[35.351188,48.840381,0],[35.346427,48.836948,0],[35.342029,48.83369,0],[35.337139,48.83015,0],[35.333641,48.827571,0],[35.327716,48.823238,0],[35.323661,48.82022,0],[35.320911,48.81813,0],[35.319065,48.816631,0],[35.317848,48.81554,0],[35.316295,48.814079,0],[35.314952,48.812679,0],[35.313659,48.811199,0],[35.312847,48.810218,0],[35.311751,48.80882,0],[35.311276,48.808135,0],[35.308056,48.803748,0],[35.306447,48.801827,0],[35.305221,48.800453,0],[35.30413,48.799321,0],[35.302795,48.79803,0],[35.296853,48.792687,0],[35.294827,48.790828,0],[35.29321,48.789281,0],[35.291764,48.787809,0],[35.289335,48.785249,0],[35.287475,48.783331,0],[35.28515,48.780892,0],[35.278442,48.773826,0],[35.275295,48.770481,0],[35.273425,48.768439,0],[35.271489,48.766376,0],[35.269504,48.764295,0],[35.261159,48.755442,0],[35.260256,48.75443,0],[35.259131,48.753212,0],[35.258079,48.751959,0],[35.257328,48.750886,0],[35.256723,48.749913,0],[35.256122,48.748866,0],[35.255385,48.747446,0],[35.254653,48.745945,0],[35.254243,48.745151,0],[35.253352,48.742742,0],[35.253095,48.741741,0],[35.25275,48.739824,0],[35.252556,48.738477,0],[35.252554,48.737671,0],[35.252551,48.736602,0],[35.252629,48.735445,0],[35.252903,48.733638,0],[35.253269,48.731879,0],[35.253474,48.729366,0],[35.253432,48.728114,0],[35.253314,48.726804,0],[35.253017,48.725284,0],[35.252643,48.723761,0],[35.252085,48.721649,0],[35.251139,48.718392,0],[35.250052,48.71575,0],[35.249638,48.715063,0],[35.247452,48.711839,0],[35.244223,48.708295,0],[35.242237,48.706161,0],[35.240883,48.704751,0],[35.239701,48.703648,0],[35.231961,48.697159,0],[35.222703,48.68955,0],[35.220737,48.687898,0],[35.218801,48.686346,0],[35.216667,48.684539,0],[35.215171,48.6833,0],[35.214374,48.682617,0],[35.213798,48.682086,0],[35.212635,48.680908,0],[35.21183,48.680027,0],[35.211158,48.67918,0],[35.210281,48.67802,0],[35.209651,48.677127,0],[35.208366,48.675212,0],[35.207275,48.673648,0],[35.206142,48.672157,0],[35.205249,48.6711,0],[35.203723,48.669437,0],[35.202049,48.667812,0],[35.200046,48.666053,0],[35.198104,48.664405,0],[35.193275,48.660232,0],[35.187244,48.655071,0],[35.184612,48.652771,0],[35.182941,48.651359,0],[35.181911,48.650543,0],[35.180294,48.649379,0],[35.179016,48.648559,0],[35.177783,48.647819,0],[35.173717,48.645431,0],[35.173019,48.644989,0],[35.172279,48.644493,0],[35.171314,48.643798,0],[35.17089,48.643486,0],[35.169891,48.642696,0],[35.169128,48.642055,0],[35.168098,48.641113,0],[35.167064,48.640083,0],[35.166175,48.639133,0],[35.164955,48.637634,0],[35.164005,48.636299,0],[35.163539,48.635555,0],[35.161285,48.631881,0],[35.157032,48.624843,0],[35.155044,48.621646,0],[35.152523,48.617488,0],[35.151447,48.615783,0],[35.150192,48.613712,0],[35.149635,48.612743,0],[35.149227,48.611938,0],[35.148872,48.611179,0],[35.148357,48.60984,0],[35.14801,48.608741,0],[35.147548,48.606872,0],[35.14743,48.606132,0],[35.147289,48.604534,0],[35.147289,48.602867,0],[35.147327,48.602233,0],[35.147464,48.601028,0],[35.147644,48.600006,0],[35.147789,48.59938,0],[35.148094,48.598236,0],[35.148471,48.597099,0],[35.148738,48.596412,0],[35.149124,48.595542,0],[35.150123,48.593654,0],[35.150497,48.593051,0],[35.151271,48.591911,0],[35.151962,48.590972,0],[35.153476,48.589218,0],[35.153717,48.588844,0],[35.153793,48.588623,0],[35.153751,48.588432,0],[35.153697,48.588333,0],[35.153541,48.588146,0],[35.153434,48.588062,0],[35.153293,48.587997,0],[35.153102,48.587944,0],[35.152858,48.587909,0],[35.152645,48.587917,0],[35.152412,48.587963,0],[35.152015,48.58813,0],[35.151935,48.588188,0],[35.151817,48.588314,0],[35.151737,48.588478,0],[35.151721,48.588565,0],[35.151721,48.588699,0],[35.151817,48.588893,0],[35.151924,48.589027,0],[35.152,48.589092,0],[35.152362,48.589355,0],[35.154151,48.590168,0],[35.154529,48.590301,0],[35.154785,48.590347,0],[35.155017,48.590351,0],[35.155231,48.59032,0],[35.155395,48.590274,0],[35.155567,48.590213,0],[35.155693,48.590129,0],[35.155815,48.590023,0],[35.155864,48.589942,0],[35.155906,48.589805,0],[35.155918,48.589534,0],[35.155864,48.589389,0],[35.155792,48.589283,0],[35.155632,48.589164,0],[35.155422,48.589057,0],[35.15517,48.588993,0],[35.154853,48.588966,0],[35.154582,48.588993,0],[35.154296,48.589073,0],[35.154045,48.58921,0],[35.15382,48.58937,0],[35.153274,48.589851,0],[35.152538,48.590667,0],[35.151702,48.591751,0],[35.151044,48.592731,0]]},"properties":{"name":"М 18","tessellate":true,"description":"http://routes.in.ua/international/harkov-simferopol-m-18/"}},
{"type":"Feature","geometry":{"type":"LineString","coordinates":[[30.634091,50.462024,0],[30.628982,50.460643,0],[30.628637,50.46066,0],[30.628462,50.46071,0],[30.628374,50.460764,0],[30.628317,50.460829,0],[30.628248,50.460977,0],[30.628258,50.461106,0],[30.628318,50.461221,0],[30.628355,50.461252,0],[30.628585,50.461324,0],[30.62888,50.461323,0],[30.628997,50.461304,0],[30.629207,50.461231,0],[30.629811,50.460411,0],[30.629805,50.460237,0],[30.629673,50.46011,0],[30.629551,50.460057,0],[30.629421,50.460032,0],[30.629262,50.460038,0],[30.629117,50.460062,0],[30.62898,50.460116,0],[30.628892,50.460184,0],[30.62885,50.460238,0],[30.628835,50.460304,0],[30.628844,50.460409,0],[30.628868,50.460445,0],[30.628959,50.460514,0],[30.629083,50.460571,0],[30.630457,50.460967,0],[30.632046,50.461367,0],[30.63323,50.461684,0],[30.640058,50.46355,0],[30.647145,50.465457,0],[30.652562,50.466846,0],[30.653596,50.467156,0],[30.65699,50.468034,0],[30.659311,50.468665,0],[30.678052,50.473859,0],[30.691038,50.47743,0],[30.697227,50.47916,0],[30.704965,50.481262,0],[30.712146,50.483237,0],[30.71708,50.484568,0],[30.720045,50.485399,0],[30.724083,50.486491,0],[30.724763,50.486657,0],[30.732192,50.488729,0],[30.734438,50.489321,0],[30.73763,50.490209,0],[30.738081,50.490347,0],[30.738287,50.490393,0],[30.739059,50.49073,0],[30.740415,50.491174,0],[30.740534,50.491266,0],[30.742202,50.491714,0],[30.744821,50.492446,0],[30.746896,50.492996,0],[30.755731,50.495456,0],[30.758935,50.496322,0],[30.763822,50.497684,0],[30.765146,50.498039,0],[30.766267,50.498264,0],[30.768585,50.498687,0],[30.77058,50.499076,0],[30.771139,50.499214,0],[30.771524,50.499359,0],[30.771932,50.49961,0],[30.772512,50.500278,0],[30.774143,50.502403,0],[30.775569,50.504207,0],[30.77699,50.506094,0],[30.778327,50.507785,0],[30.780258,50.510299,0],[30.780775,50.510884,0],[30.782223,50.512846,0],[30.783136,50.514033,0],[30.784132,50.515253,0],[30.790451,50.523433,0],[30.791314,50.524538,0],[30.792456,50.525868,0],[30.794201,50.528125,0],[30.794887,50.529209,0],[30.79593,50.530478,0],[30.796217,50.530768,0],[30.797577,50.532358,0],[30.798572,50.533632,0],[30.802381,50.538596,0],[30.810036,50.548447,0],[30.81536,50.55535,0],[30.816699,50.557373,0],[30.820754,50.562569,0],[30.825373,50.568562,0],[30.838902,50.586004,0],[30.839361,50.586583,0],[30.83976,50.586973,0],[30.840552,50.587894,0],[30.844969,50.593585,0],[30.84682,50.595901,0],[30.848901,50.598587,0],[30.850059,50.600132,0],[30.852312,50.60305,0],[30.855703,50.607383,0],[30.858449,50.610965,0],[30.859758,50.612617,0],[30.86038,50.613456,0],[30.863557,50.617527,0],[30.864158,50.618347,0],[30.865209,50.619678,0],[30.868472,50.623897,0],[30.869186,50.62485,0],[30.869775,50.625703,0],[30.87,50.626068,0],[30.876437,50.634403,0],[30.877683,50.635961,0],[30.880324,50.639385,0],[30.880969,50.640195,0],[30.881088,50.640369,0],[30.881624,50.640922,0],[30.883234,50.642959,0],[30.886087,50.646652,0],[30.896516,50.660018,0],[30.901042,50.665897,0],[30.908082,50.674953,0],[30.912115,50.680126,0],[30.912759,50.680919,0],[30.920526,50.690918,0],[30.926149,50.698104,0],[30.928047,50.700611,0],[30.928819,50.701683,0],[30.930686,50.704109,0],[30.934646,50.709201,0],[30.939378,50.715225,0],[30.942543,50.719299,0],[30.944763,50.722099,0],[30.945922,50.723617,0],[30.946174,50.723918,0],[30.947526,50.725669,0],[30.950113,50.728954,0],[30.961555,50.743242,0],[30.962091,50.74397,0],[30.97246,50.757237,0],[30.981553,50.768779,0],[30.985578,50.774125,0],[30.990516,50.78034,0],[31.006538,50.800848,0],[31.01122,50.806802,0],[31.030227,50.831108,0],[31.034345,50.836391,0],[31.036333,50.839035,0],[31.037963,50.841129,0],[31.040931,50.844831,0],[31.056627,50.865089,0],[31.057062,50.865528,0],[31.057524,50.866083,0],[31.060828,50.87043,0],[31.078163,50.892517,0],[31.079141,50.893795,0],[31.079566,50.894439,0],[31.079841,50.894981,0],[31.080259,50.895999,0],[31.080438,50.896572,0],[31.080553,50.897106,0],[31.081054,50.90015,0],[31.082044,50.905624,0],[31.082114,50.906098,0],[31.082264,50.906686,0],[31.082355,50.906933,0],[31.082575,50.907495,0],[31.082774,50.907894,0],[31.083831,50.909558,0],[31.085086,50.911473,0],[31.085558,50.912109,0],[31.086642,50.913414,0],[31.087151,50.913938,0],[31.087613,50.914385,0],[31.0889,50.915494,0],[31.089978,50.916313,0],[31.09633,50.920942,0],[31.097114,50.921573,0],[31.100093,50.923706,0],[31.115513,50.93504,0],[31.116473,50.935818,0],[31.117361,50.936644,0],[31.117747,50.937036,0],[31.118123,50.937467,0],[31.118412,50.937863,0],[31.118876,50.938629,0],[31.119279,50.93946,0],[31.119499,50.939999,0],[31.119791,50.940829,0],[31.122975,50.951819,0],[31.123964,50.955345,0],[31.125453,50.960376,0],[31.126348,50.96318,0],[31.126901,50.965335,0],[31.127527,50.967582,0],[31.131555,50.981529,0],[31.132139,50.983867,0],[31.133386,50.988266,0],[31.134506,50.992092,0],[31.141903,51.016408,0],[31.143452,51.02166,0],[31.144598,51.02544,0],[31.145124,51.027064,0],[31.150482,51.045417,0],[31.151357,51.048309,0],[31.151922,51.050281,0],[31.153377,51.054985,0],[31.154415,51.058441,0],[31.156572,51.065887,0],[31.157296,51.068009,0],[31.157806,51.069843,0],[31.1637,51.090271,0],[31.16662,51.100616,0],[31.169023,51.108806,0],[31.171838,51.118709,0],[31.178554,51.142028,0],[31.179864,51.14669,0],[31.180427,51.14854,0],[31.180942,51.150444,0],[31.184558,51.162883,0],[31.1874,51.172756,0],[31.187702,51.173553,0],[31.188034,51.174293,0],[31.188505,51.17506,0],[31.189401,51.176296,0],[31.195495,51.184413,0],[31.198789,51.188938,0],[31.203628,51.195335,0],[31.213558,51.208534,0],[31.218501,51.215024,0],[31.231709,51.232673,0],[31.23254,51.233822,0],[31.233484,51.235428,0],[31.233873,51.236259,0],[31.234994,51.238914,0],[31.235588,51.240436,0],[31.245815,51.265754,0],[31.246002,51.266258,0],[31.247537,51.270027,0],[31.254284,51.286973,0],[31.256359,51.292098,0],[31.257123,51.294044,0],[31.26313,51.308696,0],[31.267921,51.320533,0],[31.273569,51.334583,0],[31.279584,51.349361,0],[31.279851,51.350158,0],[31.279888,51.350563,0],[31.279884,51.350959,0],[31.279809,51.351593,0],[31.279642,51.352119,0],[31.279497,51.352432,0],[31.279085,51.353111,0],[31.278858,51.353412,0],[31.278629,51.353668,0],[31.278371,51.3539,0],[31.277706,51.354396,0],[31.277233,51.354717,0],[31.276815,51.354961,0],[31.276124,51.3553,0],[31.275571,51.355525,0],[31.274669,51.355804,0],[31.272657,51.356353,0],[31.265485,51.358253,0],[31.256398,51.360707,0],[31.255518,51.360909,0],[31.254327,51.361149,0],[31.252693,51.361429,0],[31.251398,51.361604,0],[31.250212,51.361696,0],[31.249143,51.361746,0],[31.230169,51.361634,0],[31.228452,51.361642,0],[31.227331,51.361695,0],[31.226559,51.361751,0],[31.22554,51.36187,0],[31.224627,51.362011,0],[31.223486,51.362223,0],[31.222177,51.362544,0],[31.221773,51.36267,0],[31.220885,51.36296,0],[31.21964,51.363429,0],[31.219044,51.363692,0],[31.218562,51.363916,0],[31.217665,51.364397,0],[31.217028,51.36477,0],[31.216158,51.365353,0],[31.215773,51.365639,0],[31.21485,51.366448,0],[31.214271,51.367035,0],[31.210495,51.371395,0],[31.205951,51.376548,0],[31.205505,51.377117,0],[31.205276,51.377456,0],[31.204793,51.378238,0],[31.20454,51.378726,0],[31.204332,51.379203,0],[31.204122,51.379955,0],[31.203983,51.380687,0],[31.203918,51.381633,0],[31.203987,51.382564,0],[31.204116,51.383205,0],[31.20483,51.385524,0],[31.204996,51.38623,0],[31.205059,51.386856,0],[31.205076,51.387752,0],[31.205024,51.388191,0],[31.20491,51.388572,0],[31.204416,51.389667,0],[31.204053,51.390331,0],[31.20372,51.390823,0],[31.203144,51.391536,0],[31.20277,51.391914,0],[31.202186,51.392448,0],[31.199422,51.394878,0],[31.193538,51.399997,0],[31.192358,51.401065,0],[31.191762,51.401638,0],[31.191017,51.40245,0],[31.190238,51.403499,0],[31.189525,51.404537,0],[31.189027,51.405468,0],[31.188522,51.406681,0],[31.188335,51.40723,0],[31.188077,51.408142,0],[31.186088,51.417802,0],[31.185079,51.422581,0],[31.184712,51.424533,0],[31.183358,51.431333,0],[31.183167,51.43218,0],[31.182962,51.432943,0],[31.18275,51.433628,0],[31.182422,51.434555,0],[31.182294,51.434856,0],[31.179847,51.440197,0],[31.177224,51.445773,0],[31.175647,51.449212,0],[31.175255,51.450128,0],[31.175125,51.450493,0],[31.174995,51.450992,0],[31.174885,51.45178,0],[31.174863,51.45233,0],[31.174994,51.453245,0],[31.175328,51.454306,0],[31.175575,51.454885,0],[31.175775,51.455254,0],[31.176178,51.455845,0],[31.176607,51.456395,0],[31.176961,51.456768,0],[31.177509,51.457279,0],[31.178131,51.457794,0],[31.179328,51.458629,0],[31.18223,51.46054,0],[31.183946,51.461719,0],[31.185937,51.463039,0],[31.186885,51.463752,0],[31.187358,51.464168,0],[31.187765,51.464572,0],[31.18828,51.465175,0],[31.188774,51.465839,0],[31.189289,51.466869,0],[31.18946,51.467281,0],[31.189584,51.467689,0],[31.189653,51.467979,0],[31.189733,51.468533,0],[31.189761,51.469093,0],[31.189579,51.471485,0],[31.189133,51.475418,0],[31.188774,51.478324,0],[31.188415,51.480331,0],[31.187906,51.482391,0],[31.186784,51.486625,0],[31.184864,51.494041,0],[31.184059,51.496974,0],[31.183925,51.497383,0],[31.183126,51.499481,0],[31.176757,51.515193,0],[31.176216,51.516624,0],[31.175819,51.517814,0],[31.175373,51.519451,0],[31.172294,51.532314,0],[31.172069,51.533489,0],[31.172006,51.534263,0],[31.17201,51.534957,0],[31.172113,51.535823,0],[31.1723,51.536731,0],[31.172498,51.537319,0],[31.172777,51.538044,0],[31.173154,51.53886,0],[31.173406,51.539291,0],[31.173839,51.539962,0],[31.174634,51.540958,0],[31.174976,51.541328,0],[31.175615,51.541965,0],[31.176431,51.542677,0],[31.177217,51.543282,0],[31.1808,51.545885,0],[31.181417,51.546372,0],[31.184301,51.548452,0],[31.185016,51.548923,0],[31.185706,51.549303,0],[31.186694,51.549788,0],[31.187748,51.550193,0],[31.189163,51.550648,0],[31.190179,51.550892,0],[31.191057,51.551063,0],[31.21583,51.555549,0],[31.218295,51.556007,0],[31.220958,51.556456,0],[31.221819,51.556581,0],[31.225026,51.556941,0],[31.226896,51.557073,0],[31.228996,51.557171,0],[31.231161,51.557213,0],[31.232139,51.557208,0],[31.23731,51.557133,0],[31.241577,51.557055,0],[31.242469,51.557056,0],[31.243224,51.557101,0],[31.243633,51.557142,0],[31.244587,51.557299,0],[31.245871,51.557632,0],[31.246332,51.557786,0],[31.246816,51.557975,0],[31.247363,51.558224,0],[31.248017,51.558582,0],[31.248661,51.559006,0],[31.24915,51.559426,0],[31.249452,51.559722,0],[31.249853,51.560195,0],[31.250186,51.560733,0],[31.250444,51.561283,0],[31.250577,51.561706,0],[31.250659,51.562572,0],[31.250616,51.562999,0],[31.250492,51.563465,0],[31.250143,51.564262,0],[31.249418,51.56565,0],[31.242494,51.578304,0],[31.239816,51.583145,0],[31.235788,51.59053,0],[31.235637,51.590766,0],[31.234758,51.592407,0],[31.23237,51.596725,0],[31.229909,51.601261,0],[31.221921,51.615776,0],[31.209428,51.638584,0],[31.208988,51.639335,0],[31.20828,51.64067,0],[31.207668,51.641754,0],[31.20675,51.643463,0],[31.201156,51.653621,0],[31.182842,51.686981,0],[31.182048,51.688392,0],[31.180947,51.690446,0],[31.180465,51.691135,0],[31.180315,51.691295,0],[31.178899,51.693948,0],[31.173685,51.70341,0],[31.172268,51.70587,0],[31.169339,51.711302,0],[31.161883,51.724775,0],[31.1614,51.725692,0],[31.160917,51.726536,0],[31.158149,51.7316,0],[31.151755,51.743101,0],[31.148601,51.74888,0],[31.147066,51.751617,0],[31.142786,51.759434,0],[31.141927,51.760782,0],[31.141444,51.761446,0],[31.140918,51.762081,0],[31.140329,51.762714,0],[31.139685,51.763298,0],[31.117492,51.782768,0],[31.111972,51.787542,0],[31.110983,51.788439,0],[31.109848,51.789519,0],[31.107273,51.791776,0],[31.107058,51.791928,0],[31.104134,51.794457,0],[31.101522,51.796799,0],[31.101394,51.796892,0],[31.098443,51.799453,0],[31.09677,51.800959,0],[31.09501,51.802505,0],[31.093841,51.803513,0],[31.093125,51.804094,0],[31.090064,51.806917,0],[31.088369,51.808363,0],[31.087425,51.809092,0],[31.087017,51.809464,0],[31.085392,51.811782,0],[31.078777,51.829891,0],[31.072104,51.848292,0],[31.060989,51.878504,0],[31.056586,51.890356,0],[31.040314,51.934562,0],[31.040093,51.935307,0],[31.039536,51.936778,0],[31.029468,51.964121,0],[31.016175,52.000009,0],[31.015428,52.002071,0],[31.01214,52.010887,0],[31.010735,52.014591,0],[31.008407,52.020982,0],[31.007793,52.022552,0],[31.007469,52.023589,0],[31.006476,52.026198,0],[31.006047,52.027406,0],[31.005705,52.028267,0],[31.005515,52.028622,0],[31.005375,52.028832,0],[31.00492,52.029331,0],[31.004564,52.029679,0],[31.004188,52.029974,0],[31.003608,52.030383,0],[31.003035,52.030817,0],[31.002647,52.031143,0],[31.002132,52.031657,0],[31.001843,52.032081,0],[31.00163,52.032588,0],[31.000691,52.037275,0],[31,52.039825,0],[30.999914,52.040281,0],[30.999732,52.040724,0],[30.999453,52.041261,0],[30.999088,52.041802,0],[30.983119,52.058586,0],[30.982221,52.059574,0],[30.979925,52.061993,0],[30.978409,52.063579,0],[30.977732,52.064251,0],[30.976171,52.065954,0],[30.974354,52.067862,0],[30.973587,52.068723,0],[30.973434,52.068931,0],[30.972607,52.07012,0],[30.971408,52.071999,0],[30.970928,52.072646,0],[30.970382,52.073315,0],[30.970875,52.074118,0],[30.970932,52.074264,0],[30.970926,52.074355,0],[30.97087,52.074538,0],[30.970724,52.074795,0],[30.970591,52.074983,0],[30.970438,52.075141,0],[30.970317,52.075231,0],[30.970048,52.075335,0],[30.969886,52.075372,0],[30.969719,52.075391,0],[30.969371,52.075407,0],[30.968797,52.075408,0],[30.968142,52.076377,0],[30.964268,52.081319,0],[30.964136,52.08154,0]]},"properties":{"name":"М 01","tessellate":true,"description":"Киев Н Яриловичи (http://routes.in.ua/international/kiev-n-yarilovichi-m01/)"}},
{"type":"Feature","geometry":{"type":"LineString","coordinates":[[31.165144,51.067584,0],[31.176516,51.069211,0],[31.188898,51.071014,0],[31.197132,51.072189,0],[31.199096,51.072452,0],[31.214685,51.074668,0],[31.217479,51.075008,0],[31.251404,51.07991,0],[31.263141,51.081619,0],[31.278269,51.083725,0],[31.307645,51.087917,0],[31.337364,51.092122,0],[31.393728,51.10013,0],[31.476978,51.111956,0],[31.483061,51.112791,0],[31.48682,51.11334,0],[31.500399,51.115256,0],[31.513129,51.117014,0],[31.553056,51.122637,0],[31.573033,51.125398,0],[31.592989,51.128307,0],[31.638258,51.134579,0],[31.644359,51.13547,0],[31.662431,51.13792,0],[31.665591,51.138129,0],[31.668659,51.138129,0],[31.669829,51.138089,0],[31.672519,51.138038,0],[31.677554,51.137812,0],[31.680903,51.137719,0],[31.686417,51.137583,0],[31.697513,51.13736,0],[31.700468,51.137323,0],[31.702508,51.13748,0],[31.702999,51.137477,0],[31.714922,51.138722,0],[31.72357,51.139725,0],[31.73226,51.140647,0],[31.734953,51.140916,0],[31.736509,51.141017,0],[31.737839,51.141037,0],[31.73974,51.140957,0],[31.745426,51.140573,0],[31.747878,51.140376,0],[31.787975,51.137571,0],[31.802697,51.136315,0],[31.8078,51.135958,0],[31.813277,51.135633,0],[31.824765,51.136467,0],[31.836318,51.137407,0],[31.862068,51.139041,0],[31.873401,51.13981,0],[31.89568,51.141225,0],[31.907522,51.142043,0],[31.920001,51.142951,0],[31.930314,51.143641,0],[31.93248,51.143862,0],[31.946588,51.146454,0],[31.960611,51.149075,0],[31.966813,51.150204,0],[31.972132,51.151037,0],[31.972885,51.151173,0],[31.985651,51.153555,0],[32.036125,51.162811,0],[32.077754,51.170448,0],[32.103725,51.175442,0],[32.168998,51.187099,0],[32.205949,51.194191,0],[32.23938,51.198198,0],[32.291561,51.204528,0],[32.29483,51.2047,0],[32.308559,51.206421,0],[32.335193,51.209607,0],[32.33712,51.209896,0],[32.340102,51.210178,0],[32.342956,51.210514,0],[32.358427,51.212382,0],[32.366946,51.21343,0],[32.446639,51.222771,0],[32.453957,51.223725,0],[32.456231,51.224101,0],[32.459965,51.224894,0],[32.465361,51.226077,0],[32.470822,51.227306,0],[32.482463,51.229819,0],[32.494254,51.232446,0],[32.54734,51.243986,0],[32.571673,51.249305,0],[32.584012,51.252018,0],[32.595599,51.254476,0],[32.615511,51.258827,0],[32.624671,51.260751,0],[32.645381,51.265285,0],[32.666023,51.269675,0],[32.681901,51.273139,0],[32.698681,51.27675,0],[32.73531,51.284696,0],[32.752325,51.288265,0],[32.75342,51.288225,0],[32.755415,51.288668,0],[32.758849,51.289607,0],[32.790616,51.298637,0],[32.792473,51.299141,0],[32.80114,51.301603,0],[32.80601,51.302952,0],[32.810945,51.304374,0],[32.813391,51.305052,0],[32.815933,51.30579,0],[32.830839,51.30999,0],[32.84007,51.312619,0],[32.849266,51.31517,0],[32.86824,51.320501,0],[32.871105,51.321363,0],[32.886114,51.32559,0],[32.887858,51.326097,0],[32.889515,51.32665,0],[32.890577,51.327039,0],[32.891489,51.327421,0],[32.892798,51.328058,0],[32.894107,51.328849,0],[32.895289,51.329662,0],[32.896855,51.330873,0],[32.904203,51.336732,0],[32.911799,51.34275,0],[32.913591,51.344191,0],[32.915565,51.345558,0],[32.917829,51.346751,0],[32.918065,51.346832,0],[32.919556,51.347435,0],[32.921133,51.347944,0],[32.922914,51.3484,0],[32.930596,51.349834,0],[32.942784,51.352072,0],[32.944329,51.35242,0],[32.952998,51.354537,0],[32.960696,51.356444,0],[32.964596,51.357465,0],[32.970754,51.359026,0],[32.990409,51.363548,0],[32.992458,51.364131,0],[32.997308,51.366342,0],[33.00087,51.368351,0],[33.002629,51.369208,0],[33.016658,51.376701,0],[33.02576,51.381511,0],[33.03443,51.386058,0],[33.063269,51.401535,0],[33.065929,51.402927,0],[33.06744,51.403624,0],[33.068703,51.404178,0],[33.070171,51.404737,0],[33.071536,51.405229,0],[33.072685,51.405606,0],[33.073783,51.405939,0],[33.075521,51.406388,0],[33.094068,51.410632,0],[33.096378,51.411199,0],[33.101979,51.412432,0],[33.108987,51.414042,0],[33.142297,51.421597,0],[33.15382,51.424193,0],[33.164291,51.426588,0],[33.164981,51.42683,0],[33.190153,51.432427,0],[33.209334,51.436761,0],[33.211966,51.437378,0],[33.214508,51.438036,0],[33.215733,51.438399,0],[33.217116,51.438849,0],[33.218655,51.439393,0],[33.220786,51.440245,0],[33.222098,51.440843,0],[33.226958,51.443162,0],[33.232441,51.44593,0],[33.245311,51.45206,0],[33.284801,51.47129,0],[33.315066,51.485803,0],[33.334635,51.49531,0],[33.336922,51.496475,0],[33.337176,51.496617,0],[33.339196,51.497868,0],[33.340109,51.498457,0],[33.356955,51.509404,0],[33.361517,51.51243,0],[33.370258,51.518038,0],[33.374539,51.520821,0],[33.376854,51.522306,0],[33.377546,51.5227,0],[33.378447,51.523159,0],[33.379262,51.523504,0],[33.380891,51.524115,0],[33.38162,51.524364,0],[33.384144,51.52512,0],[33.385399,51.52546,0],[33.388548,51.52636,0],[33.390093,51.526767,0],[33.394559,51.527992,0],[33.39928,51.529251,0],[33.401053,51.52971,0],[33.404126,51.530543,0],[33.405615,51.530973,0],[33.406237,51.5312,0],[33.408016,51.531913,0],[33.414225,51.534718,0],[33.418913,51.536805,0],[33.426788,51.540377,0],[33.429825,51.541696,0],[33.436713,51.544634,0],[33.441557,51.546739,0],[33.443053,51.547349,0],[33.446143,51.548687,0],[33.45592,51.552838,0],[33.45839,51.553917,0],[33.463256,51.55597,0],[33.468226,51.558125,0],[33.470728,51.559167,0],[33.473022,51.560186,0],[33.479379,51.56286,0],[33.482439,51.564218,0],[33.48492,51.565251,0],[33.492841,51.568614,0],[33.505099,51.573912,0],[33.515725,51.578443,0],[33.518558,51.579637,0],[33.524072,51.58201,0],[33.526577,51.583206,0],[33.528889,51.584067,0],[33.596696,51.613027,0],[33.604313,51.616251,0],[33.621426,51.623585,0],[33.630052,51.627235,0],[33.703848,51.65857,0],[33.705862,51.659472,0],[33.716762,51.664091,0],[33.721204,51.665835,0],[33.731504,51.669109,0],[33.743842,51.672901,0],[33.756051,51.676773,0],[33.779601,51.684126,0],[33.791397,51.687855,0],[33.813968,51.694845,0],[33.830281,51.699937,0],[33.838554,51.702488,0],[33.846514,51.704989,0],[33.848843,51.705682,0],[33.850836,51.706363,0],[33.85286,51.707169,0],[33.865436,51.712824,0],[33.876051,51.717538,0],[33.881061,51.719731,0],[33.901745,51.728931,0],[33.954212,51.752306,0],[33.956533,51.753277,0],[33.957279,51.753638,0],[33.974469,51.761346,0],[34.013264,51.778541,0],[34.02645,51.784422,0],[34.02939,51.78571,0],[34.030924,51.78634,0],[34.03255,51.7868,0],[34.034636,51.787602,0],[34.036868,51.788259,0],[34.045064,51.790515,0],[34.053969,51.792997,0],[34.076285,51.799141,0],[34.086263,51.801914,0],[34.105457,51.807208,0],[34.108438,51.808118,0],[34.114008,51.809546,0],[34.14804,51.818935,0],[34.159191,51.822043,0],[34.170858,51.825228,0],[34.179363,51.827619,0],[34.189248,51.830289,0],[34.197006,51.832423,0],[34.197929,51.832635,0],[34.198585,51.832879,0],[34.205544,51.83473,0],[34.215575,51.837555,0],[34.223532,51.839737,0],[34.232954,51.842276,0],[34.239604,51.844112,0],[34.244832,51.845512,0],[34.248492,51.846586,0],[34.251694,51.847505,0],[34.253852,51.848218,0],[34.255399,51.84876,0],[34.256713,51.849296,0],[34.258364,51.84987,0],[34.263954,51.851997,0],[34.271132,51.854774,0],[34.28215,51.859001,0],[34.287209,51.860966,0],[34.305174,51.86784,0],[34.310078,51.869778,0],[34.321542,51.874109,0]]},"properties":{"name":"М 02","tessellate":true,"description":"Кипти - Бачевск (http://routes.in.ua/international/kipti-bachevsk-m-02/)"}},
{"type":"Feature","geometry":{"type":"LineString","coordinates":[[23.893385,49.300004,0],[23.895509,49.300907,0],[23.898972,49.302465,0],[23.899763,49.302795,0],[23.900469,49.3032,0],[23.901209,49.30368,0],[23.901971,49.304242,0],[23.902758,49.304868,0],[23.90588,49.307712,0],[23.907027,49.308666,0],[23.907932,49.309386,0],[23.908359,49.309692,0],[23.908762,49.309955,0],[23.909751,49.310554,0],[23.910318,49.310855,0],[23.910977,49.311129,0],[23.913558,49.312087,0],[23.914089,49.312331,0],[23.914424,49.312534,0],[23.914969,49.312954,0],[23.916008,49.313878,0],[23.916946,49.314814,0],[23.918368,49.316462,0],[23.919608,49.317954,0],[23.919865,49.318205,0],[23.920059,49.318373,0],[23.920641,49.318778,0],[23.922194,49.319703,0],[23.922994,49.320236,0],[23.923407,49.320564,0],[23.925268,49.322152,0],[23.92552,49.322349,0],[23.925783,49.322514,0],[23.926029,49.322639,0],[23.926247,49.322719,0],[23.926514,49.322796,0],[23.926952,49.322889,0],[23.928459,49.323021,0],[23.929014,49.323042,0],[23.930959,49.323184,0],[23.931924,49.323271,0],[23.932185,49.323311,0],[23.932351,49.323352,0],[23.932707,49.323477,0],[23.933664,49.32387,0],[23.934552,49.324413,0],[23.935338,49.324941,0],[23.936707,49.325959,0],[23.939609,49.327939,0],[23.939942,49.328148,0],[23.9402,49.328274,0],[23.940474,49.328373,0],[23.94106,49.328525,0],[23.942828,49.328945,0],[23.943932,49.329233,0],[23.946202,49.329603,0],[23.946826,49.329692,0],[23.947815,49.329868,0],[23.948281,49.329982,0],[23.948522,49.330081,0],[23.948783,49.330265,0],[23.949047,49.330516,0],[23.949348,49.330848,0],[23.949748,49.331389,0],[23.949953,49.331734,0],[23.950209,49.331872,0],[23.951372,49.332124,0],[23.951583,49.332189,0],[23.95178,49.3323,0],[23.95194,49.332418,0],[23.952114,49.332579,0],[23.952502,49.333006,0],[23.953566,49.333941,0],[23.954281,49.334429,0],[23.954805,49.33483,0],[23.955044,49.335079,0],[23.955227,49.335353,0],[23.955637,49.336373,0],[23.955781,49.336593,0],[23.955938,49.336719,0],[23.956076,49.336793,0],[23.956384,49.336903,0],[23.956622,49.336971,0],[23.957349,49.337129,0],[23.957832,49.337183,0],[23.958362,49.337187,0],[23.958564,49.337207,0],[23.958697,49.337246,0],[23.958883,49.337328,0],[23.959454,49.337767,0],[23.959854,49.337942,0],[23.96016,49.338023,0],[23.960853,49.338162,0],[23.96221,49.338371,0],[23.962568,49.338445,0],[23.963109,49.338603,0],[23.963595,49.338799,0],[23.964078,49.339163,0],[23.964405,49.339535,0],[23.964806,49.340068,0],[23.965217,49.340506,0],[23.965477,49.340697,0],[23.965853,49.340866,0],[23.966408,49.341024,0],[23.966794,49.341103,0],[23.967462,49.341213,0],[23.967769,49.341247,0],[23.969158,49.341323,0],[23.9694,49.341346,0],[23.969947,49.341438,0],[23.973369,49.342258,0],[23.976888,49.344062,0],[23.977748,49.344574,0],[23.978265,49.345087,0],[23.979645,49.347055,0],[23.981249,49.34837,0],[23.981604,49.348502,0],[23.981958,49.348605,0],[23.982303,49.348654,0],[23.982711,49.348688,0],[23.983055,49.348673,0],[23.983442,49.348616,0],[23.984194,49.348411,0],[23.985022,49.348165,0],[23.986743,49.347699,0],[23.990021,49.346782,0],[23.991075,49.346521,0],[23.991602,49.346415,0],[23.99186,49.346379,0],[23.992451,49.346378,0],[23.992762,49.346416,0],[23.993053,49.346467,0],[23.993569,49.346648,0],[23.994354,49.347016,0],[23.995365,49.347537,0],[23.998115,49.348902,0],[23.998512,49.34905,0],[23.998823,49.349113,0],[23.999112,49.349127,0],[23.99937,49.349113,0],[24.002982,49.348691,0],[24.005758,49.348394,0],[24.006069,49.348345,0],[24.006626,49.348221,0],[24.007269,49.347997,0],[24.007591,49.347914,0],[24.00802,49.34783,0],[24.008523,49.347754,0],[24.009134,49.347734,0],[24.011342,49.347932,0],[24.017945,49.34857,0],[24.023262,49.349524,0],[24.029865,49.350562,0],[24.030807,49.350907,0],[24.031322,49.351423,0],[24.03175,49.352024,0],[24.031749,49.352626,0],[24.031839,49.353133,0],[24.032435,49.353399,0],[24.035607,49.354099,0],[24.036466,49.354191,0],[24.036808,49.354194,0],[24.038558,49.353672,0],[24.038937,49.353583,0],[24.039239,49.353568,0],[24.039511,49.353589,0],[24.040497,49.353717,0],[24.041869,49.354056,0],[24.046497,49.355476,0],[24.052848,49.357452,0],[24.054822,49.358219,0],[24.05611,49.359169,0],[24.059116,49.361339,0],[24.059216,49.361448,0],[24.059267,49.361542,0],[24.059342,49.361727,0],[24.059466,49.362182,0],[24.059568,49.362382,0],[24.059788,49.362676,0],[24.059895,49.362777,0],[24.06008,49.36291,0],[24.060241,49.362992,0],[24.060464,49.363071,0],[24.062105,49.363509,0],[24.062339,49.363579,0],[24.062639,49.363701,0],[24.063173,49.364078,0],[24.063637,49.36444,0],[24.063913,49.364599,0],[24.064524,49.364863,0],[24.065809,49.365348,0],[24.066834,49.365915,0],[24.088272,49.377458,0],[24.090413,49.378624,0],[24.090857,49.378883,0],[24.091693,49.379508,0],[24.093407,49.380863,0],[24.09383,49.381166,0],[24.095271,49.382121,0],[24.096705,49.383034,0],[24.097049,49.383233,0],[24.097495,49.38344,0],[24.097612,49.383484,0],[24.098329,49.383641,0],[24.099191,49.38378,0],[24.099329,49.383791,0],[24.099733,49.383783,0],[24.100062,49.383746,0],[24.103014,49.383359,0],[24.105686,49.382875,0],[24.107144,49.382669,0],[24.134386,49.379253,0],[24.135546,49.379223,0],[24.136397,49.37922,0],[24.139121,49.379065,0],[24.140825,49.378997,0],[24.143095,49.378941,0],[24.146549,49.37893,0],[24.145915,49.379688,0],[24.143416,49.382464,0],[24.145631,49.382255,0],[24.149909,49.38209,0],[24.153716,49.381847,0],[24.154472,49.381856,0],[24.155749,49.381996,0],[24.157519,49.38238,0],[24.160652,49.383285,0],[24.161596,49.383665,0],[24.162798,49.384286,0],[24.164568,49.385648,0],[24.165866,49.386773,0],[24.166821,49.387765,0],[24.16842,49.389567,0],[24.168515,49.389645,0],[24.168692,49.389763,0],[24.169235,49.38998,0],[24.169885,49.390211,0],[24.170351,49.390327,0],[24.172239,49.39059,0],[24.174213,49.390754,0],[24.184384,49.390705,0],[24.186605,49.390677,0],[24.187689,49.390607,0],[24.188718,49.390495,0],[24.191293,49.38998,0],[24.192839,49.389769,0],[24.193954,49.389734,0],[24.194738,49.389811,0],[24.195768,49.390055,0],[24.200048,49.391724,0],[24.203256,49.393051,0],[24.204351,49.393428,0],[24.20522,49.393672,0],[24.207848,49.394301,0],[24.208428,49.394517,0],[24.208986,49.394772,0],[24.20957,49.395104,0],[24.210284,49.395659,0],[24.210976,49.396434,0],[24.21274,49.398791,0],[24.21307,49.399201,0],[24.213566,49.399735,0],[24.214414,49.400246,0],[24.214929,49.400487,0],[24.215468,49.40065,0],[24.216152,49.400809,0],[24.216605,49.400878,0],[24.218039,49.40105,0],[24.218587,49.40105,0],[24.219408,49.401005,0],[24.219808,49.401016,0],[24.220289,49.401085,0],[24.22056,49.401163,0],[24.221028,49.401356,0],[24.222826,49.402305,0],[24.223275,49.402518,0],[24.223663,49.402651,0],[24.224084,49.402741,0],[24.224451,49.402794,0],[24.225002,49.402845,0],[24.228431,49.403138,0],[24.228855,49.403189,0],[24.229054,49.403238,0],[24.229264,49.4033,0],[24.230483,49.403747,0],[24.233533,49.404795,0],[24.238057,49.406278,0],[24.239258,49.40662,0],[24.240195,49.406828,0],[24.240881,49.406951,0],[24.242273,49.40714,0],[24.247684,49.407749,0],[24.251804,49.408008,0],[24.255065,49.408607,0],[24.255666,49.408779,0],[24.256095,49.409122,0],[24.257726,49.411613,0],[24.258068,49.411869,0],[24.25867,49.412128,0],[24.259014,49.412212,0],[24.259449,49.412185,0],[24.259847,49.412101,0],[24.260812,49.411841,0],[24.261199,49.41175,0],[24.261408,49.411708,0],[24.261593,49.411702,0],[24.268309,49.411789,0],[24.273043,49.411793,0],[24.274418,49.41171,0],[24.280616,49.410685,0],[24.2869,49.409745,0],[24.291978,49.408719,0],[24.293958,49.408381,0],[24.298156,49.407759,0],[24.299631,49.407636,0],[24.303562,49.407231,0],[24.304504,49.407146,0],[24.308748,49.406952,0],[24.308632,49.407404,0],[24.308415,49.407897,0],[24.307868,49.408744,0],[24.307817,49.408944,0],[24.308562,49.408801,0],[24.308713,49.408757,0],[24.31231,49.407626,0],[24.312754,49.407474,0],[24.312997,49.407365,0],[24.315015,49.406872,0],[24.317922,49.406186,0],[24.319064,49.405931,0],[24.320721,49.40569,0],[24.321232,49.405632,0],[24.322425,49.405466,0],[24.32344,49.405287,0],[24.324594,49.405169,0],[24.325211,49.405021,0],[24.325732,49.404875,0],[24.326024,49.404829,0],[24.326641,49.404771,0],[24.326922,49.40469,0],[24.327563,49.404288,0],[24.328253,49.403718,0],[24.328477,49.403497,0],[24.328585,49.403303,0],[24.328635,49.402899,0],[24.328747,49.402399,0],[24.328818,49.402221,0],[24.328998,49.401926,0],[24.329202,49.401777,0],[24.329399,49.401664,0],[24.329624,49.401537,0],[24.32981,49.40146,0],[24.330148,49.401363,0],[24.330889,49.401204,0],[24.331259,49.401104,0],[24.331562,49.400994,0],[24.331873,49.400845,0],[24.33209,49.4007,0],[24.332327,49.40052,0],[24.33258,49.400275,0],[24.332884,49.399835,0],[24.332962,49.39965,0],[24.333238,49.398759,0],[24.333572,49.3983,0],[24.333774,49.398127,0],[24.333975,49.397999,0],[24.334198,49.397893,0],[24.334716,49.397708,0],[24.337892,49.397193,0],[24.340113,49.397041,0],[24.342323,49.396859,0],[24.342849,49.396844,0],[24.347333,49.397365,0],[24.349994,49.397407,0],[24.353513,49.398307,0],[24.354543,49.398456,0],[24.368963,49.397426,0],[24.374435,49.396762,0],[24.397502,49.393779,0],[24.401021,49.393287,0],[24.402458,49.393199,0],[24.404497,49.393329,0],[24.414581,49.394229,0],[24.416406,49.394359,0],[24.432563,49.391357,0],[24.449901,49.388008,0],[24.451489,49.387688,0],[24.452101,49.387499,0],[24.452627,49.387206,0],[24.458485,49.382778,0],[24.462518,49.381912,0],[24.465748,49.381765,0],[24.468377,49.381772,0],[24.469127,49.381656,0],[24.471273,49.380962,0],[24.471525,49.380911,0],[24.471963,49.380875,0],[24.472164,49.380911,0],[24.472389,49.38099,0],[24.474095,49.382233,0],[24.475651,49.383623,0],[24.476219,49.384678,0],[24.476402,49.385753,0],[24.476225,49.387065,0],[24.4761,49.387641,0],[24.476295,49.38805,0],[24.47668,49.388351,0],[24.478054,49.388694,0],[24.480972,49.389297,0],[24.485607,49.388694,0],[24.488868,49.388351,0],[24.492216,49.387237,0],[24.498138,49.386119,0],[24.500799,49.385776,0],[24.504833,49.38586,0],[24.50612,49.385684,0],[24.520282,49.381656,0],[24.521398,49.38174,0],[24.522321,49.382129,0],[24.522943,49.383117,0],[24.525175,49.387237,0],[24.526548,49.388179,0],[24.529724,49.389553,0],[24.531869,49.390148,0],[24.532985,49.390327,0],[24.543113,49.390148,0],[24.548864,49.390411,0],[24.554357,49.39009,0],[24.555688,49.390239,0],[24.561718,49.391483,0],[24.576223,49.394016,0],[24.57899,49.393672,0],[24.592895,49.391868,0],[24.593839,49.391956,0],[24.595041,49.392128,0],[24.596242,49.392471,0],[24.5976,49.39335,0],[24.600009,49.394741,0],[24.60781,49.397362,0],[24.609113,49.397831,0],[24.610411,49.398235,0],[24.610757,49.398259,0],[24.611021,49.398248,0],[24.611044,49.398542,0],[24.611244,49.399402,0],[24.611878,49.403481,0],[24.611903,49.403757,0],[24.611894,49.404041,0],[24.611056,49.406617,0],[24.610772,49.407561,0],[24.610524,49.408171,0],[24.610121,49.408604,0],[24.610005,49.40879,0],[24.609938,49.408951,0],[24.609844,49.40947,0],[24.60981,49.409944,0],[24.610394,49.410097,0],[24.61188,49.410533,0],[24.612712,49.41083,0],[24.614015,49.410893,0],[24.615292,49.410924,0],[24.618988,49.411182,0],[24.621391,49.410926,0],[24.622534,49.410718,0],[24.62358,49.410582,0],[24.625082,49.410411,0],[24.626927,49.410293,0],[24.628778,49.410209,0],[24.629744,49.410202,0],[24.63006,49.410152,0],[24.630318,49.410073,0],[24.631015,49.409766,0],[24.631219,49.409636,0],[24.63145,49.409539,0],[24.631691,49.409441,0],[24.632313,49.409253,0],[24.632689,49.409179,0],[24.633697,49.409033,0],[24.633879,49.408979,0],[24.635295,49.408866,0],[24.637077,49.408523,0],[24.638986,49.408241,0],[24.64022,49.407999,0],[24.640621,49.407895,0],[24.641414,49.407637,0],[24.641799,49.40747,0],[24.643203,49.40663,0],[24.64393,49.406219,0],[24.644522,49.405951,0],[24.644734,49.405878,0],[24.647039,49.40532,0],[24.648806,49.40492,0],[24.649094,49.404872,0],[24.649776,49.404803,0],[24.650183,49.404813,0],[24.657052,49.405249,0],[24.657931,49.405256,0],[24.65955,49.405074,0],[24.661157,49.404837,0],[24.669048,49.403378,0],[24.673605,49.402565,0],[24.674827,49.402286,0],[24.676038,49.401951,0],[24.678215,49.401301,0],[24.680445,49.400693,0],[24.683983,49.399931,0],[24.684561,49.399784,0],[24.685902,49.399365,0],[24.687316,49.398824,0],[24.689921,49.397284,0],[24.692569,49.39581,0],[24.693373,49.395342,0],[24.694058,49.394881,0],[24.694455,49.39458,0],[24.694777,49.394252,0],[24.694863,49.393945,0],[24.694949,49.391829,0],[24.695013,49.389636,0],[24.694971,49.389077,0],[24.694992,49.388812,0],[24.695099,49.388565,0],[24.695421,49.388184,0],[24.695829,49.38782,0],[24.69673,49.387443,0],[24.697739,49.387122,0],[24.699585,49.386452,0],[24.703962,49.384746,0],[24.706259,49.384077,0],[24.707096,49.383923,0],[24.70804,49.383812,0],[24.711881,49.383407,0],[24.714027,49.383141,0],[24.715723,49.382858,0],[24.717697,49.382343,0],[24.720637,49.381311,0],[24.721796,49.381116,0],[24.724328,49.380752,0],[24.742205,49.378419,0],[24.742977,49.378419,0],[24.743728,49.378517,0],[24.745477,49.378713,0],[24.747226,49.379006,0],[24.748686,49.379453,0],[24.750145,49.37997,0],[24.751905,49.380627,0],[24.752677,49.38071,0],[24.753428,49.380683,0],[24.754673,49.380417,0],[24.755338,49.380333,0],[24.756004,49.380305,0],[24.757356,49.380333,0],[24.758429,49.380319,0],[24.759695,49.380208,0],[24.760961,49.38004,0],[24.762206,49.379802,0],[24.763535,49.379505,0],[24.764298,49.379216,0],[24.765049,49.378797,0],[24.765875,49.378384,0],[24.76638,49.378161,0],[24.767066,49.378035,0],[24.76888,49.377882,0],[24.769405,49.377916,0],[24.769974,49.378077,0],[24.770897,49.37851,0],[24.771691,49.378999,0],[24.772785,49.379726,0],[24.772979,49.379942,0],[24.773129,49.380173,0],[24.77364,49.381311,0],[24.774206,49.382441,0],[24.774497,49.382913,0],[24.774754,49.383285,0],[24.775083,49.383583,0],[24.775284,49.383728,0],[24.780231,49.385977,0],[24.781733,49.38664,0],[24.78242,49.386892,0],[24.782934,49.387065,0],[24.784254,49.387471,0],[24.787698,49.388219,0],[24.788749,49.388543,0],[24.789275,49.388749,0],[24.789725,49.388959,0],[24.790122,49.389196,0],[24.791056,49.389895,0],[24.791721,49.390565,0],[24.793619,49.39266,0],[24.79422,49.393365,0],[24.794756,49.394071,0],[24.795003,49.394482,0],[24.795196,49.394915,0],[24.795711,49.39641,0],[24.796075,49.397611,0],[24.796525,49.398847,0],[24.797201,49.400222,0],[24.797394,49.400683,0],[24.79763,49.401528,0],[24.797673,49.402079,0],[24.797641,49.402351,0],[24.797523,49.402896,0],[24.797437,49.403217,0],[24.797286,49.403531,0],[24.797125,49.403839,0],[24.796922,49.404153,0],[24.795516,49.406003,0],[24.795248,49.406408,0],[24.795044,49.406813,0],[24.79484,49.407539,0],[24.794743,49.408265,0],[24.794743,49.409849,0],[24.794839,49.411434,0],[24.794967,49.41514,0],[24.795149,49.416104,0],[24.795267,49.416522,0],[24.795932,49.418142,0],[24.799031,49.425002,0],[24.799546,49.425958,0],[24.799804,49.42637,0],[24.800104,49.426782,0],[24.801606,49.42868,0],[24.803847,49.431366,0],[24.804319,49.432127,0],[24.804609,49.43272,0],[24.804866,49.433313,0],[24.806346,49.440891,0],[24.806434,49.441198,0],[24.806737,49.441833,0],[24.808821,49.445603,0],[24.809377,49.446529,0],[24.809637,49.446896,0],[24.809859,49.447142,0],[24.810248,49.447492,0],[24.812806,49.449375,0],[24.813138,49.449599,0],[24.813411,49.449762,0],[24.813912,49.450011,0],[24.814272,49.450165,0],[24.814932,49.450395,0],[24.815371,49.450504,0],[24.816066,49.450619,0],[24.816908,49.450687,0],[24.817455,49.450697,0],[24.820279,49.450686,0],[24.822745,49.450662,0],[24.823303,49.450633,0],[24.823635,49.450596,0],[24.82422,49.450495,0],[24.825837,49.450139,0],[24.82625,49.45003,0],[24.826999,49.449881,0],[24.827456,49.449804,0],[24.828563,49.449653,0],[24.832463,49.449191,0],[24.83691,49.448689,0],[24.857367,49.446271,0],[24.858161,49.44621,0],[24.858982,49.446213,0],[24.860729,49.446372,0],[24.861892,49.446452,0],[24.862576,49.446458,0],[24.86304,49.446421,0],[24.863536,49.446351,0],[24.864064,49.446247,0],[24.8657,49.445907,0],[24.867333,49.445547,0],[24.869258,49.445156,0],[24.872091,49.444554,0],[24.872591,49.444456,0],[24.873215,49.444361,0],[24.874429,49.444222,0],[24.876236,49.444038,0],[24.878714,49.443744,0],[24.880023,49.443608,0],[24.881228,49.443537,0],[24.886073,49.443349,0],[24.886529,49.443357,0],[24.887584,49.443429,0],[24.890956,49.443735,0],[24.891419,49.443786,0],[24.892409,49.443937,0],[24.893082,49.444058,0],[24.893612,49.444178,0],[24.893953,49.444289,0],[24.894336,49.444443,0],[24.8951,49.444795,0],[24.895352,49.444939,0],[24.896082,49.445425,0],[24.896334,49.445546,0],[24.897441,49.44598,0],[24.898118,49.446159,0],[24.89871,49.446283,0],[24.904268,49.446986,0],[24.906864,49.447279,0],[24.9099,49.447426,0],[24.91298,49.447691,0],[24.917389,49.447412,0],[24.923741,49.446784,0],[24.925929,49.446645,0],[24.927785,49.446882,0],[24.92884,49.446928,0],[24.928993,49.446875,0],[24.929097,49.446819,0],[24.929412,49.446595,0],[24.929569,49.44651,0],[24.929701,49.446449,0],[24.929804,49.446424,0],[24.929923,49.446409,0],[24.93143,49.446499,0],[24.932459,49.446491,0],[24.933161,49.446453,0],[24.933799,49.446393,0],[24.9344,49.44631,0],[24.935617,49.445961,0],[24.936197,49.445936,0],[24.936346,49.445963,0],[24.936395,49.446121,0],[24.936422,49.446324,0],[24.936733,49.446407,0],[24.937634,49.446533,0],[24.939287,49.446658,0],[24.942226,49.447091,0],[24.945338,49.448137,0],[24.948385,49.449225,0],[24.950531,49.450076,0],[24.952569,49.451025,0],[24.954848,49.452178,0],[24.955586,49.45259,0],[24.956004,49.45287,0],[24.956431,49.453215,0],[24.958642,49.454652,0],[24.959264,49.454917,0],[24.960079,49.455036,0],[24.960766,49.455042,0],[24.963448,49.454791,0],[24.964971,49.454596,0],[24.966538,49.454568,0],[24.967825,49.454721,0],[24.96922,49.455112,0],[24.970465,49.455516,0],[24.971902,49.455921,0],[24.972932,49.456074,0],[24.973898,49.4562,0],[24.975185,49.456214,0],[24.976392,49.456161,0],[24.978618,49.455982,0],[24.98034,49.45573,0],[24.989584,49.453354,0],[25.001656,49.450489,0],[25.002235,49.450369,0],[25.003429,49.450259,0],[25.004179,49.450233,0],[25.012687,49.450149,0],[25.01398,49.449981,0],[25.015531,49.449459,0],[25.022048,49.446201,0],[25.025648,49.44448,0],[25.02737,49.44363,0],[25.029258,49.443019,0],[25.03235,49.442769,0],[25.034526,49.442951,0],[25.045238,49.444528,0],[25.051297,49.444511,0],[25.053004,49.444687,0],[25.054534,49.445021,0],[25.060005,49.446036,0],[25.062561,49.446369,0],[25.064619,49.446542,0],[25.06814,49.446632,0],[25.07235,49.446208,0],[25.086947,49.44362,0],[25.088037,49.443401,0],[25.08934,49.443045,0],[25.092215,49.442013,0],[25.094511,49.441059,0],[25.096939,49.440124,0],[25.098692,49.439704,0],[25.100541,49.439447,0],[25.105649,49.438951,0],[25.120314,49.437633,0],[25.121586,49.437572,0],[25.122324,49.437551,0],[25.123231,49.437547,0],[25.124083,49.437596,0],[25.124896,49.437698,0],[25.125504,49.437806,0],[25.125956,49.437906,0],[25.127114,49.438186,0],[25.133679,49.440117,0],[25.137192,49.441269,0],[25.138521,49.441738,0],[25.140237,49.44268,0],[25.142377,49.44448,0],[25.144437,49.446285,0],[25.146326,49.447231,0],[25.14771,49.447753,0],[25.151308,49.44783,0],[25.15492,49.447658,0],[25.167617,49.44672,0],[25.169157,49.446628,0],[25.170707,49.4468,0],[25.17251,49.447059,0],[25.173877,49.447399,0],[25.177059,49.448429,0],[25.17898,49.449107,0],[25.180921,49.449718,0],[25.183067,49.450321,0],[25.185642,49.45092,0],[25.189928,49.451259,0],[25.19878,49.452041,0],[25.202207,49.452209,0],[25.207008,49.452125,0],[25.209589,49.452125,0],[25.211992,49.452289,0],[25.212942,49.45264,0],[25.213371,49.453155,0],[25.21697,49.462081,0],[25.217491,49.463111,0],[25.21903,49.463798,0],[25.225902,49.465599,0],[25.237398,49.46886,0],[25.24023,49.469974,0],[25.24444,49.47195,0],[25.249671,49.474609,0],[25.251817,49.475551,0],[25.255079,49.476409,0],[25.258512,49.476837,0],[25.262798,49.477008,0],[25.26864,49.476837,0],[25.271038,49.477008,0],[25.27173,49.476964,0],[25.272718,49.477201,0],[25.274047,49.477867,0],[25.278167,49.481391,0],[25.27989,49.482498,0],[25.282367,49.48328,0],[25.291208,49.485851,0],[25.292758,49.486541,0],[25.29388,49.4874,0],[25.296878,49.490398,0],[25.297571,49.491001,0],[25.298772,49.491348,0],[25.326152,49.496242,0],[25.330972,49.497137,0],[25.331977,49.49736,0],[25.332778,49.497576,0],[25.333835,49.497932,0],[25.335581,49.498597,0],[25.336611,49.498929,0],[25.337394,49.499128,0],[25.337931,49.499217,0],[25.339041,49.499332,0],[25.339408,49.499348,0],[25.339877,49.499341,0],[25.340274,49.499317,0],[25.343405,49.499203,0],[25.346341,49.499039,0],[25.35318,49.498377,0],[25.354046,49.498267,0],[25.35435,49.498195,0],[25.354681,49.498088,0],[25.354974,49.49795,0],[25.355255,49.497792,0],[25.355455,49.497663,0],[25.35649,49.496887,0],[25.357339,49.496224,0],[25.357821,49.495932,0],[25.358222,49.495732,0],[25.358691,49.495548,0],[25.359148,49.495408,0],[25.359638,49.495302,0],[25.360106,49.495254,0],[25.360555,49.495231,0],[25.361503,49.49525,0],[25.361643,49.495236,0],[25.361962,49.495014,0],[25.363183,49.495065,0],[25.379326,49.494369,0],[25.381578,49.494181,0],[25.388136,49.493748,0],[25.395498,49.492641,0],[25.398043,49.492337,0],[25.400851,49.492184,0],[25.401641,49.492202,0],[25.40686,49.49184,0],[25.407257,49.491957,0],[25.407708,49.491929,0],[25.40863,49.491915,0],[25.410293,49.491915,0],[25.413727,49.491957,0],[25.421923,49.492013,0],[25.433425,49.492148,0],[25.435452,49.492138,0],[25.436568,49.492166,0],[25.436912,49.492194,0],[25.437255,49.492256,0],[25.437824,49.492438,0],[25.438392,49.492698,0],[25.442491,49.494739,0],[25.44412,49.495475,0],[25.455509,49.500026,0],[25.456014,49.50024,0],[25.456743,49.500579,0],[25.457302,49.50093,0],[25.458047,49.501533,0],[25.460794,49.504142,0],[25.464876,49.50809,0],[25.46516,49.508384,0],[25.465547,49.508853,0],[25.465932,49.509349,0],[25.466329,49.510047,0],[25.467,49.51139,0],[25.468208,49.513904,0],[25.468996,49.515434,0],[25.471082,49.51884,0],[25.471372,49.519172,0],[25.471671,49.519392,0],[25.472031,49.519609,0],[25.472695,49.519909,0],[25.47364,49.520201,0],[25.474725,49.520504,0],[25.475352,49.520733,0],[25.475792,49.520942,0],[25.478298,49.522304,0],[25.479749,49.523126,0],[25.48029,49.523405,0],[25.480574,49.52358,0],[25.487951,49.527547,0],[25.492936,49.530203,0],[25.493489,49.530462,0],[25.494776,49.530993,0],[25.497534,49.531989,0],[25.500593,49.533138,0],[25.501475,49.533488,0],[25.502653,49.533893,0],[25.504013,49.534294,0],[25.504459,49.534397,0],[25.50526,49.534519,0],[25.506713,49.534687,0],[25.507158,49.534721,0],[25.510096,49.534822,0],[25.511002,49.534874,0],[25.511583,49.534927,0],[25.512157,49.535034,0],[25.512672,49.535171,0],[25.513118,49.535327,0],[25.515286,49.536196,0],[25.518444,49.537498,0],[25.519084,49.53775,0],[25.519485,49.537872,0],[25.519931,49.537975,0],[25.520881,49.538131,0],[25.524833,49.53873,0],[25.526224,49.538925,0],[25.526739,49.53902,0],[25.527381,49.539184,0],[25.528337,49.539508,0],[25.528675,49.539642,0],[25.529136,49.539852,0],[25.5295,49.54005,0],[25.529974,49.540363,0],[25.531013,49.541141,0],[25.5328,49.542583,0],[25.533357,49.543014,0],[25.534013,49.543437,0],[25.534688,49.543796,0],[25.535295,49.544052,0],[25.536481,49.544509,0],[25.537677,49.544929,0],[25.538309,49.545135,0],[25.539226,49.545425,0],[25.539463,49.545463,0],[25.541099,49.545883,0],[25.541688,49.545959,0],[25.542177,49.545997,0],[25.54289,49.545963,0],[25.543771,49.545814,0],[25.545095,49.545524,0],[25.54664,49.545208,0],[25.546947,49.545135,0],[25.547504,49.544967,0],[25.548797,49.544487,0],[25.549236,49.544357,0],[25.549774,49.54409,0],[25.550922,49.543617,0],[25.552467,49.543087,0],[25.552751,49.543014,0],[25.554939,49.54256,0],[25.556608,49.542255,0],[25.559091,49.541774,0],[25.559886,49.541656,0],[25.560577,49.541526,0],[25.561956,49.541332,0],[25.563453,49.541187,0],[25.566183,49.541034,0],[25.570861,49.540813,0],[25.575586,49.540519,0],[25.576236,49.540428,0],[25.577325,49.540206,0],[25.578386,49.539932,0],[25.582942,49.53844,0],[25.585269,49.537845,0],[25.588241,49.537132,0],[25.589271,49.536861,0],[25.594266,49.535652,0],[25.595747,49.535255,0],[25.596321,49.535079,0],[25.597934,49.534503,0],[25.598648,49.534214,0],[25.599121,49.534004,0],[25.600107,49.533557,0],[25.600547,49.53334,0],[25.600719,49.533237,0],[25.602554,49.532325,0],[25.604082,49.531597,0],[25.604743,49.531265,0],[25.607082,49.53022,0],[25.607988,49.529857,0],[25.60861,49.529621,0],[25.609378,49.529365,0],[25.610483,49.529064,0],[25.610767,49.52901,0],[25.611066,49.52898,0],[25.611743,49.528953,0],[25.612382,49.528972,0],[25.613185,49.52906,0],[25.61795,49.529933,0],[25.61846,49.53009,0],[25.619468,49.530264,0],[25.620675,49.530511,0],[25.62141,49.53071,0],[25.622058,49.530906,0],[25.622585,49.531082,0],[25.623577,49.531478,0],[25.624612,49.531967,0],[25.62503,49.532207,0],[25.625648,49.532596,0],[25.626812,49.533512,0],[25.629043,49.535171,0],[25.629961,49.535884,0],[25.630529,49.536441,0],[25.630952,49.536956,0],[25.631061,49.537117,0],[25.63121,49.537418,0],[25.633077,49.542217,0],[25.633613,49.543357,0],[25.634487,49.54504,0],[25.6352,49.546337,0],[25.635472,49.546634,0],[25.635791,49.546797,0],[25.636148,49.546893,0],[25.636553,49.546917,0],[25.636664,49.546914,0],[25.637138,49.546852,0],[25.637487,49.546791,0],[25.642175,49.545715,0],[25.645393,49.544998,0],[25.658622,49.542137,0],[25.668901,49.539878,0],[25.67102,49.539428,0],[25.673343,49.538902,0],[25.674388,49.538696,0],[25.682849,49.536853,0],[25.684597,49.536479,0],[25.685401,49.536323,0],[25.69952,49.533248,0],[25.702981,49.532535,0],[25.703908,49.53236,0],[25.705287,49.532074,0],[25.706039,49.531951,0],[25.710018,49.531765,0],[25.710685,49.531688,0],[25.711221,49.531585,0],[25.71363,49.531048,0],[25.714619,49.530903,0],[25.714952,49.530868,0],[25.715722,49.530825,0],[25.716435,49.530852,0],[25.716773,49.530887,0],[25.71754,49.531008,0],[25.722578,49.531984,0],[25.722988,49.532043,0],[25.724211,49.53217,0],[25.72905,49.532543,0],[25.729675,49.532595,0],[25.730313,49.532672,0],[25.730892,49.532776,0],[25.731764,49.532985,0],[25.733904,49.533643,0],[25.734562,49.533829,0],[25.735063,49.533937,0],[25.735337,49.533981,0],[25.735994,49.534054,0],[25.736402,49.53407,0],[25.736992,49.534057,0],[25.737783,49.533984,0],[25.738901,49.533805,0],[25.742177,49.533232,0],[25.742875,49.533136,0],[25.743593,49.533085,0],[25.745338,49.533058,0],[25.748182,49.533149,0],[25.754592,49.533405,0],[25.755043,49.533412,0],[25.756856,49.533499,0],[25.757082,49.533526,0],[25.757736,49.533645,0],[25.759109,49.534,0],[25.759828,49.534205,0],[25.760456,49.534418,0],[25.761073,49.534651,0],[25.761657,49.534916,0],[25.762205,49.535187,0],[25.767505,49.538181,0],[25.768594,49.538658,0],[25.769752,49.539058,0],[25.771109,49.539466,0],[25.771506,49.539532,0],[25.771914,49.53957,0],[25.772746,49.539633,0],[25.774339,49.539695,0],[25.776002,49.539713,0],[25.778067,49.539782,0],[25.787391,49.540033,0],[25.797776,49.540207,0],[25.798119,49.5402,0],[25.798827,49.540151,0],[25.799804,49.54004,0],[25.803773,49.539511,0],[25.809985,49.538745,0],[25.811112,49.538668,0],[25.81285,49.538738,0],[25.813891,49.538835,0],[25.814631,49.538926,0],[25.81594,49.539239,0],[25.816283,49.539344,0],[25.81683,49.539553,0],[25.817614,49.539949,0],[25.81947,49.540973,0],[25.820552,49.541489,0],[25.823579,49.54286,0],[25.824491,49.543298,0],[25.825414,49.543709,0],[25.826712,49.544196,0],[25.827452,49.544384,0],[25.828782,49.544579,0],[25.829458,49.544649,0],[25.830166,49.54469,0],[25.830896,49.544753,0],[25.836799,49.545303,0],[25.839125,49.545449,0],[25.84082,49.545491,0],[25.842333,49.545345,0],[25.844478,49.54499,0],[25.845337,49.544871,0],[25.84582,49.544816,0],[25.846474,49.544788,0],[25.847225,49.544774,0],[25.847912,49.544823,0],[25.849832,49.545018,0],[25.851753,49.545282,0],[25.85392,49.545677,0],[25.859821,49.54682,0],[25.864123,49.547712,0],[25.864917,49.547893,0],[25.866451,49.548303,0],[25.868275,49.548714,0],[25.868993,49.54879,0],[25.86983,49.54879,0],[25.870657,49.54877,0],[25.874548,49.54848,0],[25.875428,49.548356,0],[25.876126,49.54822,0],[25.88148,49.546911,0],[25.887317,49.545515,0],[25.888039,49.54535,0],[25.889034,49.545148,0],[25.889584,49.545062,0],[25.890028,49.545011,0],[25.890736,49.544955,0],[25.89215,49.54487,0],[25.894432,49.544746,0],[25.902021,49.544413,0],[25.902824,49.544343,0],[25.903236,49.544298,0],[25.906544,49.543627,0],[25.908984,49.543105,0],[25.909839,49.542936,0],[25.911018,49.542771,0],[25.912424,49.542618,0],[25.915009,49.542365,0],[25.924342,49.541377,0],[25.925933,49.541242,0],[25.927097,49.54119,0],[25.927959,49.541203,0],[25.928532,49.541238,0],[25.929727,49.541355,0],[25.947652,49.543617,0],[25.963531,49.54602,0],[25.968252,49.545845,0],[25.976829,49.545677,0],[26.017507,49.544391,0],[26.020168,49.544391,0],[26.022609,49.544248,0],[26.024219,49.54412,0],[26.028049,49.543542,0],[26.0288,49.54334,0],[26.029422,49.543138,0],[26.030281,49.542825,0],[26.030999,49.542428,0],[26.031826,49.541892,0],[26.033135,49.540959,0],[26.033939,49.540472,0],[26.034769,49.5401,0],[26.036267,49.53958,0],[26.036986,49.539413,0],[26.037769,49.539281,0],[26.039754,49.53903,0],[26.042694,49.538599,0],[26.049931,49.537426,0],[26.051352,49.537018,0],[26.075696,49.52922,0],[26.076972,49.528899,0],[26.077477,49.528795,0],[26.078721,49.528669,0],[26.080084,49.528593,0],[26.084601,49.528384,0],[26.089096,49.528224,0],[26.092626,49.52828,0],[26.09637,49.528391,0],[26.103902,49.528551,0],[26.105307,49.528492,0],[26.106852,49.528321,0],[26.107673,49.528182,0],[26.108159,49.528071,0],[26.108486,49.52799,0],[26.109594,49.527635,0],[26.110661,49.527207,0],[26.111825,49.526671,0],[26.113166,49.525884,0],[26.113987,49.52532,0],[26.114636,49.524728,0],[26.116927,49.521977,0],[26.117876,49.520807,0],[26.118477,49.52018,0],[26.119126,49.519595,0],[26.119609,49.519226,0],[26.120135,49.518855,0],[26.120843,49.518414,0],[26.121561,49.518028,0],[26.122114,49.517767,0],[26.122683,49.517537,0],[26.123434,49.517258,0],[26.124228,49.516997,0],[26.127806,49.516238,0],[26.134694,49.51483,0],[26.141818,49.513417,0],[26.156499,49.510449,0],[26.160728,49.509639,0],[26.161929,49.509446,0],[26.163088,49.509331,0],[26.164026,49.509261,0],[26.164901,49.509219,0],[26.165743,49.509216,0],[26.166912,49.509244,0],[26.168114,49.509306,0],[26.16931,49.509414,0],[26.170501,49.509564,0],[26.172631,49.50977,0],[26.184701,49.511069,0],[26.190559,49.511682,0],[26.197082,49.512393,0],[26.201963,49.512838,0],[26.236118,49.516239,0],[26.245115,49.517373,0],[26.291297,49.523391,0],[26.292928,49.523488,0],[26.294473,49.523526,0],[26.296549,49.523523,0],[26.298244,49.523401,0],[26.299564,49.523276,0],[26.303389,49.522698,0],[26.350708,49.515041,0],[26.351773,49.514855,0],[26.3532,49.514523,0],[26.361074,49.512321,0],[26.365628,49.511079,0],[26.370958,49.50954,0],[26.3762,49.508112,0],[26.377155,49.507948,0],[26.377927,49.50785,0],[26.381049,49.507659,0],[26.38239,49.507499,0],[26.382937,49.507391,0],[26.383447,49.507248,0],[26.3843,49.506903,0],[26.385094,49.506548,0],[26.3938,49.502117,0],[26.394734,49.501684,0],[26.395732,49.50135,0],[26.403617,49.498967,0],[26.41079,49.496849,0],[26.41146,49.496685,0],[26.412267,49.496547,0],[26.4151,49.496114,0],[26.418796,49.495584,0],[26.419464,49.495448,0],[26.420003,49.49531,0],[26.42081,49.495056,0],[26.421534,49.494755,0],[26.423096,49.494023,0],[26.427177,49.491947,0],[26.428578,49.491295,0],[26.429147,49.491058,0],[26.42972,49.490866,0],[26.430455,49.490685,0],[26.433344,49.49014,0],[26.434206,49.49002,0],[26.438261,49.489551,0],[26.450422,49.488089,0],[26.474218,49.48534,0],[26.475248,49.485084,0],[26.476541,49.484649,0],[26.48006,49.48225,0],[26.480999,49.481731,0],[26.483402,49.480957,0],[26.493867,49.477699,0],[26.49817,49.476238,0],[26.499801,49.475208,0],[26.502107,49.472808,0],[26.5034,49.471778,0],[26.503921,49.471614,0],[26.505289,49.471351,0],[26.508642,49.47126,0],[26.51679,49.469554,0],[26.518512,49.468944,0],[26.521247,49.467571,0],[26.522197,49.46714,0],[26.52452,49.466968,0],[26.52666,49.466461,0],[26.527519,49.466026,0],[26.528286,49.465431,0],[26.533527,49.455638,0],[26.534729,49.453838,0],[26.536022,49.452289,0],[26.541336,49.449718,0],[26.543741,49.44852,0],[26.545372,49.44749,0],[26.548027,49.445935,0],[26.549841,49.445167,0],[26.554214,49.444133,0],[26.562621,49.440605,0],[26.569232,49.439311,0],[26.571475,49.439053,0],[26.578766,49.438792,0],[26.583316,49.438869,0],[26.585119,49.438616,0],[26.586235,49.438012,0],[26.587345,49.437496,0],[26.588558,49.436289,0],[26.58916,49.435353,0],[26.59127,49.429049,0],[26.592487,49.425857,0],[26.593088,49.42448,0],[26.5937,49.423801,0],[26.594638,49.423198,0],[26.598238,49.421741,0],[26.601012,49.420256,0],[26.61284,49.412899,0],[26.614122,49.412208,0],[26.615002,49.411811,0],[26.615517,49.411671,0],[26.61601,49.411613,0],[26.616569,49.411504,0],[26.617148,49.411476,0],[26.618392,49.411364,0],[26.620603,49.411252,0],[26.622362,49.411029,0],[26.62395,49.410373,0],[26.624916,49.410024,0],[26.625881,49.409809,0],[26.636947,49.408523,0],[26.640729,49.408,0],[26.641759,49.407398,0],[26.64339,49.40372,0],[26.643991,49.403026,0],[26.64545,49.402,0],[26.647081,49.400791,0],[26.648031,49.400283,0],[26.64957,49.400108,0],[26.65464,49.400283,0],[26.65575,49.400539,0],[26.656442,49.40105,0],[26.65833,49.403026,0],[26.660299,49.403881,0],[26.663051,49.40475,0],[26.664928,49.404659,0],[26.667171,49.403881,0],[26.669139,49.40311,0],[26.671908,49.399608,0],[26.673952,49.397113,0],[26.674719,49.396829,0],[26.675577,49.396671,0],[26.677122,49.396591,0],[26.686821,49.397621,0],[26.695125,49.396954,0],[26.700726,49.396563,0],[26.706412,49.396144,0],[26.709308,49.39616,0],[26.71433,49.396508,0],[26.719887,49.396954,0],[26.723599,49.396619,0],[26.727327,49.396327,0],[26.731045,49.395823,0],[26.733942,49.394748,0],[26.736474,49.393784,0],[26.736951,49.393669,0],[26.739612,49.392898,0],[26.75437,49.392416,0],[26.755872,49.39243,0],[26.75695,49.39273,0],[26.761301,49.394399,0],[26.762556,49.394671,0],[26.764433,49.394566,0],[26.765131,49.39449,0],[26.765871,49.394287,0],[26.769342,49.392271,0],[26.770978,49.391443,0],[26.771596,49.391101,0],[26.772079,49.390916,0],[26.772841,49.390752,0],[26.774064,49.390754,0],[26.775099,49.391014,0],[26.775954,49.391525,0],[26.776829,49.392477,0],[26.778912,49.394539,0],[26.78004,49.395491,0],[26.780398,49.39564,0],[26.780787,49.395726,0],[26.781235,49.395753,0],[26.782718,49.395573,0],[26.785065,49.395076,0],[26.787168,49.394406,0],[26.79147,49.393128,0],[26.792886,49.392807,0],[26.793584,49.392702,0],[26.794203,49.392659,0],[26.795064,49.392814,0],[26.795922,49.393114,0],[26.800439,49.395795,0],[26.804527,49.397895,0],[26.804849,49.398045,0],[26.805184,49.398176,0],[26.805699,49.398368,0],[26.80601,49.398452,0],[26.806319,49.398509,0],[26.806845,49.398559,0],[26.807432,49.398545,0],[26.810374,49.398194,0],[26.811125,49.39812,0],[26.811817,49.398092,0],[26.8123,49.3981,0],[26.812735,49.398131,0],[26.813888,49.398302,0],[26.818469,49.399135,0],[26.830428,49.401268,0],[26.831333,49.401408,0],[26.831699,49.40145,0],[26.832585,49.401505,0],[26.834047,49.40154,0],[26.837269,49.401553,0],[26.838097,49.401545,0],[26.838702,49.401523,0],[26.839441,49.401466,0],[26.840084,49.401368,0],[26.841998,49.400954,0],[26.842486,49.400865,0],[26.843077,49.400785,0],[26.844059,49.400721,0],[26.845057,49.40072,0],[26.846038,49.400779,0],[26.850623,49.401139,0],[26.85147,49.401142,0],[26.852612,49.401081,0],[26.853245,49.401006,0],[26.853632,49.400942,0],[26.854151,49.40083,0],[26.855253,49.400518,0],[26.858732,49.399435,0],[26.859634,49.399199,0],[26.860791,49.398933,0],[26.861569,49.398771,0],[26.86245,49.398637,0],[26.862799,49.398605,0],[26.863278,49.398583,0],[26.86389,49.398579,0],[26.864942,49.398602,0],[26.866838,49.398705,0],[26.867683,49.398813,0],[26.868042,49.39888,0],[26.868607,49.399013,0],[26.869871,49.399421,0],[26.871429,49.399965,0],[26.872342,49.400321,0],[26.873319,49.400758,0],[26.874123,49.401151,0],[26.876193,49.402084,0],[26.876817,49.402344,0],[26.877328,49.402526,0],[26.877922,49.402697,0],[26.8786,49.402849,0],[26.87887,49.402896,0],[26.879738,49.403025,0],[26.880159,49.403057,0],[26.880741,49.403079,0],[26.881683,49.403057,0],[26.882509,49.402969,0],[26.883375,49.402803,0],[26.884377,49.402578,0],[26.885321,49.402416,0],[26.886129,49.402315,0],[26.886479,49.402285,0],[26.886844,49.402275,0],[26.887199,49.402199,0],[26.887407,49.402119,0],[26.887874,49.401798,0],[26.888555,49.401437,0],[26.891782,49.399926,0],[26.894332,49.39865,0],[26.895534,49.398088,0],[26.897934,49.396919,0],[26.898407,49.396704,0],[26.902071,49.394909,0],[26.904989,49.393506,0],[26.905652,49.393161,0],[26.90739,49.392337,0],[26.908134,49.39196,0],[26.909643,49.391284,0],[26.916777,49.388391,0],[26.917122,49.38822,0],[26.917639,49.388007,0],[26.919167,49.387191,0],[26.919942,49.386719,0],[26.920157,49.386613,0],[26.920867,49.38614,0],[26.921579,49.385649,0],[26.922569,49.384898,0],[26.923432,49.384125,0],[26.924446,49.38314,0],[26.925458,49.382006,0],[26.92671,49.380244,0],[26.927597,49.378808,0],[26.928224,49.377737,0],[26.928903,49.376678,0],[26.929804,49.375202,0],[26.931912,49.371828,0],[26.932805,49.370499,0],[26.933211,49.369983,0],[26.933997,49.369111,0],[26.935778,49.367326,0],[26.936441,49.366692,0],[26.937304,49.365909,0],[26.937696,49.365609,0],[26.938128,49.365314,0],[26.938557,49.365059,0],[26.939536,49.364547,0],[26.940287,49.36418,0],[26.940831,49.363934,0],[26.944994,49.362299,0],[26.945681,49.362047,0],[26.946464,49.361782,0],[26.948433,49.361221,0],[26.948693,49.361097,0],[26.94957,49.360503,0],[26.960858,49.36086,0],[26.96113,49.360838,0],[26.96127,49.360812,0],[26.961416,49.360764,0],[26.961694,49.36062,0],[26.961887,49.360499,0],[26.962153,49.360415,0],[26.962475,49.360398,0],[26.962856,49.360429,0],[26.963043,49.360476,0],[26.963172,49.36053,0],[26.963277,49.360595,0],[26.963359,49.360664,0],[26.9636,49.360985,0],[26.963736,49.361085,0],[26.963846,49.361132,0],[26.964226,49.361235,0],[26.965089,49.361385,0],[26.966506,49.3616,0],[26.982812,49.364235,0],[26.984336,49.364385,0],[26.986354,49.364489,0],[26.988655,49.364421,0],[26.989873,49.364292,0],[26.990966,49.364143,0],[26.991546,49.364036,0],[26.992147,49.363883,0],[26.992471,49.36382,0],[26.995944,49.363036,0],[26.999063,49.362301,0],[27.004409,49.360998,0],[27.006747,49.360487,0],[27.007843,49.360299,0],[27.008644,49.360201,0],[27.009084,49.360161,0],[27.01028,49.360107,0],[27.010945,49.360104,0],[27.011608,49.360121,0],[27.011884,49.360143,0],[27.013683,49.360349,0],[27.014448,49.360456,0],[27.016221,49.360726,0],[27.019256,49.361238,0],[27.021339,49.361566,0],[27.02192,49.361674,0],[27.023316,49.361869,0],[27.025209,49.362171,0],[27.025616,49.362255,0],[27.028448,49.362659,0],[27.029542,49.362727,0],[27.030503,49.362751,0],[27.03138,49.362756,0],[27.031956,49.36274,0],[27.032319,49.362719,0],[27.033407,49.362593,0],[27.037514,49.361879,0],[27.041018,49.361243,0],[27.043135,49.360845,0],[27.044741,49.360507,0],[27.045898,49.360321,0],[27.052434,49.359335,0],[27.059847,49.358283,0],[27.060987,49.358134,0],[27.067972,49.357081,0],[27.072313,49.356459,0],[27.07442,49.356135,0],[27.077429,49.355644,0],[27.07889,49.35543,0],[27.079492,49.355323,0],[27.083704,49.354679,0],[27.084694,49.354507,0],[27.087532,49.354076,0],[27.088106,49.354015,0],[27.089029,49.354015,0],[27.090166,49.354164,0],[27.090894,49.354359,0],[27.091364,49.354508,0],[27.092521,49.354916,0],[27.093227,49.35526,0],[27.093696,49.355516,0],[27.094317,49.355925,0],[27.094916,49.35644,0],[27.095129,49.356654,0],[27.095662,49.357322,0],[27.09577,49.357513,0],[27.096003,49.357837,0],[27.096218,49.358247,0],[27.097806,49.361561,0],[27.098898,49.363916,0],[27.099644,49.365416,0],[27.099945,49.365968,0],[27.103867,49.372539,0],[27.104356,49.373459,0],[27.104583,49.374115,0],[27.10465,49.374377,0],[27.104695,49.374714,0],[27.104725,49.375301,0],[27.104625,49.376049,0],[27.10449,49.376711,0],[27.104387,49.377047,0],[27.104056,49.377719,0],[27.103717,49.378225,0],[27.103568,49.378414,0],[27.103091,49.378923,0],[27.102471,49.379631,0],[27.101424,49.3811,0],[27.101012,49.381804,0],[27.10093,49.382001,0],[27.100835,49.382339,0],[27.10078,49.382643,0],[27.100742,49.383035,0],[27.100685,49.38446,0],[27.10104,49.390055,0],[27.101151,49.390802,0],[27.101315,49.391396,0],[27.101505,49.391805,0],[27.101819,49.392344,0],[27.102029,49.392638,0],[27.102289,49.392931,0],[27.102483,49.393119,0],[27.103076,49.393618,0],[27.105535,49.395307,0],[27.106333,49.39583,0],[27.108138,49.397066,0],[27.112906,49.400585,0],[27.114253,49.401589,0],[27.114858,49.402064,0]]},"properties":{"name":"М 12","tessellate":true,"description":"Стрый Знаменка (http://routes.in.ua/international/stryiy-znamenka-m-12/)"}},
{"type":"Feature","geometry":{"type":"LineString","coordinates":[[28.584372,49.212957,0],[28.595728,49.208027,0],[28.601295,49.20568,0],[28.605759,49.203656,0],[28.616048,49.199219,0],[28.622051,49.196601,0],[28.622512,49.196432,0],[28.623397,49.196145,0],[28.624368,49.195875,0],[28.632124,49.193823,0],[28.632761,49.19358,0],[28.633666,49.193042,0],[28.63912,49.189996,0],[28.644328,49.186964,0],[28.645367,49.186284,0],[28.646406,49.185293,0],[28.647164,49.184344,0],[28.654412,49.174059,0],[28.661809,49.163461,0],[28.662289,49.162819,0],[28.662799,49.162181,0],[28.663134,49.161832,0],[28.663513,49.161489,0],[28.664271,49.160858,0],[28.665374,49.160099,0],[28.665956,49.159746,0],[28.666581,49.159404,0],[28.670263,49.157831,0],[28.673726,49.15627,0],[28.674389,49.155998,0],[28.677583,49.154587,0],[28.681409,49.152925,0],[28.682315,49.152489,0],[28.683238,49.151925,0],[28.6838,49.151545,0],[28.684334,49.15114,0],[28.68482,49.150696,0],[28.685258,49.150255,0],[28.685809,49.149554,0],[28.686274,49.148831,0],[28.688725,49.143927,0],[28.690919,49.13972,0],[28.692459,49.136712,0],[28.693119,49.135536,0],[28.694009,49.134381,0],[28.694959,49.133272,0],[28.697045,49.131198,0],[28.697619,49.130661,0],[28.698145,49.13011,0],[28.698628,49.129559,0],[28.699052,49.129008,0],[28.69939,49.128481,0],[28.69969,49.127919,0],[28.699942,49.127358,0],[28.700119,49.126771,0],[28.70021,49.12629,0],[28.700275,49.125803,0],[28.700334,49.124823,0],[28.700366,49.121372,0],[28.70043,49.117675,0],[28.700591,49.110986,0],[28.700656,49.110374,0]]},"properties":{"name":"М 12","tessellate":true,"description":"М 12 (http://routes.in.ua/international/stryiy-znamenka-m-12/)"}},
{"type":"Feature","geometry":{"type":"LineString","coordinates":[[30.328231,48.710567,0],[30.328967,48.710243,0],[30.330171,48.709767,0],[30.331422,48.709339,0],[30.332639,48.709026,0],[30.333976,48.708747,0],[30.334674,48.708637,0],[30.335596,48.708522,0],[30.337045,48.708404,0],[30.337799,48.70837,0],[30.346475,48.707862,0],[30.347446,48.707855,0],[30.348331,48.707878,0],[30.349199,48.707954,0],[30.349737,48.708007,0],[30.350498,48.70811,0],[30.351833,48.708343,0],[30.353084,48.708629,0],[30.354124,48.708946,0],[30.355611,48.709499,0],[30.356845,48.710041,0],[30.359087,48.711067,0],[30.359939,48.711437,0],[30.363174,48.712917,0],[30.363647,48.713115,0],[30.364091,48.713291,0],[30.364831,48.713554,0],[30.366163,48.713974,0],[30.367969,48.714359,0],[30.368726,48.714496,0],[30.369285,48.714569,0],[30.371152,48.714775,0],[30.37187,48.714805,0],[30.37269,48.714805,0],[30.373672,48.714782,0],[30.374553,48.714721,0],[30.376874,48.714504,0],[30.387899,48.71342,0],[30.391429,48.713069,0],[30.41847,48.710266,0],[30.41957,48.71003,0],[30.420625,48.709781,0],[30.42172,48.709431,0],[30.422816,48.708923,0],[30.423993,48.708347,0],[30.424824,48.707842,0],[30.437491,48.698156,0],[30.443932,48.693164,0],[30.444842,48.692525,0],[30.445722,48.692021,0],[30.448089,48.69104,0],[30.449605,48.690685,0],[30.45025,48.69051,0],[30.451404,48.690297,0],[30.451971,48.690226,0],[30.453213,48.690149,0],[30.454074,48.690142,0],[30.455815,48.690175,0],[30.474486,48.691971,0],[30.477514,48.692214,0],[30.482151,48.692692,0],[30.489376,48.693339,0],[30.502258,48.694539,0],[30.506548,48.694923,0],[30.506488,48.694969,0],[30.506359,48.695003,0],[30.506051,48.695021,0],[30.505493,48.695025,0]]},"properties":{"name":"М 12","tessellate":true,"description":"М 12 (http://routes.in.ua/international/stryiy-znamenka-m-12/)"}},
{"type":"Feature","geometry":{"type":"LineString","coordinates":[[30.508655,48.695037,0],[30.510126,48.695089,0],[30.526107,48.695514,0],[30.542249,48.695869,0],[30.550827,48.695949,0],[30.558407,48.695245,0],[30.560134,48.695054,0],[30.576581,48.69321,0],[30.606946,48.689657,0]]},"properties":{"name":"М 12","tessellate":true,"description":"М 12 (http://routes.in.ua/international/stryiy-znamenka-m-12/)"}},
{"type":"Feature","geometry":{"type":"LineString","coordinates":[[30.609507,48.689357,0],[30.616241,48.688568,0],[30.617872,48.688232,0],[30.624052,48.68626,0],[30.663957,48.686599,0],[30.665588,48.686172,0],[30.690007,48.676992,0],[30.693445,48.675789,0],[30.70528,48.675045,0],[30.7115,48.674711,0],[30.714899,48.675148,0],[30.72146,48.674815,0],[30.725626,48.673111,0],[30.735156,48.670641,0],[30.738047,48.669701,0],[30.740591,48.668505,0],[30.74255,48.667309,0],[30.744163,48.666454,0],[30.749694,48.665177,0],[30.753651,48.664398,0],[30.75456,48.664166,0],[30.754831,48.664083,0],[30.75513,48.663974,0],[30.755542,48.663794,0],[30.756024,48.663559,0],[30.756362,48.663357,0],[30.757063,48.662896,0],[30.757952,48.661809,0],[30.758608,48.660601,0],[30.7594,48.658162,0],[30.760011,48.655815,0],[30.760689,48.654351,0],[30.762121,48.653121,0],[30.764014,48.651717,0],[30.768345,48.648225,0],[30.770229,48.647378,0],[30.771514,48.647031,0],[30.773992,48.646259,0],[30.775972,48.645481,0],[30.780258,48.6436,0],[30.783611,48.642231,0],[30.785751,48.64162,0],[30.787382,48.641281,0],[30.799398,48.641708,0],[30.801887,48.641281,0],[30.80324,48.641028,0],[30.806573,48.640006,0],[30.808084,48.640094,0],[30.809224,48.640244,0],[30.813167,48.640871,0],[30.81753,48.641686,0],[30.823121,48.642673,0],[30.823833,48.642741,0],[30.824266,48.642764,0],[30.824986,48.642785,0],[30.825717,48.642771,0],[30.82655,48.642728,0],[30.827139,48.642664,0],[30.827829,48.642559,0],[30.828524,48.642486,0],[30.840168,48.64059,0],[30.848321,48.639141,0],[30.853128,48.638359,0],[30.856647,48.638111,0],[30.858541,48.638111,0],[30.871667,48.639743,0],[30.888828,48.642055,0],[30.89467,48.642231,0],[30.906772,48.64162,0],[30.915098,48.642738,0],[30.922158,48.643579,0],[30.942864,48.64618,0],[30.94574,48.646379,0],[30.947285,48.646393,0],[30.94883,48.646379,0],[30.951919,48.646259,0],[30.956211,48.645861,0],[30.960876,48.645372,0],[30.963236,48.645103,0],[30.964714,48.644911,0],[30.965588,48.64478,0],[30.967216,48.644475,0],[30.978954,48.642148,0],[30.992145,48.639559,0],[30.992729,48.639479,0],[30.992944,48.639467,0],[30.993352,48.639472,0],[30.993805,48.63952,0],[30.994167,48.639582,0],[30.995658,48.639896,0],[30.999338,48.640711,0],[30.999969,48.64084,0],[31.001243,48.641073,0],[31.001916,48.641161,0],[31.002568,48.641197,0],[31.003032,48.64119,0],[31.003437,48.641147,0],[31.004047,48.641015,0],[31.004397,48.640897,0],[31.005693,48.640426,0],[31.012342,48.637939,0],[31.017677,48.635989,0],[31.024342,48.633522,0],[31.025391,48.633155,0],[31.025935,48.632988,0],[31.02697,48.632779,0],[31.030111,48.632224,0],[31.042364,48.630115,0],[31.05467,48.627975,0],[31.055635,48.62781,0],[31.056848,48.627637,0],[31.057194,48.627619,0],[31.057413,48.627628,0],[31.057915,48.627684,0],[31.058358,48.627787,0],[31.05887,48.627947,0],[31.064022,48.629993,0],[31.066659,48.631023,0],[31.066868,48.631097,0],[31.067421,48.631249,0],[31.067764,48.631311,0],[31.068124,48.631352,0],[31.078616,48.631733,0],[31.088498,48.631994,0],[31.089946,48.632043,0],[31.090603,48.632081,0],[31.09129,48.632143,0],[31.092199,48.632256,0],[31.096989,48.63291,0],[31.098889,48.633157,0],[31.099336,48.633203,0],[31.099752,48.633219,0],[31.100852,48.633205,0],[31.102088,48.633093,0],[31.11176,48.631994,0],[31.112198,48.631925,0],[31.112707,48.631795,0],[31.11326,48.631623,0],[31.144636,48.621674,0],[31.145712,48.62135,0],[31.150264,48.620029,0],[31.151074,48.619758,0],[31.151835,48.61944,0],[31.152621,48.619043,0],[31.153399,48.618587,0],[31.153842,48.618304,0],[31.1543,48.617972,0],[31.154507,48.617797,0],[31.154716,48.617614,0],[31.155121,48.617204,0],[31.155336,48.616976,0],[31.155727,48.616468,0],[31.156711,48.61502,0],[31.158136,48.613016,0],[31.158678,48.612324,0],[31.159053,48.611923,0],[31.160802,48.610553,0],[31.166368,48.606681,0],[31.177906,48.598789,0],[31.196371,48.58892,0],[31.198339,48.588241,0],[31.200307,48.588054,0],[31.20409,48.588054,0],[31.204948,48.587715,0],[31.20675,48.585399,0],[31.207952,48.584121,0],[31.210098,48.582569,0],[31.248041,48.567291,0],[31.251977,48.56644,0],[31.256618,48.56575,0],[31.260818,48.56575,0],[31.263141,48.565921,0],[31.280569,48.567039,0],[31.304287,48.567394,0],[31.30964,48.56746,0],[31.311046,48.56749,0],[31.3118,48.567536,0],[31.312626,48.567659,0],[31.325903,48.570007,0],[31.32701,48.57019,0],[31.328132,48.570334,0],[31.32929,48.570456,0],[31.330371,48.570534,0],[31.331522,48.5706,0],[31.332592,48.57063,0],[31.33367,48.570635,0],[31.335382,48.570543,0],[31.336705,48.570446,0],[31.338415,48.570259,0],[31.340371,48.570009,0],[31.341832,48.569723,0],[31.343321,48.569382,0],[31.34459,48.569042,0],[31.345944,48.568605,0],[31.347312,48.56811,0],[31.348677,48.56757,0],[31.349871,48.567013,0],[31.364003,48.560054,0],[31.365286,48.559451,0],[31.366551,48.558918,0],[31.367753,48.558466,0],[31.369011,48.558052,0],[31.370256,48.557695,0],[31.371728,48.557337,0],[31.372528,48.557161,0],[31.373211,48.55703,0],[31.374048,48.556875,0],[31.374743,48.556765,0],[31.376478,48.556541,0],[31.382031,48.555924,0],[31.387333,48.555354,0],[31.389506,48.555084,0],[31.395578,48.55443,0],[31.396858,48.554333,0],[31.398368,48.554251,0],[31.3995,48.554221,0],[31.400146,48.554222,0],[31.400551,48.554201,0],[31.401589,48.554219,0],[31.402209,48.554248,0],[31.402838,48.554298,0],[31.404288,48.554446,0],[31.40605,48.554691,0],[31.406632,48.554794,0],[31.40898,48.555277,0],[31.409993,48.555534,0],[31.411734,48.556025,0],[31.413051,48.556466,0],[31.414348,48.55697,0],[31.421088,48.559724,0],[31.423563,48.560766,0],[31.425164,48.561423,0],[31.426287,48.561854,0],[31.428384,48.56254,0],[31.429402,48.562838,0],[31.430441,48.563103,0],[31.430604,48.56311,0],[31.431324,48.563285,0],[31.432802,48.563584,0],[31.434135,48.5638,0],[31.435092,48.56394,0],[31.436242,48.564076,0],[31.436462,48.564126,0],[31.437654,48.564222,0],[31.439677,48.564313,0],[31.441302,48.564304,0],[31.442445,48.564274,0],[31.444574,48.564118,0],[31.449488,48.5637,0]]},"properties":{"name":"М 12","tessellate":true,"description":"М 12 (http://routes.in.ua/international/stryiy-znamenka-m-12/)"}},
{"type":"Feature","geometry":{"type":"LineString","coordinates":[[35.853096,48.527534,0],[35.85454,48.527204,0],[35.855427,48.526946,0],[35.856162,48.526623,0],[35.856748,48.526269,0],[35.857853,48.525345,0],[35.857993,48.525438,0],[35.85784,48.525574,0],[35.856673,48.526471,0],[35.855875,48.526876,0],[35.85515,48.527157,0],[35.85268,48.527721,0],[35.831378,48.532197,0],[35.829986,48.532545,0],[35.828527,48.533012,0],[35.822487,48.535149,0],[35.821836,48.535322,0],[35.821234,48.535452,0],[35.820079,48.535564,0],[35.817828,48.535693,0],[35.815354,48.535901,0],[35.810549,48.536929,0],[35.808789,48.537355,0],[35.806358,48.538013,0],[35.80505,48.538382,0],[35.803638,48.538908,0],[35.80192,48.539578,0],[35.800069,48.54024,0],[35.790714,48.543954,0],[35.788573,48.544632,0],[35.781763,48.546025,0],[35.779209,48.546572,0],[35.775878,48.547397,0],[35.771652,48.54832,0],[35.769771,48.548706,0],[35.765148,48.54972,0],[35.76155,48.550487,0],[35.756182,48.551699,0],[35.75334,48.552316,0],[35.750476,48.552914,0],[35.739935,48.555233,0],[35.737342,48.555762,0],[35.736109,48.556041,0],[35.730855,48.55716,0],[35.719229,48.559685,0],[35.714216,48.560751,0],[35.711327,48.561349,0],[35.706145,48.562491,0],[35.703846,48.562959,0],[35.700991,48.563588,0],[35.697831,48.564224,0],[35.695136,48.564802,0],[35.692455,48.565404,0],[35.689997,48.565933,0],[35.682973,48.567502,0],[35.672675,48.569746,0],[35.669501,48.570457,0],[35.666995,48.570994,0],[35.653633,48.573949,0],[35.643847,48.576082,0],[35.643072,48.576262,0],[35.63631,48.577679,0],[35.629372,48.579168,0],[35.624816,48.580156,0],[35.619724,48.581286,0],[35.618184,48.581607,0],[35.613552,48.582622,0],[35.611053,48.583151,0],[35.60797,48.583843,0],[35.59894,48.585242,0],[35.594783,48.585914,0],[35.593014,48.586178,0],[35.590854,48.586543,0],[35.586631,48.587158,0],[35.582569,48.587791,0],[35.565746,48.590301,0],[35.562229,48.5909,0],[35.554199,48.592098,0],[35.551651,48.592491,0],[35.544878,48.593488,0],[35.540167,48.594216,0],[35.536016,48.594813,0],[35.530822,48.595613,0],[35.528518,48.595951,0],[35.52649,48.596209,0],[35.524203,48.596538,0],[35.513601,48.598138,0],[35.505598,48.599368,0],[35.504145,48.599572,0],[35.486799,48.60218,0],[35.47372,48.604163,0],[35.466832,48.605186,0],[35.461776,48.605959,0],[35.437282,48.609621,0],[35.433963,48.610134,0],[35.419203,48.612321,0],[35.414997,48.612966,0],[35.408533,48.613899,0],[35.407283,48.613988,0],[35.40687,48.614002,0],[35.405958,48.614002,0],[35.404907,48.613966,0],[35.404059,48.613874,0],[35.402611,48.613672,0],[35.401962,48.613605,0],[35.400131,48.613288,0],[35.398596,48.612966,0],[35.39571,48.612441,0],[35.387827,48.611023,0],[35.386351,48.610774,0],[35.382105,48.610019,0],[35.381116,48.609866,0],[35.3793,48.609638,0],[35.373541,48.609047,0],[35.372849,48.608957,0],[35.372353,48.608871,0],[35.370416,48.608417,0],[35.369392,48.608171,0],[35.368643,48.607955,0],[35.367866,48.607699,0],[35.367021,48.607341,0],[35.366353,48.607015,0],[35.366119,48.606878,0],[35.365484,48.606444,0],[35.364851,48.605959,0],[35.364537,48.605693,0],[35.363421,48.604666,0],[35.354047,48.595803,0],[35.353363,48.595219,0],[35.352813,48.594799,0],[35.351748,48.59407,0],[35.351115,48.593681,0],[35.350517,48.59336,0],[35.349399,48.592805,0],[35.348269,48.592306,0],[35.347113,48.591882,0],[35.345772,48.591465,0],[35.344866,48.591221,0],[35.344174,48.591066,0],[35.343297,48.590896,0],[35.342487,48.590761,0],[35.340722,48.590536,0],[35.339029,48.590401,0],[35.336998,48.590309,0],[35.333023,48.590076,0],[35.3316,48.590007,0],[35.328342,48.589798,0],[35.326129,48.589698,0],[35.324821,48.589607,0],[35.323833,48.589515,0],[35.322593,48.589363,0],[35.321243,48.589153,0],[35.319973,48.588897,0],[35.318603,48.588577,0],[35.317218,48.588207,0],[35.315761,48.587753,0],[35.314563,48.587318,0],[35.310119,48.585502,0],[35.29816,48.580471,0],[35.295291,48.579299,0],[35.293972,48.578819,0],[35.292736,48.578403,0],[35.291717,48.578086,0],[35.289779,48.577545,0],[35.287864,48.577064,0],[35.285907,48.576641,0],[35.283409,48.576198,0],[35.280952,48.575862,0],[35.278892,48.575653,0],[35.276771,48.575504,0],[35.274578,48.57542,0],[35.273456,48.575393,0],[35.271766,48.575412,0],[35.270111,48.575466,0],[35.268146,48.575576,0],[35.266498,48.575721,0],[35.263618,48.576061,0],[35.26226,48.576263,0],[35.260829,48.576526,0],[35.259746,48.57674,0],[35.25835,48.577049,0],[35.256984,48.577384,0],[35.254779,48.57796,0],[35.25299,48.578403,0],[35.249645,48.579273,0],[35.245601,48.580303,0],[35.241626,48.58134,0],[35.239467,48.581886,0],[35.231163,48.584041,0],[35.228492,48.584747,0],[35.222053,48.586391,0],[35.206913,48.590309,0],[35.201519,48.591682,0],[35.197696,48.592681,0],[35.188259,48.595111,0],[35.186225,48.595607,0],[35.184604,48.595951,0],[35.183177,48.596218,0],[35.181236,48.596511,0],[35.180469,48.596618,0],[35.179664,48.596706,0],[35.177803,48.596889,0],[35.177062,48.596942,0],[35.175952,48.597007,0],[35.174106,48.597076,0],[35.172744,48.597095,0],[35.172031,48.597076,0],[35.171325,48.597026,0],[35.17031,48.596923,0],[35.169151,48.596744,0],[35.16806,48.5965,0],[35.166736,48.596122,0],[35.165805,48.595764,0],[35.163173,48.594638,0],[35.157997,48.5923,0],[35.156192,48.591503,0],[35.153934,48.590473,0],[35.15179,48.589523,0],[35.149417,48.588523,0],[35.148395,48.588123,0],[35.144733,48.586822,0],[35.14397,48.586578,0],[35.142387,48.586086,0],[35.134927,48.583844,0],[35.127239,48.581455,0],[35.124172,48.580516,0],[35.123512,48.580291,0],[35.123115,48.580131,0],[35.114547,48.57621,0],[35.110729,48.574424,0],[35.107185,48.572803,0],[35.10667,48.57254,0],[35.10614,48.572246,0],[35.10569,48.571926,0],[35.105216,48.571529,0],[35.104911,48.571228,0],[35.104358,48.57056,0],[35.101387,48.56599,0],[35.100723,48.565013,0],[35.098911,48.562194,0],[35.098056,48.560802,0],[35.097396,48.559501,0],[35.09716,48.558986,0],[35.094936,48.553749,0],[35.092842,48.54906,0],[35.092277,48.547691,0],[35.091384,48.545653,0],[35.088988,48.539963,0],[35.088562,48.538867,0],[35.086387,48.533744,0],[35.086063,48.532939,0],[35.083621,48.527309,0],[35.081214,48.521514,0],[35.079807,48.518257,0],[35.079151,48.516654,0],[35.077541,48.512973,0],[35.0764,48.510181,0],[35.074131,48.504867,0],[35.073963,48.504436,0],[35.073556,48.503679,0],[35.073314,48.503093,0],[35.073162,48.502807,0],[35.072349,48.501499,0],[35.071914,48.500873,0],[35.070862,48.49922,0],[35.070079,48.498039,0],[35.06969,48.497406,0],[35.069458,48.496883,0],[35.069282,48.496601,0],[35.066947,48.493019,0],[35.065134,48.490194,0],[35.063916,48.488342,0],[35.063053,48.486934,0],[35.062618,48.486392,0],[35.062313,48.485843,0],[35.061132,48.48386,0],[35.05997,48.482036,0],[35.057029,48.477874,0],[35.052608,48.471481,0],[35.051525,48.46986,0],[35.050754,48.468803,0],[35.050479,48.468574,0],[35.050239,48.468482,0],[35.049995,48.468441,0],[35.048892,48.468616,0],[35.04673,48.46899,0],[35.046401,48.468185,0],[35.045841,48.466667,0],[35.04512,48.466045,0],[35.044532,48.465595,0],[35.043941,48.465885,0],[35.04187,48.467006,0],[35.040878,48.46751,0],[35.036167,48.47002,0],[35.034706,48.470817,0],[35.033027,48.471656,0],[35.031936,48.472248,0],[35.031593,48.47245,0],[35.031303,48.472595,0],[35.031021,48.472713,0],[35.030502,48.472866,0],[35.030254,48.472923,0],[35.02803,48.473373,0],[35.02766,48.473426,0],[35.024312,48.474053,0],[35.021331,48.474559,0],[35.016639,48.475395,0],[35.016307,48.475406,0],[35.015749,48.475319,0],[35.014282,48.475025,0],[35.010784,48.474113,0],[35.010272,48.473987,0],[35.009952,48.473938,0],[35.009422,48.473823,0],[35.008922,48.473697,0],[35.008583,48.473548,0],[35.008399,48.473419,0],[35.00819,48.473171,0],[35.007328,48.4719,0],[35.007181,48.471741,0],[35.007071,48.471671,0],[35.006933,48.471611,0],[35.006694,48.471721,0],[35.006298,48.471851,0],[35.00307,48.472877,0],[35.001525,48.473346,0],[34.996555,48.474941,0],[34.996166,48.475074,0],[34.995868,48.475235,0],[34.995723,48.47528,0],[34.994972,48.474376,0],[34.994792,48.474231,0],[34.994525,48.474124,0],[34.994304,48.47406,0],[34.99197,48.473609,0],[34.99184,48.473579,0],[34.991649,48.47351,0],[34.990825,48.473075,0],[34.989963,48.472644,0],[34.988117,48.471668,0],[34.984642,48.469768,0],[34.979667,48.467105,0],[34.978622,48.466518,0],[34.975456,48.464801,0],[34.970699,48.462253,0],[34.969863,48.461792,0],[34.969722,48.461681,0],[34.969547,48.461517,0],[34.969371,48.461292,0],[34.968952,48.460632,0],[34.968467,48.459941,0],[34.968032,48.459201,0],[34.966751,48.456851,0],[34.965766,48.454959,0],[34.964252,48.452148,0],[34.964038,48.451717,0],[34.963169,48.450115,0],[34.960838,48.445709,0],[34.960636,48.445373,0],[34.96038,48.44506,0],[34.959913,48.444617,0],[34.958023,48.44305,0],[34.957336,48.442447,0],[34.954181,48.439857,0],[34.952648,48.43851,0],[34.951274,48.437343,0],[34.949588,48.435763,0],[34.946532,48.432715,0],[34.944091,48.430339,0],[34.94281,48.429171,0],[34.941982,48.428468,0],[34.940448,48.427326,0],[34.939632,48.426772,0],[34.938595,48.426154,0],[34.936889,48.425235,0],[34.936429,48.42501,0],[34.93572,48.424693,0],[34.93451,48.424175,0],[34.93378,48.423888,0],[34.932455,48.423414,0],[34.930931,48.422935,0],[34.929206,48.422481,0],[34.927065,48.42204,0],[34.925824,48.421814,0],[34.924711,48.421647,0],[34.923824,48.42154,0],[34.922154,48.421394,0],[34.921351,48.421347,0],[34.919723,48.421301,0],[34.917728,48.421289,0],[34.907917,48.421306,0],[34.906215,48.421255,0],[34.905356,48.421198,0],[34.903968,48.421052,0],[34.902863,48.42088,0],[34.902214,48.420761,0],[34.901227,48.420551,0],[34.899652,48.420115,0],[34.898605,48.419798,0],[34.893668,48.418105,0],[34.891891,48.417472,0],[34.887535,48.415969,0],[34.873962,48.411312,0],[34.869564,48.409778,0],[34.867867,48.409228,0],[34.855585,48.404992,0],[34.854815,48.404737,0],[34.853936,48.404468,0],[34.853093,48.404219,0],[34.85198,48.403923,0],[34.849896,48.40343,0],[34.848539,48.403149,0],[34.827199,48.398791,0],[34.822151,48.397755,0],[34.821585,48.397621,0],[34.819297,48.397169,0],[34.81157,48.395582,0],[34.809859,48.395199,0],[34.809068,48.395005,0],[34.808361,48.394809,0],[34.807224,48.394519,0],[34.804473,48.39365,0],[34.786228,48.38821,0],[34.779705,48.386276,0],[34.7784,48.385906,0],[34.777027,48.38557,0],[34.77565,48.385269,0],[34.772815,48.384731,0],[34.767131,48.38375,0],[34.755397,48.381599,0],[34.752044,48.381,0],[34.74945,48.3805,0],[34.747718,48.380119,0],[34.746616,48.379856,0],[34.745586,48.379539,0],[34.738941,48.377029,0],[34.737251,48.376491,0],[34.735958,48.376129,0],[34.734451,48.375759,0],[34.733211,48.375526,0],[34.73122,48.375247,0],[34.721447,48.374031,0],[34.71965,48.37379,0],[34.716217,48.373119,0],[34.71392,48.372608,0],[34.71178,48.372051,0],[34.709861,48.37136,0],[34.704158,48.369171,0],[34.700916,48.367946,0],[34.694351,48.365398,0],[34.688488,48.363151,0],[34.687194,48.362648,0],[34.684852,48.361698,0],[34.680961,48.36021,0],[34.67564,48.3581,0],[34.674461,48.357646,0],[34.673034,48.357128,0],[34.671821,48.35675,0],[34.671066,48.356544,0],[34.670223,48.356353,0],[34.669349,48.356189,0],[34.668521,48.35606,0],[34.66777,48.355979,0],[34.666072,48.355865,0],[34.665195,48.355857,0],[34.663574,48.355888,0],[34.662681,48.355941,0],[34.661544,48.35606,0],[34.65633,48.35667,0],[34.654098,48.35688,0],[34.643989,48.357971,0],[34.637847,48.358596,0],[34.632381,48.359199,0],[34.63034,48.359401,0],[34.622295,48.360286,0],[34.618999,48.36063,0],[34.616958,48.360797,0],[34.615901,48.360851,0],[34.61446,48.3609,0],[34.592681,48.361488,0],[34.584766,48.361732,0],[34.583736,48.361732,0],[34.582901,48.361686,0],[34.582241,48.361621,0],[34.581409,48.361515,0],[34.580909,48.361431,0],[34.579555,48.361145,0],[34.578701,48.360931,0],[34.563587,48.356536,0],[34.56213,48.356128,0],[34.560691,48.35577,0],[34.555557,48.354557,0],[34.55196,48.353641,0],[34.548782,48.352771,0],[34.536983,48.34943,0],[34.532817,48.348281,0],[34.529285,48.347267,0],[34.528316,48.347038,0],[34.526592,48.346576,0],[34.525516,48.346344,0],[34.524448,48.346134,0],[34.507408,48.343128,0],[34.506252,48.342891,0],[34.505603,48.342735,0],[34.504444,48.342361,0],[34.50312,48.341819,0],[34.501239,48.340877,0],[34.499507,48.339946,0],[34.497783,48.339065,0],[34.496753,48.338619,0],[34.495719,48.338222,0],[34.494758,48.337875,0],[34.490371,48.33646,0],[34.485698,48.335033,0],[34.482139,48.333919,0],[34.47916,48.332965,0],[34.477879,48.332526,0],[34.46075,48.327169,0],[34.459812,48.326859,0],[34.459066,48.326588,0],[34.458503,48.326363,0],[34.457559,48.325955,0],[34.457044,48.325711,0],[34.418171,48.306825,0],[34.414728,48.30513,0],[34.413143,48.304268,0],[34.412025,48.303631,0],[34.406166,48.300203,0],[34.400794,48.29709,0],[34.37371,48.28128,0],[34.368129,48.278036,0],[34.36613,48.276821,0],[34.365581,48.276409,0],[34.364761,48.27584,0],[34.364181,48.275379,0],[34.3627,48.27407,0],[34.361389,48.272869,0],[34.360033,48.271537,0],[34.358515,48.270111,0],[34.35607,48.267742,0],[34.354459,48.266223,0],[34.351568,48.263431,0],[34.348749,48.260768,0],[34.347356,48.259399,0],[34.346558,48.258651,0],[34.346047,48.258201,0],[34.345398,48.257698,0],[34.344975,48.257396,0],[34.344525,48.257118,0],[34.344002,48.256839,0],[34.341133,48.255508,0],[34.333816,48.252189,0],[34.329753,48.25037,0],[34.327746,48.249401,0],[34.324503,48.247898,0],[34.314244,48.243255,0],[34.311904,48.242141,0],[34.30936,48.240898,0],[34.303241,48.237827,0],[34.30196,48.237205,0],[34.301181,48.236797,0],[34.29972,48.236091,0],[34.297378,48.234924,0],[34.294788,48.233669,0],[34.28738,48.230018,0],[34.285648,48.22919,0],[34.283607,48.22816,0],[34.2784,48.225601,0],[34.274398,48.223598,0],[34.272594,48.222728,0],[34.26844,48.220668,0],[34.266227,48.2196,0],[34.264492,48.218711,0],[34.254959,48.214038,0],[34.252746,48.212936,0],[34.251358,48.212276,0],[34.249618,48.211627,0],[34.249061,48.21146,0],[34.24887,48.211383,0],[34.247951,48.211139,0],[34.246807,48.210861,0],[34.238998,48.209403,0],[34.232967,48.208236,0],[34.22359,48.206501,0],[34.214168,48.204719,0],[34.21297,48.204509,0],[34.212196,48.204338,0],[34.210439,48.203912,0],[34.209171,48.203521,0],[34.208141,48.203121,0],[34.206039,48.202209,0],[34.202388,48.200576,0],[34.194969,48.197338,0],[34.191898,48.195968,0],[34.189258,48.194831,0],[34.18222,48.191738,0],[34.15623,48.18037,0],[34.155677,48.180091,0],[34.15525,48.179828,0],[34.154541,48.179424,0],[34.153919,48.17897,0],[34.15343,48.178588,0],[34.152946,48.178138,0],[34.152519,48.177581,0],[34.152145,48.176959,0],[34.151771,48.176227,0],[34.151294,48.175178,0],[34.150436,48.173137,0],[34.150138,48.172561,0],[34.149715,48.17192,0],[34.149219,48.17131,0],[34.148571,48.170669,0],[34.147675,48.17005,0],[34.146795,48.16952,0],[34.146125,48.16918,0],[34.145406,48.16888,0],[34.144392,48.168551,0],[34.143661,48.168331,0],[34.142738,48.168178,0],[34.141899,48.168071,0],[34.141109,48.16801,0],[34.138431,48.167968,0],[34.12944,48.167968,0],[34.128101,48.168025,0],[34.12677,48.168197,0],[34.124801,48.168499,0],[34.123729,48.168613,0],[34.122627,48.168647,0],[34.121921,48.168647,0],[34.121109,48.168613,0],[34.120441,48.168548,0],[34.119731,48.16846,0],[34.119308,48.16838,0],[34.118209,48.168121,0],[34.117477,48.167881,0],[34.115699,48.167148,0],[34.111774,48.165386,0],[34.109481,48.164321,0],[34.106708,48.16307,0],[34.102481,48.161228,0],[34.094348,48.157619,0],[34.091579,48.156425,0],[34.088294,48.15496,0],[34.081535,48.151981,0],[34.078041,48.150478,0],[34.073154,48.148284,0],[34.068111,48.14606,0],[34.066114,48.1451,0],[34.063218,48.143883,0],[34.061538,48.143119,0],[34.060279,48.142597,0],[34.05923,48.142238,0],[34.05661,48.141548,0],[34.055423,48.141273,0],[34.05486,48.141119,0]]},"properties":{"name":"Н 11 И М 04","tessellate":true,"description":"М 04 (http://routes.in.ua/international/znamenka-izvarino-m-04/) Н 11 (http://routes.in.ua/natsionalnyie/dnepropetrovsk-nikolaev-n-11/)"}},
{"type":"Feature","geometry":{"type":"LineString","coordinates":[[32.150646,48.499714,0],[32.146682,48.496955,0],[32.144321,48.495346,0],[32.143215,48.494644,0],[32.141906,48.493877,0],[32.140567,48.49316,0],[32.138645,48.49224,0],[32.136764,48.491424,0],[32.134838,48.490695,0],[32.132347,48.489875,0],[32.130416,48.489337,0],[32.128421,48.488822,0],[32.124343,48.487838,0],[32.121452,48.487228,0],[32.120002,48.487039,0],[32.118791,48.486777,0],[32.115337,48.485982,0],[32.105545,48.483407,0],[32.10141,48.482343,0],[32.099094,48.48172,0],[32.088613,48.479184,0],[32.084981,48.478325,0],[32.080786,48.477297,0],[32.076548,48.476311,0],[32.068008,48.474242,0],[32.066018,48.473735,0],[32.063164,48.47286,0],[32.06087,48.472013,0],[32.059052,48.471278,0],[32.056064,48.469778,0],[32.055003,48.469227,0],[32.051278,48.467232,0],[32.047619,48.465337,0],[32.03491,48.45858,0],[32.022572,48.451948,0],[32.006478,48.443237,0],[32.003024,48.441401,0],[32.001243,48.440433,0],[31.999462,48.439551,0],[31.998335,48.439075,0],[31.997702,48.438753,0],[31.996157,48.438184,0],[31.970687,48.429528,0],[31.969872,48.429229,0],[31.963069,48.426908,0],[31.955731,48.424445,0],[31.948521,48.422003,0],[31.944787,48.420685,0],[31.941311,48.41956,0],[31.936848,48.417965,0],[31.93526,48.417239,0],[31.933694,48.416499,0],[31.913414,48.405334,0],[31.91312,48.40513,0],[31.912836,48.404829,0],[31.912505,48.404418,0],[31.897023,48.395815,0],[31.892774,48.393422,0],[31.890049,48.392325,0],[31.878312,48.386026,0],[31.867991,48.380241,0],[31.850771,48.370349,0],[31.84782,48.368888,0],[31.845031,48.367697,0],[31.842177,48.366564,0],[31.829528,48.361909,0],[31.804647,48.352805,0],[31.799905,48.351044,0],[31.783962,48.345212,0],[31.769983,48.340063,0],[31.763502,48.337709,0],[31.761941,48.3371,0],[31.756625,48.335171,0],[31.751733,48.333359,0],[31.735137,48.327276,0],[31.732001,48.32612,0],[31.731627,48.325955,0],[31.725683,48.323801,0],[31.722979,48.322745,0],[31.720447,48.321556,0],[31.71762,48.320011,0],[31.715297,48.318561,0],[31.712642,48.316501,0],[31.696237,48.302249,0],[31.677017,48.284908,0],[31.659009,48.269137,0],[31.651783,48.262613,0],[31.65144,48.262256,0],[31.650689,48.261613,0],[31.649766,48.260699,0],[31.64717,48.258427,0],[31.631849,48.244825,0],[31.629725,48.242996,0],[31.627407,48.24131,0],[31.62612,48.240495,0],[31.624682,48.239666,0],[31.62215,48.238394,0],[31.619167,48.237108,0],[31.616077,48.236079,0],[31.614597,48.235622,0],[31.612902,48.235164,0],[31.579642,48.227389,0],[31.568699,48.224859,0],[31.557798,48.222431,0],[31.552863,48.220856,0],[31.548271,48.218768,0],[31.53898,48.213836,0],[31.535354,48.211963,0],[31.530848,48.209889,0],[31.528616,48.20916,0],[31.526277,48.208473,0],[31.524496,48.207973,0],[31.522687,48.20758,0],[31.519346,48.207001,0],[31.495528,48.204598,0],[31.472831,48.202339,0],[31.469221,48.20174,0],[31.465101,48.200801,0],[31.46236,48.200031,0],[31.458749,48.19865,0],[31.452312,48.19548,0],[31.443729,48.191625,0],[31.435339,48.187405,0],[31.426885,48.183114,0],[31.419032,48.179222,0],[31.418431,48.178821,0],[31.417894,48.178635,0],[31.413753,48.176546,0],[31.409161,48.174271,0],[31.401501,48.170379,0],[31.400135,48.169207,0],[31.357131,48.147579,0],[31.354379,48.146381,0],[31.35086,48.145088,0],[31.348537,48.144405,0],[31.342277,48.142692,0],[31.312162,48.134834,0],[31.281767,48.127508,0],[31.278591,48.126799,0],[31.275072,48.12594,0],[31.267948,48.124264,0],[31.253791,48.120796,0],[31.251512,48.120024,0],[31.249108,48.119122,0],[31.245632,48.11737,0],[31.242708,48.115478,0],[31.23722,48.111019,0],[31.234817,48.109558,0],[31.232591,48.10844,0],[31.221942,48.104366,0],[31.220022,48.103691,0],[31.21705,48.10287,0],[31.18238,48.094539,0],[31.17877,48.093418,0],[31.174049,48.091541,0],[31.170853,48.089872,0],[31.169183,48.088878,0],[31.167296,48.087558,0],[31.160861,48.082215,0],[31.12725,48.054075,0],[31.116908,48.045511,0],[31.10666,48.036953,0],[31.106377,48.03669,0],[31.103861,48.034536,0],[31.097918,48.029542,0],[31.095107,48.027074,0],[31.093197,48.025137,0],[31.09148,48.023199,0],[31.084501,48.014143,0],[31.082465,48.011553,0],[31.081909,48.010812,0],[31.081542,48.010396,0],[31.070328,47.995892,0],[31.06196,47.985114,0],[31.061327,47.984353,0],[31.060635,47.983617,0],[31.059519,47.982536,0],[31.058307,47.981506,0],[31.056976,47.980518,0],[31.055571,47.97957,0],[31.054562,47.978974,0],[31.053527,47.978389,0],[31.052449,47.977832,0],[31.051311,47.977291,0],[31.044106,47.974444,0],[31.040464,47.973035,0],[31.03677,47.971647,0],[31.036258,47.971478,0],[31.034853,47.970966,0],[31.033927,47.970591,0],[31.033109,47.970214,0],[31.030323,47.969116,0],[30.998719,47.956924,0],[30.992421,47.954463,0],[30.990539,47.953752,0],[30.985393,47.951694,0],[30.980973,47.949983,0],[30.976296,47.948388,0],[30.973828,47.947684,0],[30.971317,47.947022,0],[30.965352,47.945614,0],[30.959365,47.944119,0],[30.923435,47.935329,0],[30.88506,47.925958,0],[30.865868,47.921276,0],[30.856217,47.918934,0],[30.846653,47.91642,0],[30.840893,47.914524,0],[30.835218,47.912434,0],[30.800871,47.89997,0],[30.770902,47.890602,0],[30.737015,47.8801,0],[30.702372,47.869305,0],[30.697608,47.867834,0],[30.669557,47.859285,0],[30.669209,47.859131,0],[30.660119,47.856191,0],[30.659808,47.85611,0],[30.646519,47.851987,0],[30.631382,47.847323,0],[30.624111,47.845149,0],[30.603983,47.836551,0],[30.591967,47.831337,0],[30.586302,47.828902,0],[30.58347,47.827692,0],[30.580638,47.826525,0],[30.575166,47.824869,0],[30.569308,47.823284,0],[30.557678,47.820042,0],[30.539576,47.815068,0],[30.529112,47.812258,0],[30.522571,47.810396,0],[30.517353,47.808962,0],[30.502666,47.804771,0],[30.485134,47.799965,0],[30.462289,47.793561,0],[30.429604,47.784512,0],[30.4073,47.778282,0],[30.393709,47.774555,0],[30.380098,47.770763,0],[30.379095,47.7705,0],[30.378528,47.770328,0],[30.37717,47.769958,0],[30.375694,47.769535,0],[30.353502,47.763366,0],[30.346582,47.761413,0],[30.345815,47.761211,0],[30.341556,47.760013,0],[30.334974,47.75819,0],[30.329147,47.756553,0],[30.325725,47.755615,0],[30.323886,47.755088,0],[30.319932,47.753997,0],[30.317094,47.753192,0],[30.31401,47.752342,0],[30.302364,47.74908,0],[30.294359,47.74686,0],[30.291334,47.746009,0],[30.287975,47.745033,0],[30.28569,47.744339,0],[30.279827,47.742424,0],[30.278884,47.742102,0],[30.27502,47.74084,0],[30.27457,47.740688,0],[30.273707,47.740362,0],[30.27022,47.739194,0],[30.241059,47.729596,0],[30.225508,47.724451,0],[30.214376,47.720855,0],[30.210605,47.719593,0],[30.209613,47.719284,0],[30.208604,47.718933,0],[30.207279,47.718513,0],[30.200466,47.716266,0],[30.198707,47.715721,0],[30.19639,47.715087,0],[30.19449,47.714664,0],[30.192844,47.714351,0],[30.190612,47.714,0],[30.18485,47.713226,0],[30.181438,47.712741,0],[30.171525,47.711414,0],[30.165126,47.710517,0],[30.152996,47.708858,0],[30.146677,47.707965,0],[30.136308,47.706558,0],[30.134553,47.706302,0],[30.125633,47.70507,0],[30.124071,47.704872,0],[30.118364,47.704067,0],[30.106788,47.702476,0],[30.103235,47.701965,0],[30.102024,47.701778,0],[30.098751,47.701377,0],[30.098087,47.701267,0],[30.09346,47.700641,0],[30.08497,47.699462,0],[30.084428,47.699382,0],[30.083763,47.699256,0],[30.081386,47.698753,0],[30.080577,47.698547,0],[30.079343,47.698177,0],[30.078769,47.697979,0],[30.0776,47.697517,0],[30.075748,47.696712,0],[30.074537,47.696208,0],[30.073699,47.695888,0],[30.072174,47.695251,0],[30.066865,47.692989,0],[30.06431,47.691925,0],[30.058689,47.689537,0],[30.057043,47.688819,0],[30.056522,47.68861,0],[30.049581,47.685638,0],[30.048809,47.685321,0],[30.047065,47.684562,0],[30.042125,47.682476,0],[30.041074,47.682071,0],[30.03984,47.681644,0],[30.038236,47.681137,0],[30.03697,47.680759,0],[30.035076,47.680271,0],[30.025651,47.678264,0],[30.01902,47.676872,0],[30.010694,47.675094,0],[29.988475,47.670398,0],[29.983369,47.669292,0],[29.96985,47.666423,0],[29.968391,47.66616,0],[29.963842,47.66547,0],[29.946874,47.663089,0],[29.914897,47.65929,0],[29.899452,47.656925,0],[29.882656,47.654033,0],[29.864295,47.650913,0],[29.859729,47.650005,0],[29.856725,47.649074,0],[29.853887,47.648048,0],[29.85054,47.646587,0],[29.841098,47.641521,0],[29.838947,47.640407,0],[29.823841,47.632438,0],[29.819625,47.630249,0],[29.814609,47.6282,0],[29.81125,47.626972,0],[29.808708,47.62638,0],[29.808069,47.626262,0],[29.783752,47.623195,0],[29.781816,47.622978,0],[29.77922,47.622844,0],[29.777175,47.622844,0],[29.776039,47.622882,0],[29.774135,47.623008,0],[29.77326,47.623096,0],[29.772031,47.623275,0],[29.760606,47.625114,0],[29.754201,47.626182,0],[29.752323,47.626514,0],[29.750724,47.626876,0],[29.749254,47.627265,0],[29.7478,47.627708,0],[29.746669,47.628135,0],[29.744073,47.629154,0],[29.741792,47.629947,0],[29.741025,47.630168,0],[29.739561,47.630535,0],[29.737237,47.630989,0],[29.736207,47.631141,0],[29.734432,47.631328,0],[29.732625,47.631465,0],[29.729358,47.63174,0],[29.724943,47.63208,0],[29.711225,47.633194,0],[29.705862,47.633605,0],[29.694402,47.634555,0],[29.686695,47.635173,0],[29.683448,47.635414,0],[29.682205,47.635425,0],[29.681125,47.635414,0],[29.680391,47.635395,0],[29.679527,47.635349,0],[29.67877,47.635295,0],[29.677919,47.635215,0],[29.677082,47.635116,0],[29.676019,47.634964,0],[29.674566,47.6347,0],[29.673557,47.634494,0],[29.672849,47.634319,0],[29.67184,47.634059,0],[29.671056,47.633823,0],[29.669818,47.633415,0],[29.668916,47.633091,0],[29.668138,47.632782,0],[29.667158,47.632358,0],[29.666416,47.632003,0],[29.665082,47.631294,0],[29.657754,47.627117,0],[29.649288,47.622383,0],[29.644851,47.619873,0],[29.641113,47.617721,0],[29.635738,47.614723,0],[29.632841,47.613063,0],[29.625755,47.609043,0],[29.624403,47.608291,0],[29.623588,47.607864,0],[29.621437,47.606826,0],[29.619607,47.606048,0],[29.61869,47.605697,0],[29.611963,47.603233,0],[29.589792,47.595199,0],[29.56439,47.585449,0],[29.542856,47.577051,0],[29.53822,47.574738,0],[29.494909,47.545357,0],[29.493147,47.544083,0],[29.491099,47.542563,0],[29.485039,47.537943,0],[29.482799,47.536117,0],[29.482214,47.535586,0],[29.481243,47.534515,0],[29.480284,47.533359,0],[29.479419,47.532225,0],[29.478651,47.531293,0],[29.477472,47.529544,0],[29.462509,47.510631,0],[29.456674,47.503189,0],[29.454999,47.501224,0],[29.451562,47.497993,0],[29.445478,47.492374,0],[29.443359,47.49028,0],[29.441846,47.488677,0],[29.440361,47.486736,0],[29.437221,47.481773,0],[29.433059,47.474929,0],[29.432571,47.474231,0],[29.432046,47.473636,0],[29.418844,47.463111,0],[29.415781,47.460643,0],[29.414686,47.459686,0],[29.414209,47.459236,0],[29.413345,47.458473,0],[29.412647,47.457916,0],[29.411735,47.457229,0],[29.411247,47.456893,0],[29.410717,47.456542,0],[29.410154,47.456199,0],[29.403554,47.452213,0],[29.401704,47.451057,0],[29.400787,47.450462,0],[29.399976,47.449913,0],[29.395696,47.447101,0],[29.391904,47.444553,0],[29.388519,47.44231,0],[29.384801,47.439872,0],[29.381544,47.437698,0],[29.379737,47.436519,0],[29.376739,47.434497,0],[29.37014,47.430141,0],[29.367473,47.428352,0],[29.367151,47.428157,0],[29.36255,47.42509,0],[29.361734,47.424575,0],[29.360372,47.423671,0],[29.359046,47.422752,0],[29.355968,47.420726,0],[29.350542,47.41711,0],[29.34822,47.415596,0],[29.3393,47.409679,0],[29.3384,47.409052,0],[29.335671,47.407211,0],[29.330338,47.403661,0]]},"properties":{"name":"М 13","tessellate":true,"description":"М 13 (http://routes.in.ua/international/kirovograd-platonovo-m-13/)"}},
{"type":"Feature","geometry":{"type":"LineString","coordinates":[[28.229191,45.481854,0],[28.229502,45.481866,0],[28.230391,45.481848,0],[28.230974,45.481823,0],[28.231593,45.481773,0],[28.232407,45.481675,0],[28.233104,45.481568,0],[28.233911,45.481397,0],[28.236193,45.480766,0],[28.238111,45.480192,0],[28.238755,45.480021,0],[28.239678,45.479732,0],[28.241225,45.479295,0],[28.243139,45.478732,0],[28.246617,45.477614,0],[28.249929,45.476611,0],[28.251487,45.476211,0],[28.251123,45.475841,0],[28.250478,45.475318,0],[28.250242,45.475105,0],[28.250162,45.474937,0],[28.250156,45.474872,0],[28.250179,45.474739,0],[28.250253,45.474628,0],[28.250478,45.474422,0],[28.25175,45.473583,0],[28.252077,45.473346,0],[28.253505,45.472255,0],[28.253885,45.471939,0],[28.255666,45.470699,0],[28.257957,45.468898,0],[28.259851,45.46749,0],[28.261014,45.466693,0],[28.261674,45.466194,0],[28.262258,45.465785,0],[28.263166,45.465202,0],[28.264093,45.464675,0],[28.264871,45.464263,0],[28.265562,45.463825,0],[28.266031,45.463562,0],[28.268026,45.462352,0],[28.271255,45.460594,0],[28.272098,45.460075,0],[28.272473,45.45992,0],[28.274292,45.458877,0],[28.275863,45.458004,0],[28.276942,45.457366,0],[28.278719,45.456459,0],[28.282269,45.454529,0],[28.283722,45.453618,0],[28.284614,45.453089,0],[28.28516,45.452831,0],[28.284252,45.451644,0],[28.285261,45.450164,0],[28.286201,45.448894,0],[28.286806,45.448116,0],[28.287063,45.447696,0],[28.287467,45.447109,0],[28.288105,45.446296,0],[28.288454,45.444934,0],[28.289386,45.440719,0],[28.289468,45.440429,0],[28.289569,45.44025,0],[28.289983,45.439628,0],[28.290395,45.439079,0],[28.290668,45.438518,0],[28.291286,45.437488,0],[28.291635,45.436954,0],[28.292005,45.436447,0],[28.292928,45.435031,0],[28.293153,45.434776,0],[28.293855,45.434211,0],[28.294054,45.43404,0],[28.294214,45.433872,0],[28.294376,45.433666,0],[28.294874,45.432918,0],[28.294988,45.432704,0],[28.295192,45.432193,0],[28.29548,45.430892,0],[28.295528,45.430343,0],[28.295528,45.430023,0],[28.29569,45.428745,0],[28.295969,45.427043,0],[28.296136,45.425609,0],[28.296211,45.424713,0],[28.296188,45.424083,0],[28.296152,45.423744,0],[28.296102,45.423622,0],[28.296098,45.42247,0],[28.296049,45.420013,0],[28.295825,45.416862,0],[28.295797,45.415649,0],[28.295728,45.414684,0],[28.295728,45.414276,0],[28.295825,45.412937,0],[28.296102,45.410469,0],[28.29614,45.410247,0],[28.296333,45.409584,0],[28.296548,45.409046,0],[28.2968,45.408565,0],[28.297042,45.407989,0],[28.297491,45.407009,0],[28.297981,45.40599,0],[28.298807,45.404003,0],[28.299295,45.402954,0],[28.299552,45.402164,0],[28.299671,45.401607,0],[28.299686,45.401348,0],[28.299671,45.401042,0],[28.299617,45.400844,0],[28.29951,45.400672,0],[28.298582,45.399433,0],[28.296939,45.397953,0],[28.296484,45.397438,0],[28.296356,45.397201,0],[28.296253,45.396949,0],[28.296237,45.396842,0],[28.296243,45.396614,0],[28.296329,45.396209,0],[28.29688,45.394638,0],[28.297309,45.393169,0],[28.297557,45.392421,0],[28.297943,45.391082,0],[28.298244,45.389923,0],[28.298458,45.389194,0],[28.298759,45.388282,0],[28.298931,45.387615,0],[28.299118,45.387218,0],[28.29952,45.386615,0],[28.299949,45.386119,0],[28.300449,45.385467,0],[28.300899,45.384925,0],[28.301858,45.383804,0],[28.302862,45.382659,0],[28.304885,45.380443,0],[28.305395,45.379928,0],[28.307674,45.37738,0],[28.308372,45.376689,0],[28.311456,45.372959,0],[28.3124,45.371791,0],[28.312486,45.371711,0],[28.312614,45.371631,0],[28.312889,45.371517,0],[28.313093,45.371471,0],[28.31335,45.371437,0],[28.314407,45.371383,0],[28.315259,45.371364,0],[28.316122,45.371307,0],[28.316423,45.371246,0],[28.31674,45.371158,0],[28.317218,45.370983,0],[28.317314,45.370929,0],[28.317743,45.370552,0],[28.319223,45.36893,0],[28.320692,45.36737,0],[28.322168,45.36573,0],[28.322608,45.365333,0],[28.322967,45.365127,0],[28.323375,45.364929,0],[28.323778,45.364696,0],[28.323938,45.364585,0],[28.324062,45.364486,0],[28.324293,45.364231,0],[28.324567,45.363853,0],[28.324653,45.363685,0],[28.324722,45.363494,0],[28.324771,45.362831,0],[28.32476,45.362472,0],[28.324668,45.362152,0],[28.324539,45.361824,0],[28.323698,45.35984,0],[28.32345,45.359157,0],[28.323408,45.358985,0],[28.32336,45.358371,0],[28.323381,45.357994,0],[28.323541,45.357452,0],[28.323741,45.357055,0],[28.324716,45.355762,0],[28.325258,45.354846,0],[28.325666,45.354282,0],[28.326572,45.352859,0],[28.326932,45.352291,0],[28.327791,45.350788,0],[28.328376,45.349906,0],[28.330141,45.347033,0],[28.33102,45.345653,0],[28.332877,45.343033,0],[28.333129,45.342727,0],[28.333402,45.342505,0],[28.334717,45.341683,0],[28.334904,45.341521,0],[28.335135,45.341276,0],[28.336551,45.339406,0],[28.338278,45.337271,0],[28.340735,45.334089,0],[28.34169,45.332901,0],[28.342264,45.33235,0],[28.3436,45.330996,0],[28.344716,45.330057,0],[28.349023,45.326169,0],[28.34993,45.325388,0],[28.351073,45.324547,0],[28.352113,45.323864,0],[28.353004,45.323314,0],[28.353481,45.323088,0],[28.359173,45.320843,0],[28.360493,45.320296,0],[28.363293,45.319391,0],[28.364747,45.318954,0],[28.370191,45.317222,0],[28.370771,45.317067,0],[28.373416,45.316532,0],[28.375572,45.315913,0],[28.378944,45.314919,0],[28.385408,45.313042,0],[28.403553,45.307583,0],[28.409922,45.305737,0],[28.420137,45.302716,0],[28.428036,45.300441,0],[28.429045,45.300339,0],[28.429967,45.300283,0],[28.430807,45.300303,0],[28.431177,45.30033,0],[28.431914,45.300432,0],[28.432615,45.300571,0],[28.433017,45.300677,0],[28.433674,45.300894,0],[28.434092,45.301058,0],[28.434776,45.301362,0],[28.435297,45.301652,0],[28.436034,45.302265,0],[28.436514,45.302709,0],[28.436643,45.302852,0],[28.437193,45.303709,0],[28.43751,45.304244,0],[28.437735,45.304701,0],[28.438035,45.305463,0],[28.439733,45.309309,0],[28.440229,45.310512,0],[28.440405,45.310735,0],[28.440903,45.311219,0],[28.441052,45.311336,0],[28.441431,45.311569,0],[28.44182,45.311737,0],[28.44233,45.311913,0],[28.442785,45.312024,0],[28.443413,45.31209,0],[28.444271,45.312135,0],[28.445339,45.312167,0],[28.445886,45.312212,0],[28.446339,45.312354,0],[28.446643,45.31248,0],[28.44683,45.312584,0],[28.447021,45.312722,0],[28.447187,45.312888,0],[28.447305,45.313058,0],[28.447423,45.313448,0],[28.447434,45.313618,0],[28.44738,45.313846,0],[28.447224,45.314268,0],[28.446149,45.316617,0],[28.445395,45.318582,0],[28.444926,45.319866,0],[28.444652,45.320479,0],[28.443912,45.322341,0],[28.447745,45.323229,0],[28.448968,45.32348,0],[28.451814,45.324159,0],[28.452656,45.324426,0],[28.452943,45.324536,0],[28.453606,45.324843,0],[28.455413,45.325782,0],[28.458171,45.327479,0],[28.461132,45.329251,0],[28.463264,45.330547,0],[28.46482,45.331498,0],[28.465493,45.331932,0],[28.466067,45.332231,0],[28.466606,45.332588,0],[28.467285,45.333074,0],[28.467974,45.333631,0],[28.468889,45.33446,0],[28.469312,45.334786,0],[28.470597,45.335686,0],[28.470967,45.335876,0],[28.47127,45.335953,0],[28.472826,45.336244,0],[28.473628,45.336447,0],[28.483393,45.339582,0],[28.484637,45.339968,0],[28.495313,45.343374,0],[28.501618,45.345354,0],[28.502668,45.345665,0],[28.504637,45.346311,0],[28.505638,45.346615,0],[28.506707,45.346905,0],[28.512434,45.34807,0],[28.517745,45.349084,0],[28.518923,45.349288,0],[28.519301,45.349316,0],[28.521152,45.349395,0],[28.522651,45.34941,0],[28.524191,45.34945,0],[28.526377,45.349514,0],[28.526639,45.349537,0],[28.526849,45.349569,0],[28.52713,45.349635,0],[28.528772,45.350149,0],[28.529646,45.350389,0],[28.529751,45.350404,0],[28.529939,45.3504,0],[28.531537,45.349834,0],[28.532556,45.349405,0],[28.533506,45.348982,0],[28.539605,45.346004,0],[28.541397,45.345156,0],[28.545613,45.343074,0],[28.55027,45.340665,0],[28.551595,45.339941,0],[28.553848,45.338761,0],[28.554105,45.338685,0],[28.554819,45.338557,0],[28.555326,45.338506,0],[28.555554,45.338499,0],[28.556208,45.338548,0],[28.556718,45.338644,0],[28.557123,45.338744,0],[28.557428,45.338846,0],[28.557922,45.339076,0],[28.558303,45.339326,0],[28.558984,45.33992,0],[28.559778,45.340746,0],[28.560937,45.342002,0],[28.561229,45.342288,0],[28.561524,45.342546,0],[28.562474,45.343263,0],[28.565612,45.345516,0],[28.565875,45.345682,0],[28.566181,45.345838,0],[28.566749,45.346072,0],[28.567221,45.346224,0],[28.567527,45.3463,0],[28.56801,45.346388,0],[28.568616,45.346449,0],[28.56926,45.346466,0],[28.569769,45.346434,0],[28.570375,45.346351,0],[28.571153,45.346136,0],[28.571593,45.345996,0],[28.588636,45.340235,0],[28.591136,45.339364,0],[28.596752,45.337471,0],[28.597814,45.337158,0],[28.598254,45.337072,0],[28.598743,45.337,0],[28.599526,45.336924,0],[28.600486,45.336898,0],[28.60106,45.336902,0],[28.603418,45.337038,0],[28.604332,45.337011,0],[28.606022,45.337068,0],[28.607283,45.337072,0],[28.624167,45.336652,0],[28.632156,45.336402,0],[28.63925,45.336233,0],[28.640786,45.336182,0],[28.641398,45.336179,0],[28.641832,45.336194,0],[28.643687,45.336347,0],[28.644105,45.3364,0],[28.644599,45.336483,0],[28.645636,45.336719,0],[28.646157,45.336863,0],[28.653866,45.339264,0],[28.671179,45.34468,0],[28.674423,45.345663,0],[28.676221,45.346248,0],[28.676508,45.346372,0],[28.67779,45.347218,0],[28.678055,45.347476,0],[28.678305,45.347763,0],[28.678954,45.348588,0],[28.680099,45.350266,0],[28.681271,45.352549,0],[28.681556,45.353195,0],[28.681671,45.353489,0],[28.681776,45.353898,0],[28.681804,45.354079,0],[28.681832,45.354773,0],[28.681805,45.355408,0],[28.681765,45.355796,0],[28.68132,45.358965,0],[28.681251,45.359801,0],[28.68125,45.360104,0],[28.681288,45.360432,0],[28.681336,45.360688,0],[28.68143,45.361021,0],[28.681529,45.361281,0],[28.681714,45.361671,0],[28.682122,45.362323,0],[28.682586,45.362869,0],[28.682857,45.363133,0],[28.683487,45.363612,0],[28.683881,45.363868,0],[28.684702,45.364328,0],[28.685099,45.364507,0],[28.685456,45.364641,0],[28.685976,45.364818,0],[28.686746,45.365038,0],[28.689444,45.365745,0],[28.692939,45.366595,0],[28.694629,45.366959,0],[28.696243,45.367292,0],[28.700956,45.368218,0],[28.7047,45.368984,0],[28.707061,45.369431,0],[28.708413,45.369725,0],[28.70963,45.370055,0],[28.710357,45.370315,0],[28.711047,45.370596,0],[28.711728,45.370984,0],[28.717618,45.374924,0],[28.721054,45.377156,0],[28.723752,45.378941,0],[28.725356,45.380037,0],[28.726622,45.38083,0],[28.730927,45.38366,0],[28.736549,45.38742,0],[28.738818,45.388963,0],[28.741004,45.390402,0],[28.742984,45.391745,0],[28.746572,45.394039,0],[28.753133,45.398365,0],[28.757132,45.400921,0],[28.757441,45.40106,0],[28.760486,45.397132,0],[28.7636,45.392998,0],[28.763952,45.392559,0],[28.767427,45.388008,0],[28.767845,45.387589,0],[28.768247,45.387228,0],[28.768811,45.386783,0],[28.772533,45.384229,0],[28.77288,45.383965,0],[28.77311,45.383763,0],[28.773295,45.383584,0],[28.775202,45.381292,0],[28.776168,45.38021,0],[28.777807,45.378664,0],[28.781168,45.375617,0],[28.782801,45.374093,0],[28.78786,45.369467,0],[28.788163,45.369229,0],[28.788404,45.369077,0],[28.788718,45.368907,0],[28.788978,45.368794,0],[28.791867,45.367679,0],[28.793433,45.367138,0],[28.79464,45.3668,0],[28.795469,45.366588,0],[28.796038,45.36641,0],[28.796349,45.366297,0],[28.796859,45.366077,0],[28.797811,45.365576,0],[28.798621,45.365088,0],[28.799326,45.364586,0],[28.800136,45.363932,0],[28.801774,45.362664,0]]},"properties":{"name":"М 15","tessellate":true}},
{"type":"Feature","geometry":{"type":"LineString","coordinates":[[31.241253,46.69912,0],[31.249948,46.704899,0],[31.287597,46.731117,0],[31.293869,46.735668,0],[31.305198,46.743988,0],[31.307092,46.745803,0],[31.310182,46.748874,0],[31.311641,46.750259,0],[31.314854,46.75312,0],[31.330263,46.768631,0],[31.33155,46.769905,0],[31.333009,46.771112,0],[31.334812,46.772489,0],[31.346526,46.781005,0],[31.357765,46.789124,0],[31.358803,46.789838,0],[31.360593,46.790989,0],[31.36172,46.791619,0],[31.362228,46.79187,0],[31.366945,46.794037,0],[31.381199,46.800416,0],[31.383772,46.801626,0],[31.385662,46.802635,0],[31.392718,46.806503,0],[31.395384,46.80822,0],[31.396323,46.808895,0],[31.398125,46.810612,0],[31.40269,46.815418,0],[31.403809,46.816782,0],[31.405642,46.820216,0],[31.406307,46.821334,0],[31.406425,46.821662,0],[31.407316,46.823424,0],[31.407733,46.824364,0],[31.407931,46.824681,0],[31.408291,46.825179,0],[31.411203,46.828612,0],[31.41187,46.829534,0],[31.41268,46.830749,0],[31.414058,46.832997,0],[31.417355,46.838152,0],[31.422484,46.846393,0],[31.423851,46.848625,0],[31.429424,46.856367,0],[31.430694,46.858019,0],[31.436262,46.865703,0],[31.444158,46.87437,0],[31.445617,46.876171,0],[31.44639,46.87746,0],[31.450601,46.885608,0],[31.454538,46.892654,0],[31.468957,46.91299,0],[31.471372,46.915481,0],[31.474542,46.91814,0],[31.481237,46.922611,0],[31.482868,46.923553,0],[31.485357,46.92493,0],[31.500457,46.931884,0],[31.505962,46.93436,0],[31.507587,46.935047,0],[31.510849,46.936,0],[31.513668,46.936743,0],[31.516195,46.937283,0],[31.517892,46.937538,0],[31.520462,46.937881,0],[31.540798,46.93935,0],[31.545347,46.93943,0],[31.54759,46.93943,0],[31.548867,46.9394,0],[31.54932,46.939341,0],[31.551189,46.938911,0],[31.553157,46.93832,0],[31.55548,46.937709,0],[31.56269,46.93634,0],[31.564933,46.93595,0],[31.57093,46.93497,0],[31.58389,46.93325,0],[31.590162,46.932365,0],[31.60264,46.930477,0],[31.604194,46.930221,0],[31.60848,46.929107,0],[31.610803,46.928669,0],[31.613004,46.928566,0],[31.614828,46.928737,0],[31.61569,46.92889,0],[31.617536,46.929355,0],[31.620996,46.930439,0],[31.622751,46.931007,0],[31.623636,46.931274,0],[31.624504,46.931468,0],[31.627691,46.932434,0],[31.628292,46.932605,0],[31.629005,46.932777,0],[31.632352,46.933498,0],[31.633682,46.933765,0],[31.634193,46.933887,0],[31.635013,46.934043,0],[31.636724,46.934398,0],[31.645662,46.936275,0],[31.648521,46.936889,0],[31.649471,46.937076,0],[31.651021,46.937419,0],[31.656606,46.938575,0],[31.657543,46.938774,0],[31.658151,46.938922,0],[31.659765,46.939258,0],[31.6616,46.939506,0],[31.662742,46.939643,0],[31.663606,46.939796,0],[31.664152,46.939918,0],[31.666385,46.940509,0],[31.669265,46.941207,0],[31.670053,46.941379,0],[31.670457,46.941452,0],[31.674882,46.942443,0],[31.676851,46.942867,0],[31.679662,46.943527,0],[31.680101,46.943618,0],[31.684742,46.944698,0],[31.689903,46.945877,0],[31.694704,46.947006,0],[31.696891,46.947502,0],[31.701381,46.948558,0],[31.708854,46.950286,0],[31.717025,46.952201,0],[31.719863,46.952896,0],[31.724996,46.954181,0],[31.726102,46.954467,0],[31.7269,46.954708,0],[31.739026,46.958584,0],[31.746201,46.960902,0],[31.750984,46.962414,0],[31.760319,46.964831,0],[31.761644,46.965151,0],[31.764424,46.965759,0],[31.766797,46.966113,0],[31.767326,46.966203,0],[31.776771,46.967579,0],[31.778881,46.967899,0],[31.785059,46.969073,0],[31.790179,46.970264,0],[31.792991,46.970949,0],[31.800242,46.972917,0],[31.801313,46.973226,0],[31.802856,46.973632,0],[31.804374,46.974067,0],[31.805355,46.974315,0],[31.806106,46.974472,0],[31.808172,46.974807,0],[31.810291,46.975051,0],[31.81118,46.975112,0],[31.816293,46.975547,0],[31.818622,46.975715,0],[31.822692,46.975917,0],[31.833755,46.976352,0],[31.839323,46.976665,0],[31.840675,46.976757,0],[31.842016,46.976799,0],[31.843463,46.976886,0],[31.845363,46.977066,0],[31.869304,46.979728,0],[31.870555,46.979854,0],[31.875822,46.980434,0],[31.879035,46.980827,0],[31.880844,46.981067,0],[31.883934,46.981437,0],[31.885999,46.981716,0],[31.887168,46.981899,0],[31.888515,46.982151,0],[31.889019,46.982215,0],[31.892345,46.982837,0],[31.896095,46.983509,0],[31.898229,46.983913,0],[31.904565,46.98505,0],[31.906656,46.985439,0],[31.913238,46.986541,0],[31.915813,46.986957,0],[31.916795,46.987163,0],[31.918319,46.98751,0],[31.922498,46.988567,0],[31.923088,46.9887,0],[31.925653,46.989345,0],[31.927122,46.989696,0],[31.927465,46.989757,0],[31.927804,46.989795,0],[31.929075,46.989822,0],[31.929697,46.989902,0],[31.930093,46.989975,0],[31.931603,46.990316,0],[31.932701,46.990596,0],[31.933544,46.990787,0],[31.933961,46.990844,0],[31.934944,46.990844,0],[31.938392,46.990726,0],[31.942459,46.99068,0],[31.9435,46.990642,0],[31.944911,46.990619,0],[31.945924,46.990573,0],[31.947244,46.990535,0],[31.949138,46.990516,0],[31.949428,46.990489,0],[31.952318,46.989749,0],[31.952753,46.989677,0],[31.952888,46.989677,0],[31.953161,46.98973,0],[31.953451,46.989875,0],[31.953638,46.990047,0],[31.953971,46.99052,0],[31.95432,46.990959,0],[31.954593,46.99113,0],[31.954898,46.99123,0],[31.955102,46.99126,0],[31.955741,46.991275,0],[31.958091,46.990524,0],[31.958799,46.990215,0],[31.959545,46.989845,0],[31.96013,46.98949,0],[31.960451,46.989269,0],[31.964164,46.986499,0],[31.968986,46.982864,0],[31.97067,46.981617,0],[31.97112,46.981304,0],[31.974565,46.979034,0],[31.976078,46.978004,0],[31.979656,46.975624,0],[31.980176,46.975402,0],[31.983154,46.974491,0],[31.98546,46.973747,0],[31.984672,46.972637,0],[31.983909,46.971492,0],[31.982852,46.969989,0],[31.981384,46.967849,0],[31.981157,46.967693,0],[31.981029,46.967632,0],[31.980894,46.967613,0],[31.98076,46.967552,0],[31.980686,46.967441,0],[31.980686,46.967353,0],[31.98076,46.967243,0],[31.980836,46.967197,0],[31.98096,46.967163,0],[31.981098,46.967163,0],[31.981222,46.967197,0],[31.981437,46.967197,0],[31.982971,46.967105,0],[31.985031,46.966953,0],[31.98701,46.966838,0],[31.995019,46.966285,0],[32.00605,46.965591,0],[32.012722,46.96519,0],[32.02692,46.964283,0],[32.032569,46.963909,0],[32.033573,46.963829,0],[32.033813,46.963779,0],[32.033889,46.963703,0],[32.033996,46.963649,0],[32.034717,46.963451,0],[32.040519,46.961216,0],[32.042327,46.960495,0],[32.047676,46.958309,0],[32.053138,46.956115,0],[32.059955,46.953338,0],[32.062641,46.952263,0],[32.06377,46.951793,0],[32.064641,46.951457,0],[32.065925,46.950935,0],[32.069202,46.949573,0],[32.069458,46.949455,0],[32.070217,46.949165,0],[32.070587,46.949092,0],[32.070732,46.949085,0],[32.07101,46.949092,0],[32.076313,46.949481,0],[32.077373,46.949546,0],[32.078121,46.949634,0],[32.078937,46.949676,0],[32.07981,46.949763,0],[32.081879,46.950058,0],[32.082823,46.950227,0],[32.083265,46.950335,0],[32.083891,46.950528,0],[32.084857,46.950913,0],[32.087161,46.951868,0],[32.089269,46.952688,0],[32.09297,46.95423,0],[32.095735,46.955348,0],[32.09622,46.955509,0],[32.096466,46.955554,0],[32.09666,46.955581,0],[32.097069,46.955581,0],[32.097591,46.955486,0],[32.097986,46.955341,0],[32.098352,46.955127,0],[32.098589,46.95491,0],[32.099111,46.954343,0],[32.099478,46.954004,0],[32.099712,46.953828,0],[32.09995,46.953695,0],[32.100374,46.953504,0],[32.100956,46.953332,0],[32.101163,46.953291,0],[32.10169,46.953226,0],[32.102038,46.953226,0],[32.102268,46.953245,0],[32.107646,46.954086,0],[32.111703,46.954682,0],[32.121028,46.956104,0],[32.128074,46.957119,0],[32.132319,46.95779,0],[32.132695,46.957817,0],[32.136926,46.958463,0],[32.137968,46.958655,0],[32.138878,46.958856,0],[32.140263,46.959249,0],[32.146081,46.96132,0],[32.14777,46.961955,0],[32.147891,46.96197,0],[32.148253,46.96209,0],[32.148775,46.962215,0],[32.149095,46.962241,0],[32.149436,46.9622,0],[32.149766,46.962094,0],[32.150309,46.961844,0],[32.15067,46.961559,0],[32.150966,46.961171,0],[32.151039,46.960925,0],[32.151294,46.956652,0],[32.151406,46.955671,0],[32.151782,46.954074,0],[32.152251,46.952362,0],[32.154956,46.942134,0],[32.155719,46.939886,0],[32.155754,46.939535,0],[32.156818,46.935706,0],[32.157272,46.934728,0],[32.158015,46.931953,0],[32.159441,46.926903,0],[32.161387,46.919838,0],[32.162782,46.915031,0],[32.16276,46.914985,0],[32.162805,46.914728,0],[32.162959,46.914081,0],[32.163077,46.913723,0],[32.163246,46.913444,0],[32.163447,46.913044,0],[32.163699,46.912707,0],[32.164501,46.911861,0],[32.164717,46.911675,0],[32.164814,46.911601,0],[32.164859,46.911587,0],[32.166703,46.909885,0],[32.170097,46.906528,0],[32.170574,46.906078,0],[32.17136,46.90538,0],[32.190006,46.888305,0],[32.190776,46.88763,0],[32.197063,46.882389,0],[32.198246,46.881366,0],[32.201099,46.879001,0],[32.211254,46.870471,0],[32.212577,46.869342,0],[32.213275,46.868694,0],[32.213684,46.868221,0],[32.214107,46.867633,0],[32.214916,46.866386,0],[32.215572,46.86531,0],[32.218795,46.860488,0],[32.222426,46.854276,0],[32.222404,46.854236,0],[32.223155,46.852678,0],[32.224942,46.849635,0],[32.226447,46.847005,0],[32.227928,46.844494,0],[32.230203,46.840471,0],[32.23112,46.838978,0],[32.232341,46.837612,0],[32.232848,46.837107,0],[32.233543,46.836511,0],[32.234177,46.836011,0],[32.234277,46.835966,0],[32.242313,46.828247,0],[32.266374,46.807961,0],[32.268493,46.806254,0],[32.275827,46.800752,0],[32.279117,46.79824,0],[32.288299,46.791458,0],[32.293769,46.787311,0],[32.295379,46.786365,0],[32.297245,46.785507,0],[32.29998,46.784458,0],[32.32624,46.773521,0],[32.32669,46.773258,0],[32.33358,46.770336,0],[32.352569,46.762939,0],[32.355571,46.761684,0],[32.358791,46.760108,0],[32.375061,46.751911,0],[32.380527,46.74908,0],[32.38375,46.747341,0],[32.38742,46.745319,0],[32.388015,46.744937,0],[32.388618,46.74451,0],[32.389705,46.743591,0],[32.390438,46.742839,0],[32.390869,46.742321,0],[32.39167,46.741176,0],[32.397819,46.731906,0],[32.401363,46.7266,0],[32.401901,46.72586,0],[32.402896,46.724567,0],[32.404125,46.723014,0],[32.406581,46.719825,0],[32.407249,46.719013,0],[32.40755,46.718677,0],[32.408119,46.718116,0],[32.408416,46.717838,0],[32.408878,46.717449,0],[32.409671,46.71685,0],[32.410026,46.716606,0],[32.410854,46.716114,0],[32.411598,46.715705,0],[32.412178,46.715408,0],[32.421524,46.711017,0],[32.422603,46.71054,0],[32.425106,46.709484,0],[32.42868,46.708007,0],[32.435676,46.705154,0],[32.441482,46.702766,0],[32.442764,46.702278,0],[32.443645,46.701988,0],[32.444522,46.701747,0],[32.446144,46.701332,0],[32.447132,46.701194,0],[32.449462,46.700916,0],[32.456966,46.700031,0],[32.462516,46.699398,0],[32.466911,46.698974,0],[32.470577,46.698658,0],[32.471504,46.698589,0],[32.472888,46.698513,0],[32.476432,46.698337,0],[32.477344,46.698249,0],[32.479286,46.697967,0],[32.491863,46.696049,0],[32.495201,46.695519,0],[32.499716,46.694854,0],[32.512242,46.693253,0],[32.515803,46.692809,0],[32.517815,46.692522,0],[32.519737,46.692296,0],[32.520159,46.692262,0],[32.522812,46.691936,0]]},"properties":{"name":"М 15","tessellate":true,"description":"М 15 (http://routes.in.ua/international/odessa-reni-m-15/)"}},
{"type":"Feature","geometry":{"type":"LineString","coordinates":[[34.414511,48.301721,0],[34.41544,48.301626,0],[34.415814,48.301551,0],[34.416167,48.301441,0],[34.41649,48.301281,0],[34.416752,48.301097,0],[34.416858,48.301003,0],[34.417221,48.30056,0],[34.417588,48.298955,0],[34.418294,48.296101,0],[34.418482,48.295261,0],[34.418463,48.294857,0],[34.417956,48.290805,0],[34.417232,48.284708,0],[34.417039,48.282886,0],[34.416969,48.281942,0],[34.416977,48.281519,0],[34.417342,48.27563,0],[34.417639,48.269842,0],[34.417902,48.266303,0],[34.417948,48.266048,0],[34.420289,48.258371,0],[34.420749,48.25764,0],[34.420885,48.257393,0],[34.421228,48.256545,0],[34.421389,48.256259,0],[34.421628,48.255982,0],[34.421895,48.255723,0],[34.422418,48.255233,0],[34.42287,48.254855,0],[34.423202,48.254477,0],[34.423383,48.254191,0],[34.423633,48.253768,0],[34.425028,48.251011,0],[34.425684,48.249778,0],[34.425892,48.249542,0],[34.426122,48.24934,0],[34.426485,48.249059,0],[34.427357,48.248444,0],[34.42798,48.248045,0],[34.428262,48.247913,0],[34.428631,48.247806,0],[34.428751,48.247785,0],[34.428923,48.247773,0],[34.432702,48.2486,0],[34.440941,48.252468,0],[34.445828,48.254608,0],[34.451671,48.254955,0],[34.466434,48.251555,0],[34.469149,48.250873,0],[34.487464,48.244228,0],[34.504827,48.235515,0],[34.507735,48.234586,0],[34.513657,48.23287,0],[34.525478,48.229286,0],[34.529258,48.227321,0],[34.535858,48.22277,0],[34.53775,48.220539,0],[34.542388,48.209381,0],[34.547878,48.195991,0],[34.550082,48.190338,0],[34.552238,48.185252,0],[34.552399,48.185052,0],[34.552678,48.184859,0],[34.556289,48.182583,0],[34.558925,48.180983,0],[34.560111,48.180286,0],[34.561202,48.17961,0],[34.561708,48.179337,0],[34.564343,48.177472,0],[34.564941,48.177097,0],[34.567553,48.175743,0],[34.571223,48.173958,0],[34.573843,48.172713,0],[34.574415,48.172499,0],[34.574868,48.172418,0],[34.576271,48.172237,0],[34.579079,48.17194,0],[34.579403,48.171867,0],[34.581657,48.171123,0],[34.583888,48.170307,0],[34.588823,48.168189,0],[34.593631,48.16595,0],[34.605388,48.160629,0],[34.60976,48.157108,0],[34.618347,48.15007,0],[34.6259,48.141399,0],[34.634231,48.13351,0],[34.635688,48.132301,0],[34.637226,48.129467,0],[34.639461,48.129211,0],[34.641689,48.128528,0],[34.650181,48.126849,0],[34.650042,48.126599,0],[34.649758,48.125216,0],[34.649334,48.123583,0],[34.648787,48.12175,0],[34.646662,48.116794,0],[34.643841,48.11155,0],[34.643626,48.111056,0],[34.643465,48.110784,0],[34.641781,48.107467,0],[34.640021,48.104272,0],[34.639131,48.102781,0],[34.638165,48.101664,0],[34.630483,48.093682,0],[34.629121,48.092234,0],[34.628187,48.090751,0],[34.626278,48.08749,0],[34.623338,48.082129,0],[34.62175,48.079412,0],[34.616128,48.069211,0],[34.615442,48.068,0],[34.614991,48.067247,0],[34.614412,48.066458,0],[34.613478,48.06501,0],[34.611794,48.062601,0],[34.611129,48.061833,0],[34.61037,48.061061,0],[34.608639,48.059431,0],[34.608189,48.059094,0],[34.607223,48.058621,0],[34.608972,48.057273,0],[34.609369,48.056907,0],[34.60982,48.05657,0],[34.610925,48.055982,0],[34.60835,48.054842,0],[34.606215,48.053874,0],[34.605979,48.053716,0],[34.605968,48.053149,0],[34.607202,48.047806,0],[34.608478,48.041839,0],[34.610538,48.031982,0],[34.612813,48.02208,0],[34.615946,48.009535,0],[34.61895,47.99871,0],[34.621096,47.990209,0],[34.622898,47.9832,0],[34.624866,47.975762,0],[34.624947,47.975545,0],[34.62499,47.975322,0],[34.624969,47.975071,0],[34.624883,47.974841,0],[34.624475,47.974108,0],[34.62381,47.972772,0],[34.623499,47.97219,0],[34.623338,47.972039,0],[34.623177,47.971953,0],[34.622581,47.971791,0],[34.622383,47.971709,0],[34.622265,47.971594,0],[34.622222,47.971465,0],[34.622233,47.971335,0],[34.623295,47.968807,0],[34.623359,47.968599,0],[34.623349,47.968397,0],[34.623286,47.968062,0],[34.620243,47.959877,0],[34.619991,47.959403,0],[34.619937,47.959231,0],[34.619948,47.958994,0],[34.620463,47.958268,0],[34.620956,47.95765,0],[34.621021,47.957492,0],[34.62101,47.957334,0],[34.62087,47.957197,0],[34.618928,47.95668,0],[34.618789,47.956587,0],[34.618735,47.956436,0],[34.618725,47.95617,0],[34.618789,47.955739,0],[34.618928,47.955466,0],[34.619315,47.955128,0],[34.620094,47.954555,0],[34.620495,47.954144,0],[34.620892,47.953569,0],[34.622512,47.952735,0],[34.624475,47.951995,0],[34.626041,47.951569,0],[34.62764,47.951248,0],[34.629014,47.950802,0],[34.635451,47.947928,0],[34.637575,47.946864,0],[34.647081,47.942294,0],[34.649312,47.941043,0],[34.653592,47.938286,0],[34.6538,47.938008,0],[34.653821,47.937902,0],[34.653784,47.937782,0],[34.652032,47.936598,0],[34.651796,47.936346,0],[34.651842,47.936294,0],[34.65192,47.936271,0],[34.652027,47.936271,0],[34.652124,47.936303,0],[34.65219,47.936361,0],[34.6523,47.936634,0],[34.653819,47.937665,0],[34.654009,47.937717,0],[34.65417,47.937715,0],[34.654326,47.937676,0],[34.654505,47.937591,0],[34.656101,47.936296,0],[34.658443,47.934301,0],[34.662874,47.930161,0],[34.664236,47.92873,0],[34.669569,47.922986,0],[34.671457,47.92121,0],[34.673291,47.919714,0],[34.675233,47.918269,0],[34.678688,47.915868,0],[34.680035,47.915631,0],[34.680751,47.914981,0],[34.68349,47.912921,0],[34.687961,47.90829,0],[34.693111,47.90142,0],[34.69688,47.897129,0],[34.708038,47.885799,0],[34.710788,47.883739,0],[34.71268,47.881511,0],[34.715419,47.877559,0],[34.716621,47.87516,0],[34.717998,47.87104,0],[34.719711,47.862449,0],[34.722629,47.855411,0],[34.724178,47.8525,0],[34.729221,47.846128,0],[34.729993,47.840973,0],[34.730122,47.840238,0],[34.730294,47.839835,0],[34.73053,47.839504,0],[34.731109,47.839287,0],[34.731925,47.839273,0],[34.734864,47.839432,0],[34.735465,47.839403,0],[34.735959,47.839345,0],[34.736345,47.839057,0],[34.736838,47.83789,0],[34.737654,47.83622,0],[34.738217,47.834909,0],[34.738705,47.833663,0],[34.739429,47.83143,0],[34.739445,47.830836,0],[34.739515,47.830026,0],[34.739563,47.826068,0],[34.739649,47.82167,0],[34.739692,47.820626,0],[34.739671,47.820136,0],[34.739542,47.81961,0],[34.73892,47.8184,0],[34.738684,47.817794,0],[34.738641,47.817204,0],[34.738405,47.816058,0],[34.737867,47.815934,0],[34.737997,47.815647,0],[34.737654,47.815388,0],[34.738748,47.814019,0],[34.739501,47.813129,0],[34.742377,47.810258,0],[34.743556,47.809312,0],[34.744127,47.808744,0],[34.744564,47.808318,0],[34.746016,47.806811,0],[34.746268,47.806606,0],[34.747078,47.806059,0],[34.749373,47.804769,0],[34.753952,47.802057,0],[34.754146,47.801957,0]]},"properties":{"name":"Т0420","tessellate":true,"description":"полная ж."}},
{"type":"Feature","geometry":{"type":"LineString","coordinates":[[31.041661,49.963589,0],[31.041677,49.963444,0],[31.041988,49.962292,0],[31.042138,49.962271,0],[31.043361,49.962519,0],[31.043522,49.962595,0],[31.043426,49.962968,0],[31.043329,49.96323,0],[31.042932,49.963886,0],[31.042889,49.964017,0],[31.043179,49.964314,0],[31.043606,49.964589,0],[31.044187,49.963934,0],[31.045297,49.963069,0],[31.047342,49.962223,0],[31.048286,49.962085,0],[31.049402,49.962098,0],[31.050447,49.962036,0],[31.050861,49.961946,0],[31.051076,49.961671,0],[31.052685,49.959973,0],[31.053672,49.958896,0],[31.054509,49.958054,0],[31.056139,49.956218,0],[31.058393,49.953857,0],[31.05895,49.953139,0],[31.059766,49.951607,0],[31.059895,49.951027,0],[31.059508,49.947782,0],[31.059337,49.944537,0],[31.059079,49.940684,0],[31.059058,49.938917,0],[31.059272,49.938226,0],[31.059717,49.937503,0],[31.062276,49.934262,0],[31.064701,49.930961,0],[31.06483,49.928447,0],[31.064766,49.925933,0],[31.064079,49.917216,0],[31.063864,49.915392,0],[31.063671,49.914121,0],[31.063599,49.91379,0],[31.063499,49.913568,0],[31.06342,49.913449,0],[31.063306,49.913327,0],[31.061697,49.911951,0],[31.060871,49.911222,0],[31.059852,49.910238,0],[31.057202,49.907502,0],[31.056869,49.906852,0],[31.05674,49.906161,0],[31.056612,49.905028,0],[31.056679,49.90399,0],[31.056853,49.902158,0],[31.056897,49.901916,0],[31.057309,49.901027,0],[31.05791,49.900101,0],[31.060141,49.897392,0],[31.060774,49.896445,0],[31.06203,49.893853,0],[31.064857,49.893992,0],[31.071578,49.895581,0],[31.073542,49.896127,0],[31.077393,49.897094,0],[31.0812,49.897972,0],[31.090714,49.900024,0],[31.098449,49.901005,0],[31.099413,49.901045,0],[31.100101,49.900921,0],[31.105871,49.898696,0],[31.108295,49.897687,0],[31.110612,49.896581,0],[31.112607,49.894714,0],[31.113658,49.893608,0],[31.114194,49.893166,0],[31.114687,49.892862,0],[31.119633,49.889547,0],[31.12973,49.882023,0],[31.130105,49.881654,0],[31.13063,49.881076,0],[31.132063,49.878397,0],[31.13317,49.876064,0],[31.134126,49.873907,0],[31.134646,49.872788,0],[31.13479,49.872625,0],[31.135041,49.872417,0],[31.135367,49.87222,0],[31.135743,49.872036,0],[31.136111,49.871892,0],[31.136477,49.871784,0],[31.137749,49.871541,0],[31.138387,49.871393,0],[31.14698,49.870335,0],[31.149641,49.869961,0],[31.150167,49.869747,0],[31.159115,49.864546,0],[31.172279,49.856821,0],[31.183394,49.849253,0],[31.185186,49.84807,0],[31.188555,49.845586,0],[31.193436,49.843926,0],[31.193908,49.843836,0],[31.194284,49.843829,0],[31.196666,49.843933,0],[31.197578,49.843878,0],[31.198243,49.843698,0],[31.198822,49.84349,0],[31.19938,49.843193,0],[31.199884,49.842729,0],[31.201998,49.840266,0],[31.209412,49.825678,0],[31.209798,49.825007,0],[31.21012,49.824882,0],[31.210527,49.82484,0],[31.210978,49.825007,0],[31.21792,49.828128,0],[31.227775,49.833071,0],[31.228572,49.833035,0],[31.228886,49.832992,0],[31.229802,49.832619,0],[31.23956,49.827976,0],[31.242564,49.826578,0],[31.245503,49.825152,0],[31.25179,49.822203,0],[31.261618,49.817538,0],[31.262627,49.817039,0],[31.264107,49.815918,0],[31.267047,49.814021,0],[31.268935,49.813218,0],[31.280029,49.808995,0],[31.281016,49.808725,0],[31.284192,49.808095,0],[31.287142,49.807852,0],[31.297839,49.807977,0],[31.305488,49.808108,0],[31.316024,49.808261,0],[31.318588,49.80772,0],[31.320122,49.80734,0],[31.321152,49.80689,0],[31.32376,49.805865,0],[31.325562,49.805117,0],[31.326538,49.804729,0],[31.327021,49.804619,0],[31.327504,49.804591,0],[31.328051,49.804632,0],[31.329859,49.804996,0],[31.331205,49.80529,0],[31.33171,49.805373,0],[31.332214,49.805401,0],[31.333609,49.805304,0],[31.334875,49.805159,0],[31.337643,49.804909,0],[31.338544,49.804743,0],[31.339445,49.804508,0],[31.340894,49.803933,0],[31.342439,49.803649,0],[31.344745,49.803331,0],[31.347052,49.802867,0],[31.34968,49.80268,0],[31.351107,49.802333,0],[31.352127,49.802347,0],[31.353135,49.802299,0],[31.354262,49.801967,0],[31.356289,49.801281,0],[31.358628,49.800436,0],[31.360195,49.799758,0],[31.360366,49.799612,0],[31.360538,49.799342,0],[31.360838,49.798539,0],[31.361182,49.797777,0],[31.361654,49.797334,0],[31.363327,49.796447,0],[31.365581,49.795034,0],[31.367061,49.793774,0],[31.369057,49.792139,0],[31.37043,49.791391,0],[31.371803,49.790934,0],[31.379163,49.789563,0],[31.38088,49.789064,0],[31.392907,49.784776,0],[31.39663,49.783502,0],[31.399484,49.782421,0],[31.400321,49.782061,0],[31.401147,49.781597,0],[31.402649,49.780537,0],[31.403732,49.77956,0],[31.405867,49.777294,0],[31.406983,49.776137,0],[31.407402,49.775611,0],[31.407659,49.77514,0],[31.407723,49.774786,0],[31.407734,49.774426,0],[31.407691,49.774066,0],[31.407552,49.773692,0],[31.407316,49.773324,0],[31.407015,49.772943,0],[31.406436,49.77232,0],[31.406103,49.772022,0],[31.405331,49.771142,0],[31.404659,49.770339,0],[31.40312,49.768696,0],[31.401631,49.767056,0],[31.399206,49.764489,0],[31.399073,49.764295,0],[31.398712,49.763904,0],[31.398306,49.763552,0],[31.398102,49.763343,0],[31.397614,49.762961,0],[31.397355,49.762737,0],[31.397058,49.762344,0],[31.398502,49.76197,0],[31.401301,49.761427,0],[31.402565,49.7612,0],[31.410041,49.760299,0],[31.413732,49.760299,0],[31.414194,49.760279,0],[31.419381,49.759865,0],[31.424442,49.759079,0],[31.427139,49.758614,0],[31.427338,49.758599,0],[31.427607,49.758503,0],[31.428083,49.758399,0],[31.429632,49.75811,0],[31.43279,49.757591,0],[31.43852,49.756584,0],[31.439219,49.756537,0],[31.442409,49.756419,0],[31.447095,49.756491,0],[31.449494,49.7565,0],[31.450083,49.756425,0],[31.455955,49.755042,0],[31.456923,49.754865,0],[31.459342,49.754653,0],[31.460718,49.754501,0],[31.461132,49.754425,0],[31.46128,49.754445,0],[31.461559,49.75452,0],[31.461799,49.754639,0],[31.461898,49.754713,0],[31.461982,49.754794,0],[31.462089,49.754954,0],[31.462137,49.75518,0],[31.462096,49.755308,0],[31.462012,49.755428,0],[31.461931,49.75674,0],[31.461928,49.757148,0],[31.462464,49.758526,0],[31.463021,49.759803,0],[31.463166,49.760054,0],[31.463341,49.760256,0],[31.463697,49.76058,0],[31.464517,49.761238,0],[31.465793,49.762138,0],[31.466532,49.762627,0],[31.46752,49.763163,0],[31.468987,49.764014,0],[31.470189,49.76496,0],[31.472086,49.766377,0],[31.474405,49.768199,0],[31.474929,49.768539,0],[31.47694,49.769584,0],[31.477649,49.770683,0],[31.47782,49.771058,0],[31.478082,49.772128,0],[31.478298,49.772792,0],[31.4788,49.773397,0],[31.47941,49.773832,0],[31.482797,49.775564,0],[31.495337,49.785026,0],[31.50004,49.787979,0],[31.502639,49.789153,0],[31.504614,49.789956,0],[31.505921,49.790415,0],[31.507625,49.790935,0],[31.508634,49.791225,0],[31.514194,49.792708,0],[31.5155,49.793158,0],[31.516029,49.793401,0],[31.516332,49.793616,0],[31.516959,49.794191,0],[31.517196,49.794509,0],[31.526899,49.817585,0],[31.528959,49.822311,0],[31.53016,49.82394,0],[31.531877,49.825321,0],[31.533679,49.826351,0],[31.53626,49.827289,0],[31.538829,49.827888,0],[31.540889,49.82806,0],[31.548957,49.827983,0],[31.553157,49.8278,0],[31.557197,49.826953,0],[31.577201,49.820587,0],[31.578741,49.820331,0],[31.61376,49.818019,0],[31.634267,49.81673,0],[31.638742,49.816898,0],[31.643028,49.817585,0],[31.696672,49.825401,0],[31.70878,49.827121,0],[31.712287,49.827381,0],[31.750322,49.82566,0],[31.762847,49.825061,0],[31.766017,49.825061,0],[31.770401,49.825481,0],[31.778072,49.827367,0],[31.778017,49.828246,0]]},"properties":{"name":"Р19","tessellate":true}},
{"type":"Feature","geometry":{"type":"LineString","coordinates":[[35.040848,48.387493,0],[35.041213,48.388729,0],[35.041088,48.388751,0],[35.041004,48.388393,0],[35.040641,48.387161,0],[35.038993,48.38182,0],[35.038558,48.380504,0],[35.038082,48.379417,0],[35.037937,48.379142,0],[35.036605,48.376873,0],[35.035839,48.375606,0],[35.033275,48.371706,0],[35.031361,48.368722,0],[35.030652,48.367577,0],[35.029928,48.366356,0],[35.028479,48.363792,0],[35.027625,48.362239,0],[35.026893,48.360763,0],[35.024986,48.357383,0],[35.024578,48.356586,0],[35.024139,48.355609,0],[35.023841,48.354686,0],[35.023754,48.354331,0],[35.023582,48.353401,0],[35.023525,48.352687,0],[35.023517,48.35218,0],[35.023597,48.351249,0],[35.023895,48.349494,0],[35.02415,48.348495,0],[35.024543,48.346767,0],[35.025775,48.341163,0],[35.02647,48.33815,0],[35.027347,48.334102,0],[35.027896,48.331699,0],[35.028022,48.330966,0],[35.028095,48.330272,0],[35.02811,48.329502,0],[35.028083,48.328914,0],[35.028041,48.328529,0],[35.027988,48.328224,0],[35.027679,48.32719,0],[35.027389,48.326352,0],[35.027277,48.326134,0],[35.027105,48.32571,0],[35.026829,48.325159,0],[35.026107,48.323856,0],[35.025669,48.323295,0],[35.025177,48.322715,0],[35.024662,48.322185,0],[35.024276,48.321819,0],[35.019233,48.317241,0],[35.018486,48.316574,0],[35.017046,48.315366,0],[35.015632,48.314069,0],[35.007701,48.306966,0],[35.003383,48.303062,0],[34.998491,48.298592,0],[34.99476,48.295095,0],[34.978851,48.280505,0],[34.977776,48.279528,0],[34.977274,48.279098,0],[34.976695,48.27865,0],[34.975531,48.277901,0],[34.97033,48.274703,0],[34.968439,48.273566,0],[34.958239,48.267955,0],[34.956873,48.267178,0],[34.956316,48.26683,0],[34.955817,48.266478,0],[34.955385,48.266137,0],[34.954929,48.265743,0],[34.95451,48.265336,0],[34.954156,48.264946,0],[34.953969,48.264716,0],[34.953596,48.264175,0],[34.953416,48.263898,0],[34.95311,48.263343,0],[34.952869,48.262825,0],[34.952711,48.262404,0],[34.952488,48.261574,0],[34.95193,48.258831,0],[34.951461,48.25575,0],[34.949022,48.243451,0],[34.948856,48.242328,0],[34.948851,48.241731,0],[34.948929,48.240867,0],[34.94906,48.2403,0],[34.949248,48.239725,0],[34.951825,48.232493,0],[34.952504,48.230537,0],[34.957643,48.214216,0],[34.96028,48.205773,0],[34.962696,48.198189,0],[34.963696,48.193519,0],[34.964654,48.190402,0],[34.966127,48.185752,0],[34.966819,48.183389,0],[34.966991,48.182482,0],[34.967077,48.181636,0],[34.96709,48.180717,0],[34.967004,48.179551,0],[34.966851,48.178617,0],[34.966594,48.177662,0],[34.966328,48.176933,0],[34.966028,48.176253,0],[34.964354,48.172883,0],[34.962712,48.169499,0],[34.961039,48.166007,0],[34.959322,48.162343,0],[34.95723,48.158113,0],[34.95532,48.154141,0],[34.953228,48.149989,0],[34.952359,48.148343,0],[34.951383,48.146854,0],[34.950868,48.146196,0],[34.941059,48.134928,0],[34.938385,48.131912,0],[34.933734,48.126534,0],[34.933155,48.125839,0],[34.93265,48.125095,0],[34.932264,48.124378,0],[34.931953,48.123576,0],[34.931781,48.122896,0],[34.931738,48.122087,0],[34.931771,48.121306,0],[34.931921,48.120017,0],[34.932489,48.1166,0],[34.932543,48.11582,0],[34.932511,48.115103,0],[34.932307,48.112947,0],[34.931942,48.109874,0],[34.931545,48.105891,0],[34.931146,48.102626,0],[34.9308,48.099296,0],[34.928595,48.08053,0],[34.92838,48.078851,0],[34.927619,48.072229,0],[34.927189,48.068924,0],[34.927104,48.067957,0],[34.927104,48.067519,0],[34.9272,48.066795,0],[34.92786,48.063225,0],[34.928482,48.059903,0],[34.92911,48.056749,0],[34.929904,48.052439,0],[34.930075,48.051686,0],[34.930268,48.05112,0],[34.930472,48.050654,0],[34.931138,48.04952,0],[34.936438,48.042836,0],[34.93942,48.039041,0],[34.942027,48.035684,0],[34.944334,48.032778,0],[34.949634,48.026019,0],[34.950519,48.024959,0],[34.951469,48.023917,0],[34.960926,48.013893,0],[34.962723,48.011925,0],[34.973731,48.00016,0],[34.976604,47.997364,0],[34.979278,47.994492,0],[34.979844,47.993864,0],[34.980077,47.993575,0],[34.980327,47.993237,0],[34.980595,47.992828,0],[34.980874,47.992306,0],[34.981032,47.991964,0],[34.981273,47.991304,0],[34.981432,47.990708,0],[34.981488,47.99039,0],[34.981537,47.989967,0],[34.981555,47.989505,0],[34.98155,47.989195,0],[34.981485,47.988617,0],[34.981289,47.987703,0],[34.979452,47.981394,0],[34.978468,47.978074,0],[34.977647,47.975397,0],[34.97629,47.97073,0],[34.972409,47.957653,0],[34.969997,47.949369,0],[34.967015,47.939266,0],[34.966854,47.93868,0],[34.966722,47.938098,0],[34.966666,47.937687,0],[34.966645,47.937252,0],[34.966674,47.936495,0],[34.966792,47.935863,0],[34.966975,47.935117,0],[34.969322,47.926295,0],[34.971722,47.917439,0],[34.972229,47.915711,0],[34.975327,47.906414,0],[34.976924,47.901882,0],[34.978039,47.898821,0],[34.980438,47.892393,0],[34.980947,47.891267,0],[34.981346,47.890459,0]]},"properties":{"name":"Н08","tessellate":true,"description":"Н08 (http://routes.in.ua/natsionalnyie/borispol-zaporozhe-n-08/)"}},
{"type":"Feature","geometry":{"type":"LineString","coordinates":[[32.691905,49.06242,0],[32.693159,49.063379,0],[32.69343,49.063614,0],[32.693641,49.063772,0],[32.693819,49.063871,0],[32.69399,49.063895,0],[32.694199,49.063892,0],[32.694341,49.063874,0],[32.694985,49.063684,0],[32.700065,49.061987,0],[32.700446,49.061899,0],[32.700881,49.061874,0],[32.705811,49.061899,0],[32.706481,49.061843,0],[32.70727,49.061758,0],[32.712012,49.061143,0],[32.714099,49.060749,0],[32.71447,49.060644,0],[32.714657,49.060542,0],[32.714941,49.060254,0],[32.715209,49.059941,0],[32.715381,49.059695,0],[32.715542,49.059407,0],[32.716352,49.057768,0],[32.716433,49.057639,0],[32.71651,49.057593,0],[32.716797,49.057501,0],[32.72347,49.056267,0],[32.726442,49.055733,0],[32.726764,49.055631,0],[32.730712,49.053895,0],[32.733542,49.05267,0],[32.736452,49.051595,0],[32.737075,49.051311,0],[32.740663,49.050112,0],[32.74364,49.048983,0],[32.74415,49.048874,0],[32.748764,49.048167,0],[32.753001,49.047598,0],[32.757014,49.047098,0],[32.757529,49.047053,0],[32.758162,49.047021,0],[32.758704,49.047028,0],[32.759369,49.047074,0],[32.767285,49.047766,0],[32.770777,49.048053,0],[32.771584,49.048185,0],[32.775374,49.04848,0],[32.775878,49.048559,0],[32.776417,49.048696,0],[32.77827,49.049479,0],[32.780097,49.050221,0],[32.782549,49.051265,0],[32.782997,49.051595,0],[32.784131,49.052525,0],[32.784732,49.053091,0],[32.785309,49.053752,0],[32.786322,49.054951,0],[32.787379,49.056148,0],[32.788391,49.057361,0],[32.788935,49.058447,0],[32.789313,49.05915,0],[32.789434,49.059296,0],[32.789552,49.059391,0],[32.789858,49.059531,0],[32.790164,49.059602,0],[32.790558,49.059605,0],[32.792521,49.059417,0],[32.795917,49.059122,0],[32.79655,49.059122,0],[32.79721,49.059175,0],[32.797553,49.059224,0],[32.798191,49.059354,0],[32.799693,49.059783,0],[32.803953,49.061083,0],[32.806251,49.061809,0],[32.808722,49.062545,0],[32.809542,49.062772,0],[32.809923,49.062832,0],[32.811074,49.062835,0],[32.811624,49.062823,0],[32.816006,49.06222,0],[32.817422,49.062044,0],[32.818983,49.061798,0],[32.820464,49.061591,0],[32.821472,49.061468,0],[32.822851,49.061348,0],[32.82438,49.061292,0],[32.825791,49.061265,0],[32.827266,49.0613,0],[32.828848,49.061395,0],[32.830345,49.061525,0],[32.837958,49.062408,0],[32.84333,49.062932,0],[32.844046,49.062967,0],[32.846906,49.063025,0],[32.847858,49.063061,0],[32.848169,49.063101,0],[32.859474,49.064948,0],[32.862425,49.065349,0],[32.863281,49.065442,0],[32.864112,49.065495,0],[32.866708,49.065391,0],[32.870077,49.065182,0],[32.873497,49.06502,0],[32.875251,49.064897,0],[32.877102,49.064799,0],[32.878285,49.064718,0],[32.879569,49.06453,0],[32.880106,49.064524,0],[32.882053,49.064602,0],[32.884516,49.064783,0],[32.886787,49.064992,0],[32.888906,49.065141,0],[32.891446,49.064995,0],[32.895668,49.06483,0],[32.898366,49.064763,0],[32.90099,49.06473,0],[32.903141,49.064777,0],[32.907014,49.064958,0],[32.910536,49.065088,0],[32.91248,49.065192,0],[32.913269,49.065219,0],[32.913685,49.065219,0],[32.914299,49.065187,0],[32.914626,49.065132,0],[32.914977,49.065013,0],[32.9155,49.064799,0],[32.916021,49.064531,0],[32.91767,49.06361,0],[32.92152,49.061558,0],[32.928327,49.057836,0],[32.928823,49.057595,0],[32.929429,49.057409,0],[32.930006,49.057333,0],[32.930529,49.057333,0],[32.931417,49.057396,0],[32.932356,49.057498,0],[32.937663,49.058009,0],[32.94052,49.058305,0],[32.943787,49.058609,0],[32.944197,49.0586,0],[32.944602,49.058533,0],[32.946654,49.058081,0],[32.953359,49.057099,0],[32.95573,49.05663,0],[32.957301,49.055867,0],[32.959116,49.055528,0],[32.962062,49.055534,0],[32.963535,49.055107,0],[32.966283,49.053062,0],[32.968555,49.051567,0],[32.969113,49.051285,0],[32.969833,49.051116,0],[32.972481,49.050859,0],[32.973546,49.050732,0],[32.974121,49.050612,0],[32.974595,49.050455,0],[32.974938,49.050398,0],[32.975576,49.050328,0],[32.97658,49.050185,0],[32.977162,49.05009,0],[32.978098,49.049911,0],[32.983376,49.048807,0],[32.990685,49.047359,0],[32.996759,49.046135,0],[32.998034,49.045862,0],[33.005226,49.044442,0],[33.009994,49.043476,0],[33.010311,49.043418,0],[33.011491,49.043255,0],[33.011674,49.043241,0],[33.012167,49.043241,0],[33.013122,49.04329,0],[33.01412,49.043361,0],[33.016545,49.043572,0],[33.018798,49.043797,0],[33.020976,49.043973,0],[33.023078,49.044162,0],[33.023894,49.044254,0],[33.02988,49.044774,0],[33.033518,49.045112,0],[33.03473,49.045252,0],[33.036476,49.045427,0],[33.037168,49.045485,0],[33.037498,49.045472,0],[33.037841,49.045414,0],[33.038026,49.045367,0],[33.038624,49.045175,0],[33.039365,49.044901,0],[33.039687,49.04476,0],[33.039979,49.044593,0],[33.040341,49.044365,0],[33.041307,49.043663,0],[33.042755,49.042531,0],[33.043259,49.042165,0],[33.044954,49.040794,0],[33.045244,49.040618,0],[33.045577,49.040527,0],[33.045856,49.040484,0],[33.046274,49.040512,0],[33.05387,49.041293,0],[33.05519,49.041448,0],[33.056756,49.041602,0],[33.057293,49.041673,0],[33.06049,49.041968,0],[33.061992,49.042144,0],[33.064116,49.042362,0],[33.064942,49.042496,0],[33.065951,49.042622,0],[33.066638,49.042729,0],[33.067614,49.042932,0],[33.068161,49.043087,0],[33.068783,49.043283,0],[33.070006,49.043719,0],[33.070779,49.044057,0],[33.071613,49.044467,0],[33.071747,49.044519,0],[33.072163,49.044785,0],[33.072469,49.045019,0],[33.073136,49.045583,0],[33.073534,49.045869,0],[33.073729,49.045954,0],[33.074016,49.04601,0],[33.074834,49.046047,0],[33.077388,49.045963,0],[33.078525,49.045892,0],[33.079212,49.045801,0],[33.079555,49.04571,0],[33.079812,49.045632,0],[33.080478,49.045365,0],[33.081143,49.045006,0],[33.083256,49.043755,0],[33.084641,49.043009,0],[33.085982,49.042475,0],[33.086711,49.042214,0],[33.087215,49.042081,0],[33.087677,49.041989,0],[33.089263,49.041629,0],[33.089951,49.041504,0],[33.09096,49.041356,0],[33.091217,49.041349,0],[33.092022,49.041377,0],[33.10517,49.042515,0],[33.111186,49.043021,0],[33.113128,49.043202,0],[33.113391,49.043217,0],[33.11661,49.043547,0],[33.118756,49.043737,0],[33.119512,49.043786,0],[33.120064,49.043784,0],[33.120767,49.043732,0],[33.12776,49.042962,0],[33.129867,49.042755,0],[33.136042,49.04207,0],[33.137863,49.041601,0],[33.141124,49.040679,0],[33.14137,49.040623,0],[33.141672,49.040586,0],[33.141961,49.040578,0],[33.142279,49.040598,0],[33.142642,49.040657,0],[33.143262,49.040878,0],[33.147843,49.043288,0],[33.148467,49.043596,0],[33.149642,49.044224,0],[33.150292,49.044532,0],[33.150712,49.044709,0],[33.151234,49.044866,0],[33.151803,49.045033,0],[33.152313,49.045139,0],[33.155054,49.045435,0],[33.156561,49.045576,0],[33.15993,49.045966,0],[33.16138,49.046111,0],[33.161781,49.046167,0],[33.163304,49.0463,0],[33.165922,49.046589,0],[33.167411,49.046729,0],[33.169675,49.046966,0],[33.172215,49.047253,0],[33.177378,49.047794,0],[33.179103,49.047985,0],[33.180071,49.048111,0],[33.189095,49.049131,0],[33.193325,49.049536,0],[33.194513,49.049643,0],[33.195362,49.049697,0],[33.195775,49.04968,0],[33.196292,49.049619,0],[33.196647,49.049534,0],[33.197069,49.049394,0],[33.197733,49.049114,0],[33.198038,49.048959,0],[33.198624,49.048626,0],[33.198976,49.048395,0],[33.199363,49.048094,0],[33.203057,49.044957,0],[33.20479,49.04351,0],[33.20536,49.04298,0],[33.207413,49.041274,0],[33.208156,49.040623,0],[33.209053,49.03988,0],[33.209574,49.04014,0],[33.209804,49.040137,0],[33.21014,49.040039,0],[33.210456,49.039756,0],[33.212013,49.038466,0],[33.21208,49.038429,0],[33.21222,49.038395,0],[33.212332,49.038403,0],[33.212422,49.038429,0],[33.21329,49.038879,0],[33.213765,49.039072,0],[33.214041,49.039143,0],[33.214266,49.039164,0],[33.214513,49.039167,0],[33.214693,49.039159,0],[33.214969,49.039116,0],[33.215382,49.039006,0],[33.216069,49.038749,0],[33.217525,49.038132,0],[33.217834,49.038033,0],[33.218036,49.038004,0],[33.21836,49.038006,0],[33.218698,49.038082,0],[33.219046,49.038213,0],[33.219235,49.038305,0],[33.21941,49.038404,0],[33.219549,49.038508,0],[33.221537,49.040267,0],[33.222392,49.041117,0],[33.22276,49.04145,0],[33.223064,49.041674,0],[33.223434,49.041881,0],[33.223683,49.041982,0],[33.223865,49.042035,0],[33.224053,49.042083,0],[33.22462,49.042173,0],[33.224788,49.042192,0],[33.225146,49.042205,0],[33.225398,49.042194,0],[33.225704,49.042139,0],[33.232602,49.039988,0],[33.23582,49.039004,0],[33.236824,49.038711,0],[33.237762,49.038415,0],[33.238512,49.038146,0],[33.241308,49.037231,0],[33.241755,49.037122,0],[33.241918,49.037096,0],[33.249277,49.036503,0],[33.249666,49.036485,0],[33.249811,49.036491,0],[33.250055,49.03657,0],[33.250133,49.036628,0],[33.250204,49.036743,0],[33.250516,49.038656,0],[33.25256,49.038513,0],[33.25444,49.038362,0],[33.256872,49.038198,0],[33.257649,49.038099,0],[33.258302,49.037995,0],[33.25856,49.037938,0],[33.260537,49.037286,0],[33.261599,49.036973,0],[33.265955,49.035566,0],[33.26978,49.034126,0],[33.270453,49.033896,0],[33.272199,49.033482,0],[33.27273,49.033372,0],[33.273146,49.033333,0],[33.274247,49.033299,0],[33.274844,49.033213,0],[33.279472,49.032166,0],[33.279875,49.032063,0],[33.280101,49.031986,0],[33.281162,49.031536,0],[33.284757,49.029942,0],[33.285376,49.029633,0],[33.285852,49.029323,0],[33.295238,49.022285,0],[33.295446,49.022147,0],[33.29567,49.022026,0],[33.295895,49.021925,0],[33.297672,49.021259,0],[33.307609,49.017577,0],[33.309412,49.016893,0],[33.309776,49.016735,0],[33.31009,49.016565,0],[33.310291,49.016442,0],[33.31063,49.016153,0],[33.311062,49.015615,0],[33.312502,49.013729,0],[33.3134,49.01295,0],[33.314702,49.011873,0],[33.315128,49.011478,0],[33.315628,49.011077,0],[33.316831,49.010263,0],[33.31726,49.010029,0],[33.317778,49.009797,0],[33.318958,49.009387,0],[33.319805,49.009155,0],[33.323959,49.00819,0],[33.328186,49.007186,0],[33.335819,49.005303,0],[33.336827,49.005064,0],[33.337852,49.004848,0],[33.342075,49.003833,0],[33.343978,49.003353,0],[33.346996,49.002525,0],[33.348251,49.002136,0],[33.351486,49.001068,0],[33.352661,49.000648,0],[33.35992,48.997909,0],[33.363403,48.99657,0],[33.366176,48.995525,0],[33.366298,48.995658,0],[33.366313,48.995731,0],[33.366306,48.995811,0],[33.366207,48.996028,0],[33.366188,48.996238,0],[33.36626,48.996482,0],[33.366401,48.996662,0],[33.366723,48.996819,0],[33.367303,48.997064,0],[33.367551,48.997145,0],[33.367787,48.997197,0],[33.368239,48.99728,0],[33.368713,48.997348,0],[33.371502,48.997632,0],[33.372533,48.997844,0],[33.373056,48.997971,0]]},"properties":{"name":"Р10","tessellate":true}},
{"type":"Feature","geometry":{"type":"LineString","coordinates":[[34.813562,48.398666,0],[34.815349,48.397089,0],[34.816452,48.396029,0],[34.816728,48.395789,0],[34.816932,48.39565,0],[34.817197,48.395525,0],[34.817313,48.395491,0],[34.817581,48.395447,0],[34.817787,48.39544,0],[34.818155,48.395498,0],[34.818651,48.395689,0],[34.821242,48.397213,0],[34.821532,48.397343,0],[34.822098,48.397541,0],[34.824026,48.397938,0],[34.824364,48.398056,0],[34.825572,48.398314,0],[34.825566,48.398455,0],[34.822151,48.397755,0],[34.821585,48.397621,0],[34.819297,48.397169,0],[34.818496,48.397132,0],[34.818032,48.397142,0],[34.817535,48.397183,0],[34.816924,48.397292,0],[34.816516,48.397402,0],[34.816065,48.39758,0],[34.815564,48.397831,0],[34.814939,48.398184,0],[34.813107,48.39927,0],[34.811235,48.400412,0],[34.806715,48.403202,0],[34.802727,48.40569,0],[34.797247,48.408998,0],[34.794248,48.410866,0],[34.793387,48.411478,0],[34.79198,48.412349,0],[34.776677,48.421648,0],[34.774299,48.422859,0],[34.771778,48.423915,0],[34.770076,48.42456,0],[34.768425,48.425121,0],[34.764389,48.426441,0],[34.763374,48.426849,0],[34.761936,48.4276,0],[34.76128,48.428028,0],[34.760311,48.428791,0],[34.759555,48.429508,0],[34.759048,48.430141,0],[34.758621,48.430759,0],[34.758224,48.43143,0],[34.757736,48.43246,0],[34.75724,48.43333,0],[34.756149,48.434768,0],[34.755588,48.43531,0],[34.754928,48.435886,0],[34.754241,48.43642,0],[34.753421,48.436939,0],[34.752368,48.437561,0],[34.750206,48.438617,0],[34.749835,48.438762,0],[34.748645,48.439346,0],[34.747726,48.439861,0],[34.746879,48.440399,0],[34.746406,48.440757,0],[34.746063,48.440979,0],[34.745513,48.441417,0],[34.744926,48.441928,0],[34.744476,48.442375,0],[34.743869,48.443027,0],[34.742958,48.444171,0],[34.73936,48.449169,0],[34.738433,48.450565,0],[34.736366,48.453388,0],[34.733894,48.456508,0],[34.730834,48.460109,0],[34.730522,48.460517,0],[34.729908,48.461181,0],[34.72924,48.461856,0],[34.728736,48.462306,0],[34.727672,48.463138,0],[34.726921,48.463653,0],[34.726234,48.464077,0],[34.72573,48.464366,0],[34.724845,48.464839,0],[34.723995,48.465232,0],[34.722709,48.465763,0],[34.713138,48.469196,0],[34.710685,48.470058,0],[34.70811,48.471012,0],[34.705139,48.472076,0],[34.704795,48.47219,0],[34.704521,48.472255,0],[34.702533,48.472949,0],[34.699161,48.474198,0]]},"properties":{"name":"Н08","tessellate":true,"description":"Н08"}},
{"type":"Feature","geometry":{"type":"LineString","coordinates":[[34.694716,48.475814,0],[34.687941,48.478304,0],[34.684988,48.479327,0],[34.678623,48.481693,0],[34.675651,48.482719,0],[34.674076,48.483165,0],[34.672458,48.483325,0],[34.671833,48.483356,0],[34.671161,48.483356,0],[34.669105,48.483303,0],[34.667472,48.483222,0],[34.665168,48.483009,0],[34.663818,48.482788,0],[34.661338,48.482353,0],[34.659294,48.482074,0],[34.65686,48.481666,0],[34.654254,48.48125,0],[34.650894,48.480735,0],[34.646644,48.480117,0],[34.641796,48.479499,0],[34.639843,48.479274,0],[34.639419,48.479259,0],[34.639019,48.479263,0],[34.638862,48.479301,0],[34.638626,48.479362,0],[34.638244,48.479499,0],[34.63623,48.480155,0],[34.635231,48.480503,0],[34.63359,48.481319,0],[34.632209,48.481956,0],[34.631721,48.482124,0],[34.631443,48.482193,0],[34.630744,48.482418,0],[34.630508,48.482505,0],[34.629615,48.482986,0],[34.624977,48.485652,0],[34.620147,48.488613,0],[34.618274,48.489654,0],[34.612117,48.493019,0],[34.610462,48.493892,0],[34.608806,48.494644,0],[34.606315,48.495735,0],[34.604446,48.496574,0],[34.603622,48.49691,0],[34.603189,48.497025,0],[34.602785,48.497083,0],[34.602404,48.497093,0],[34.596511,48.496715,0],[34.594486,48.496608,0],[34.586666,48.496124,0],[34.585567,48.496044,0],[34.584659,48.495914,0],[34.582489,48.495487,0],[34.574203,48.493656,0],[34.572505,48.493297,0],[34.571609,48.49316,0],[34.570728,48.493068,0],[34.569896,48.493068,0],[34.568946,48.493087,0],[34.568496,48.493125,0],[34.567859,48.493194,0],[34.566589,48.493404,0],[34.565288,48.493743,0],[34.555011,48.496177,0],[34.540432,48.499694,0],[34.53841,48.500057,0],[34.537414,48.500175,0],[34.536441,48.50024,0],[34.535377,48.500267,0],[34.534297,48.500228,0],[34.533622,48.500171,0],[34.530983,48.500007,0],[34.528736,48.499839,0],[34.527771,48.49979,0],[34.516246,48.498966,0],[34.515388,48.49892,0],[34.514263,48.498828,0],[34.507122,48.498329,0],[34.502792,48.498046,0],[34.497356,48.497653,0],[34.495937,48.497642,0],[34.494655,48.497734,0],[34.493217,48.49794,0],[34.492649,48.498035,0],[34.49184,48.498233,0],[34.49047,48.49863,0],[34.489421,48.499034,0],[34.488391,48.499511,0],[34.487686,48.499889,0],[34.486759,48.500492,0],[34.485881,48.501152,0],[34.474819,48.511764,0],[34.471038,48.51543,0],[34.469631,48.516681,0],[34.467753,48.518172,0],[34.455466,48.528241,0],[34.453348,48.530016,0],[34.449503,48.533146,0],[34.448018,48.534025,0],[34.447096,48.534468,0],[34.445872,48.534937,0],[34.444451,48.535383,0],[34.44191,48.536141,0],[34.435524,48.538108,0],[34.405659,48.547347,0],[34.404168,48.547707,0],[34.402784,48.547975,0],[34.401742,48.548112,0],[34.39123,48.549709,0],[34.390621,48.549861,0],[34.389876,48.550104,0],[34.389323,48.550351,0],[34.388942,48.550565,0],[34.38843,48.550914,0],[34.387925,48.551362,0],[34.387444,48.552116,0],[34.386663,48.553492,0],[34.386406,48.553886,0],[34.385974,48.554441,0],[34.385725,48.554705,0],[34.385011,48.555305,0],[34.384547,48.555644,0],[34.383562,48.556326,0],[34.382323,48.55714,0],[34.381314,48.557851,0],[34.380454,48.558486,0],[34.379989,48.558853,0],[34.379492,48.559293,0],[34.378995,48.559928,0],[34.378756,48.560307,0],[34.378467,48.560859,0],[34.37733,48.565128,0],[34.376197,48.569221,0],[34.374582,48.574846,0],[34.374001,48.577015,0],[34.372743,48.58154,0],[34.370995,48.587663,0],[34.369759,48.592084,0],[34.369305,48.593847,0],[34.369198,48.594145,0],[34.369069,48.594427,0],[34.368882,48.594725,0],[34.368672,48.594988,0],[34.35991,48.604279,0],[34.35551,48.609027,0],[34.351779,48.612928,0],[34.344871,48.620385,0],[34.341556,48.624009,0],[34.340698,48.624804,0],[34.340097,48.625279,0],[34.339496,48.62569,0],[34.338863,48.626066,0],[34.337769,48.626598,0],[34.336438,48.627122,0],[34.335451,48.62742,0],[34.334582,48.627647,0],[34.329647,48.628824,0],[34.326324,48.629779,0],[34.32031,48.631051,0],[34.316197,48.632141,0],[34.30584,48.634681,0],[34.303522,48.635277,0],[34.300314,48.636042,0],[34.297279,48.636898,0],[34.292938,48.638034,0],[34.289741,48.638851,0],[34.287879,48.63935,0],[34.286155,48.639839,0],[34.285278,48.640121,0],[34.284488,48.640438,0],[34.283718,48.640853,0],[34.28297,48.641281,0],[34.282207,48.641769,0],[34.281608,48.642288,0],[34.280971,48.642913,0],[34.279117,48.644928,0],[34.27795,48.646274,0],[34.277599,48.64677,0],[34.277465,48.647201,0],[34.277336,48.647739,0],[34.277278,48.649086,0],[34.27721,48.649799,0],[34.277149,48.650249,0],[34.276931,48.651016,0],[34.27708,48.65113,0],[34.27713,48.651279,0],[34.27713,48.651409,0],[34.277038,48.6515,0],[34.27687,48.65158,0],[34.27666,48.65158,0],[34.27576,48.652401,0],[34.274978,48.65298,0],[34.273971,48.653827,0],[34.272766,48.6548,0],[34.271888,48.655571,0],[34.271591,48.655868,0],[34.2714,48.656166,0],[34.271251,48.656471,0],[34.271141,48.65681,0],[34.27103,48.65731,0],[34.270481,48.66085,0],[34.270328,48.66167,0],[34.27013,48.662391,0],[34.269958,48.66291,0],[34.26979,48.663318,0],[34.26934,48.66418,0],[34.268459,48.665569,0],[34.26765,48.666751,0],[34.266586,48.66843,0],[34.26361,48.673961,0],[34.262001,48.676841,0],[34.257823,48.6842,0],[34.25769,48.684391,0],[34.257274,48.684841,0],[34.257061,48.685031,0],[34.25653,48.685398,0],[34.255928,48.68568,0],[34.254661,48.686206,0],[34.250629,48.688011,0],[34.248851,48.688789,0],[34.2481,48.68909,0],[34.246116,48.689968,0],[34.243568,48.691169,0],[34.24155,48.692089,0],[34.237148,48.694038,0],[34.233909,48.695499,0],[34.228549,48.697891,0],[34.227279,48.69844,0],[34.217048,48.70301,0],[34.21471,48.704021,0],[34.213226,48.704711,0],[34.211849,48.705287,0],[34.21033,48.705947,0],[34.20692,48.7075,0],[34.204845,48.708416,0],[34.198959,48.711097,0],[34.197048,48.71194,0],[34.193679,48.713481,0],[34.18985,48.715204,0],[34.18955,48.71536,0],[34.188079,48.71598,0],[34.187179,48.71643,0],[34.185199,48.717578,0],[34.183639,48.718608,0],[34.179725,48.721038,0],[34.17641,48.72314,0],[34.174125,48.724559,0],[34.172798,48.725421,0],[34.171939,48.726001,0],[34.17126,48.726512,0],[34.16381,48.731849,0],[34.159038,48.735202,0],[34.152519,48.739921,0],[34.150459,48.741375,0],[34.148731,48.742561,0],[34.146686,48.744041,0],[34.145908,48.74456,0],[34.145439,48.744808,0],[34.145008,48.745071,0],[34.143341,48.745838,0],[34.138641,48.747859,0],[34.136688,48.748661,0],[34.135936,48.748928,0],[34.132926,48.749614,0],[34.131168,48.750049,0],[34.126714,48.751105,0],[34.126003,48.751209,0],[34.118375,48.753034,0],[34.115446,48.753749,0],[34.11418,48.754017,0],[34.113257,48.754067,0],[34.112742,48.754067,0],[34.108682,48.753883,0],[34.10255,48.753664,0],[34.101595,48.753614,0],[34.100897,48.753522,0],[34.099964,48.753317,0],[34.074138,48.747169,0],[34.072551,48.746849,0],[34.07204,48.746719,0],[34.06998,48.746395,0],[34.06586,48.745891,0],[34.05796,48.74496,0],[34.054205,48.744545,0],[34.049064,48.743911,0],[34.047916,48.743743,0],[34.04697,48.743591,0],[34.044628,48.743118,0],[34.04219,48.742599,0],[34.03764,48.741595,0],[34.035913,48.741198,0],[34.034185,48.740859,0],[34.033703,48.740781,0],[34.033209,48.740732,0],[34.032379,48.740741,0],[34.031349,48.74084,0],[34.028991,48.741138,0],[34.02676,48.741375,0],[34.022148,48.741901,0],[34.02045,48.742111,0],[34.020088,48.742189,0],[34.019031,48.742298,0],[34.017341,48.742561,0],[34.016391,48.742748,0],[34.015411,48.742969,0],[34.012981,48.743549,0],[34.010467,48.744129,0],[34.008815,48.744541,0],[34.00769,48.744789,0],[34.00642,48.745029,0],[34.000648,48.746021,0],[33.996893,48.746718,0],[33.996054,48.746939,0],[33.995395,48.747259,0],[33.994306,48.747872,0],[33.991432,48.749316,0],[33.989825,48.750104,0],[33.988348,48.750874,0],[33.985972,48.752161,0],[33.985599,48.752379,0],[33.984963,48.752889,0],[33.984214,48.753685,0],[33.984066,48.75388,0],[33.983952,48.75412,0],[33.983899,48.754368,0],[33.983847,48.754714,0],[33.983847,48.755076,0],[33.984206,48.758484,0],[33.984207,48.758944,0],[33.984098,48.759715,0],[33.983337,48.762321,0],[33.982759,48.764208,0],[33.982164,48.766338,0],[33.981758,48.76755,0],[33.981501,48.768076,0],[33.981029,48.768495,0],[33.980752,48.768659,0],[33.980393,48.768842,0],[33.979513,48.769184,0],[33.976467,48.770453,0],[33.974022,48.7715,0],[33.972975,48.771987,0],[33.971905,48.772513,0],[33.971326,48.772909,0],[33.970859,48.773359,0],[33.970113,48.774156,0],[33.959172,48.785233,0],[33.957038,48.787423,0],[33.955208,48.789241,0],[33.953796,48.790747,0],[33.952609,48.791878,0],[33.950554,48.793611,0],[33.94738,48.796248,0],[33.942419,48.800116,0],[33.940079,48.801848,0],[33.8978,48.825466,0],[33.895568,48.826671,0],[33.893589,48.828468,0],[33.888786,48.833709,0],[33.873603,48.84436,0],[33.863895,48.849159,0],[33.85231,48.85474,0],[33.845611,48.857833,0],[33.833781,48.86397,0],[33.831334,48.865389,0],[33.829795,48.86619,0],[33.82427,48.868821,0],[33.819665,48.871056,0],[33.818825,48.871479,0],[33.818476,48.871641,0],[33.817808,48.871913,0],[33.816883,48.872257,0],[33.816387,48.872421,0],[33.816062,48.872513,0],[33.815397,48.872652,0],[33.806188,48.874247,0],[33.805883,48.874323,0],[33.805454,48.874457,0],[33.804054,48.874988,0],[33.803297,48.875258,0],[33.802163,48.875554,0],[33.800709,48.875896,0],[33.800449,48.875983,0],[33.800108,48.87612,0],[33.798786,48.876814,0],[33.796001,48.878341,0],[33.794223,48.879255,0],[33.793338,48.879634,0],[33.792915,48.879768,0],[33.790681,48.880372,0],[33.786731,48.881351,0],[33.777666,48.883454,0],[33.775675,48.883806,0],[33.774719,48.883918,0],[33.74176,48.886928,0],[33.729987,48.886892,0],[33.720211,48.886837,0],[33.713622,48.887227,0],[33.71224,48.887232,0],[33.710783,48.887182,0],[33.709185,48.88709,0],[33.705178,48.886696,0],[33.6987,48.886095,0],[33.697774,48.885986,0],[33.69694,48.885944,0],[33.695617,48.886048,0],[33.69181,48.886581,0],[33.690261,48.887271,0],[33.68906,48.887958,0],[33.683219,48.891731,0],[33.669727,48.900543,0],[33.659244,48.90756,0],[33.651482,48.912924,0],[33.648242,48.915267,0],[33.639037,48.921702,0],[33.63776,48.922563,0],[33.634355,48.924798,0],[33.633715,48.925209,0],[33.632968,48.925632,0],[33.632476,48.925835,0],[33.63169,48.926128,0],[33.628428,48.927279,0],[33.62495,48.92847,0],[33.615615,48.931873,0],[33.604918,48.935733,0],[33.600893,48.937745,0],[33.592502,48.942405,0],[33.579297,48.949769,0],[33.57656,48.951398,0],[33.568294,48.956227,0],[33.55872,48.961594,0],[33.557546,48.962227,0],[33.553878,48.964088,0],[33.549686,48.966247,0],[33.547901,48.96722,0],[33.541492,48.970582,0],[33.53842,48.972536,0],[33.538022,48.972836,0],[33.536958,48.973583,0],[33.535702,48.974351,0],[33.534232,48.975217,0],[33.532366,48.976245,0],[33.531647,48.976612,0],[33.530327,48.977182,0],[33.529816,48.977422,0],[33.528922,48.977886,0],[33.528256,48.978252,0],[33.526808,48.979147,0],[33.525891,48.979759,0],[33.525451,48.980083,0],[33.523836,48.981203,0],[33.523375,48.981492,0],[33.523058,48.981639,0],[33.522254,48.981851,0],[33.520993,48.982087,0],[33.517131,48.982928,0],[33.516589,48.983016,0],[33.515671,48.983245,0],[33.515232,48.983336,0],[33.514427,48.983604,0],[33.514084,48.983738,0],[33.513933,48.983822,0],[33.511004,48.985012,0],[33.510881,48.985075,0],[33.510114,48.985357,0],[33.507786,48.986336,0],[33.507206,48.986645,0],[33.504739,48.988314,0],[33.503948,48.988803,0],[33.501514,48.990184,0],[33.497203,48.992305,0],[33.495628,48.993099,0],[33.492271,48.994995,0],[33.490913,48.995731,0],[33.48933,48.996463,0],[33.483043,48.999271,0],[33.482036,48.999733,0],[33.480915,49.000282,0],[33.474262,49.0037,0],[33.473457,49.004161,0],[33.472373,49.004898,0],[33.47269,49.005363,0],[33.472965,49.005851,0],[33.473152,49.006431,0],[33.473479,49.0076,0],[33.473683,49.008078,0],[33.473851,49.008547,0],[33.474011,49.009101,0],[33.474236,49.010233,0],[33.474327,49.010829,0],[33.474376,49.011286,0],[33.47439,49.012005,0],[33.474433,49.012362,0],[33.474628,49.013427,0],[33.474831,49.014178,0],[33.474829,49.014329,0],[33.474806,49.014438,0],[33.474721,49.014619,0],[33.474496,49.014875,0],[33.474363,49.014973,0],[33.47406,49.015149,0],[33.473838,49.015257,0],[33.473564,49.015438,0],[33.47343,49.015583,0],[33.473312,49.015781,0],[33.473258,49.016014,0],[33.472837,49.018622,0],[33.472725,49.019221,0],[33.472666,49.019416,0],[33.472421,49.019754,0],[33.472006,49.020253,0],[33.471775,49.020705,0],[33.471531,49.021363,0],[33.470812,49.023613,0],[33.470699,49.024148,0],[33.470677,49.024413,0],[33.4706,49.024873,0],[33.47052,49.025017,0],[33.47034,49.02521,0],[33.470056,49.025448,0],[33.469699,49.025669,0],[33.468103,49.026495,0],[33.467666,49.026756,0],[33.465282,49.028011,0],[33.464704,49.028289,0],[33.463037,49.029031,0],[33.462074,49.029403,0],[33.4617,49.029525,0],[33.459655,49.030063,0],[33.458683,49.030297,0],[33.457969,49.030488,0],[33.457196,49.030791,0],[33.454465,49.031963,0],[33.452823,49.032691,0],[33.451968,49.033038,0],[33.450723,49.033608,0],[33.448949,49.034331,0],[33.447965,49.034689,0],[33.445381,49.035385,0],[33.443814,49.035844,0],[33.443523,49.03595,0],[33.442969,49.036255,0],[33.442307,49.036544,0],[33.44186,49.036815,0],[33.440147,49.037712,0],[33.436374,49.039646,0],[33.435573,49.040039,0],[33.434871,49.040416,0],[33.433605,49.041347,0],[33.432693,49.041992,0],[33.432296,49.042312,0],[33.430746,49.044006,0],[33.430416,49.044573,0]]},"properties":{"name":"Н08","tessellate":true}},
{"type":"Feature","geometry":{"type":"LineString","coordinates":[[34.564219,46.037336,0],[34.560703,46.031609,0],[34.558976,46.028726,0],[34.549945,46.013994,0],[34.549532,46.01314,0],[34.549247,46.012352,0],[34.549116,46.011794,0],[34.547599,46.002033,0],[34.546509,45.994338,0],[34.546616,45.993563,0],[34.547174,45.992132,0],[34.54756,45.991371,0],[34.548182,45.990641,0],[34.548762,45.990059,0],[34.549427,45.989493,0],[34.550532,45.988807,0],[34.551251,45.988449,0],[34.552077,45.988099,0],[34.55521,45.987033,0],[34.556669,45.986578,0],[34.558096,45.986198,0],[34.559813,45.985795,0],[34.560703,45.985564,0],[34.561508,45.985318,0],[34.563224,45.984737,0],[34.563975,45.984454,0],[34.565434,45.983723,0],[34.56611,45.983335,0],[34.5667,45.982925,0],[34.567258,45.9825,0],[34.567806,45.98206,0],[34.56831,45.981591,0],[34.56875,45.981099,0],[34.569136,45.980614,0],[34.570488,45.978556,0],[34.575801,45.970093,0],[34.57863,45.965543,0],[34.581658,45.960793,0],[34.586286,45.95338,0],[34.588051,45.950598,0],[34.5935,45.941903,0]]},"properties":{"name":"опасная зона","tessellate":true,"description":"на границе с оккупированной территорией высокая вероятность огромных заторов и грабежей"}},
{"type":"Feature","geometry":{"type":"LineString","coordinates":[[32.525481,46.692442,0],[32.528095,46.695653,0],[32.529003,46.696624,0],[32.52914,46.696799,0],[32.529365,46.697021,0],[32.530387,46.698349,0],[32.532318,46.700649,0],[32.532409,46.700847,0],[32.533004,46.701654,0],[32.536137,46.705495,0],[32.537379,46.706979,0],[32.538189,46.707832,0],[32.543628,46.713262,0],[32.5445,46.714102,0],[32.544977,46.714516,0],[32.545162,46.714656,0],[32.54546,46.714876,0],[32.546225,46.715387,0],[32.547161,46.715906,0],[32.547874,46.716246,0],[32.548421,46.716496,0],[32.548848,46.71666,0],[32.549808,46.71698,0],[32.550564,46.717188,0],[32.551527,46.717396,0],[32.552404,46.717541,0],[32.552823,46.717596,0],[32.56239,46.718672,0],[32.563648,46.718756,0],[32.56427,46.718776,0],[32.565826,46.718967,0],[32.569805,46.719371,0],[32.571968,46.719532,0],[32.579364,46.719917,0],[32.580642,46.71997,0],[32.583297,46.720123,0],[32.584903,46.720195,0],[32.585987,46.72026,0],[32.587226,46.72039,0],[32.588787,46.720619,0],[32.590534,46.720901,0],[32.591705,46.721107,0],[32.599395,46.722675,0],[32.603313,46.723457,0],[32.605213,46.723812,0],[32.60688,46.72406,0],[32.615757,46.725219,0],[32.622394,46.726253,0],[32.630992,46.72763,0],[32.644779,46.729808,0],[32.651859,46.730964,0],[32.653541,46.731201,0],[32.654895,46.731338,0],[32.65554,46.731372,0],[32.657524,46.731399,0],[32.659065,46.731372,0],[32.659938,46.731327,0],[32.664073,46.731002,0],[32.666549,46.730827,0],[32.673763,46.73039,0],[32.681075,46.729827,0],[32.68153,46.72974,0],[32.683334,46.72961,0],[32.688838,46.729316,0],[32.694301,46.728895,0],[32.695331,46.728744,0],[32.695852,46.728645,0],[32.696415,46.72852,0],[32.697287,46.728292,0],[32.698228,46.728022,0],[32.698866,46.727782,0],[32.699638,46.727544,0],[32.704307,46.726148,0],[32.707251,46.725253,0],[32.708256,46.724933,0],[32.709336,46.724561,0],[32.710466,46.724072,0],[32.711645,46.723487,0],[32.712162,46.723183,0],[32.712935,46.722634,0],[32.713743,46.721942,0],[32.714359,46.721307,0],[32.71478,46.720809,0],[32.715041,46.720461,0],[32.715363,46.719952,0],[32.715768,46.719146,0],[32.717372,46.715427,0],[32.720226,46.708751,0],[32.725906,46.695343,0],[32.726232,46.694458,0],[32.726356,46.694004,0],[32.726432,46.693599,0],[32.726482,46.693074,0],[32.726472,46.692125,0],[32.726438,46.69183,0],[32.72638,46.691502,0],[32.726158,46.690654,0],[32.725941,46.690073,0],[32.725784,46.689783,0],[32.725404,46.689139,0],[32.725105,46.688695,0],[32.724881,46.688397,0],[32.724337,46.68778,0],[32.724023,46.687466,0],[32.723328,46.686852,0],[32.721699,46.685475,0],[32.721122,46.684945,0],[32.720457,46.684178,0],[32.720242,46.683888,0],[32.720014,46.683532,0],[32.719717,46.682984,0],[32.719529,46.682512,0],[32.719456,46.682278,0],[32.719345,46.681777,0],[32.719265,46.681299,0],[32.719237,46.680847,0],[32.719247,46.680477,0],[32.719348,46.679584,0],[32.719558,46.676948,0],[32.719983,46.672285,0],[32.720413,46.666936,0],[32.720507,46.6655,0],[32.720654,46.66255,0],[32.720747,46.661321,0],[32.721183,46.656169,0],[32.721664,46.649814,0],[32.722279,46.642203,0],[32.722269,46.641673,0],[32.722318,46.640856,0],[32.722454,46.639241,0],[32.722693,46.63722,0],[32.722762,46.63606,0],[32.722837,46.635408,0],[32.722929,46.634881,0],[32.723025,46.634513,0],[32.723245,46.63399,0],[32.723492,46.633577,0],[32.723723,46.633257,0],[32.723969,46.632962,0],[32.724323,46.632597,0],[32.724602,46.632343,0],[32.725214,46.631908,0],[32.726018,46.631415,0],[32.726608,46.631153,0],[32.727016,46.630991,0],[32.727461,46.63084,0],[32.728255,46.63063,0],[32.729098,46.630468,0],[32.730138,46.630381,0],[32.730999,46.630361,0],[32.734639,46.630387,0],[32.73903,46.630385,0],[32.740113,46.630372,0],[32.741216,46.63034,0],[32.741825,46.6303,0],[32.742624,46.630226,0],[32.744757,46.629938,0],[32.745881,46.629745,0],[32.747035,46.6295,0],[32.748387,46.629153,0],[32.750858,46.628432,0],[32.752349,46.628046,0],[32.753324,46.627822,0],[32.756483,46.627329,0],[32.759787,46.626784,0],[32.76122,46.626477,0],[32.761949,46.62635,0],[32.762956,46.626131,0],[32.763587,46.62595,0],[32.767776,46.625007,0],[32.768417,46.624843,0],[32.768859,46.624725,0],[32.770458,46.624218,0],[32.771514,46.623863,0],[32.772563,46.623466,0],[32.773048,46.62326,0],[32.774524,46.622592,0],[32.776088,46.621826,0],[32.77779,46.620853,0],[32.77869,46.620399,0],[32.779727,46.619945,0],[32.781841,46.61906,0],[32.783721,46.618278,0],[32.784381,46.618026,0],[32.785526,46.617614,0],[32.786958,46.617216,0],[32.788278,46.616774,0],[32.79066,46.615963,0],[32.791303,46.615709,0],[32.794259,46.614692,0],[32.796421,46.613988,0],[32.798671,46.613188,0],[32.798812,46.613185,0],[32.800756,46.612588,0],[32.803534,46.611667,0],[32.807016,46.610561,0],[32.809006,46.609946,0],[32.809601,46.609787,0],[32.810315,46.609662,0],[32.814295,46.609109,0],[32.815261,46.608995,0],[32.815615,46.608973,0],[32.823442,46.609061,0],[32.826199,46.609176,0],[32.827014,46.609198,0],[32.828007,46.609257,0],[32.828441,46.609264,0],[32.828801,46.60926,0],[32.833704,46.608962,0],[32.835125,46.608943,0],[32.840474,46.608965,0],[32.841076,46.608931,0],[32.844172,46.608962,0],[32.844796,46.60894,0],[32.845575,46.608873,0],[32.845905,46.608816,0],[32.846248,46.608737,0],[32.846833,46.608557,0],[32.850302,46.607267,0],[32.858243,46.604361,0],[32.859209,46.603967,0],[32.86406,46.601481,0],[32.870655,46.597459,0],[32.872594,46.596315,0],[32.875881,46.594724,0],[32.876603,46.594353,0],[32.883061,46.591208,0],[32.883796,46.590793,0],[32.885306,46.589858,0],[32.886187,46.589333,0],[32.891783,46.585866,0],[32.892508,46.585483,0],[32.893418,46.585056,0],[32.894711,46.584581,0],[32.897003,46.58382,0],[32.897829,46.5835,0],[32.898097,46.583347,0],[32.898382,46.583153,0],[32.899512,46.582254,0],[32.902163,46.579953,0],[32.903726,46.578535,0],[32.908398,46.574062,0],[32.913475,46.568085,0],[32.91685,46.564253,0],[32.924116,46.555762,0],[32.928278,46.551217,0],[32.929094,46.550169,0],[32.93066,46.546864,0],[32.930832,46.546613,0],[32.931427,46.545471,0],[32.932027,46.543915,0],[32.932696,46.542287,0],[32.933141,46.541466,0],[32.942459,46.527989,0],[32.952209,46.513694,0],[32.957732,46.506157,0],[32.961574,46.500764,0],[32.963078,46.498859,0],[32.963969,46.497865,0],[32.967536,46.49346,0],[32.969139,46.492005,0],[32.970072,46.491082,0],[32.970519,46.490679,0],[32.971638,46.489716,0],[32.972063,46.489389,0],[32.972858,46.488835,0],[32.973233,46.488511,0],[32.973451,46.488266,0],[32.973555,46.488093,0],[32.973674,46.487763,0],[32.973822,46.487105,0],[32.973902,46.486928,0],[32.97398,46.486817,0],[32.974078,46.486722,0],[32.975012,46.486346,0],[32.976738,46.48557,0],[32.977468,46.485286,0],[32.978618,46.484751,0],[32.981512,46.482674,0],[32.982799,46.48172,0],[32.984963,46.479618,0],[32.985863,46.478542,0],[32.988015,46.476151,0],[32.989573,46.474475,0],[32.990829,46.473296,0],[32.991822,46.472469,0],[32.994974,46.469987,0],[32.995611,46.469428,0],[32.995819,46.469224,0],[32.998008,46.466868,0],[33.004976,46.459169,0],[33.00548,46.45863,0],[33.005768,46.458379,0],[33.006276,46.458022,0],[33.006762,46.457715,0],[33.008351,46.456815,0],[33.014468,46.45345,0],[33.039321,46.439979,0],[33.051509,46.433456,0],[33.05297,46.432598,0],[33.054172,46.431568,0],[33.055721,46.430198,0],[33.064544,46.421268,0],[33.066791,46.419208,0],[33.072109,46.414398,0],[33.075878,46.410369,0],[33.078289,46.408138,0],[33.07941,46.407451,0],[33.080789,46.407061,0],[33.082656,46.40692,0],[33.083651,46.406773,0],[33.084397,46.406608,0],[33.085123,46.406346,0],[33.085805,46.406025,0],[33.08675,46.405282,0],[33.090197,46.401987,0],[33.090994,46.401373,0],[33.091596,46.401019,0],[33.092193,46.40079,0],[33.103287,46.396815,0],[33.12009,46.390628,0],[33.122964,46.3702,0],[33.124546,46.36145,0],[33.128501,46.337406,0],[33.134315,46.299879,0],[33.135879,46.290889,0],[33.136138,46.287887,0],[33.135791,46.286598,0],[33.134761,46.284881,0],[33.134506,46.284538,0],[33.134681,46.284114,0],[33.136138,46.283599,0],[33.136741,46.28334,0],[33.139736,46.282909,0],[33.141891,46.283,0],[33.147377,46.283851,0],[33.149097,46.283851,0],[33.150901,46.283599,0],[33.152881,46.283,0],[33.17588,46.272701,0],[33.181198,46.27029,0],[33.18291,46.269779,0],[33.18489,46.269432,0],[33.187047,46.269532,0],[33.259647,46.276821,0],[33.263591,46.277328,0],[33.266769,46.278018,0],[33.270027,46.27914,0],[33.274487,46.28113,0],[33.292283,46.289197,0],[33.296426,46.290902,0],[33.300048,46.291922,0],[33.304625,46.292591,0],[33.309282,46.292668,0],[33.314975,46.292401,0],[33.317901,46.292041,0],[33.32075,46.291434,0],[33.323516,46.290654,0],[33.326622,46.289435,0],[33.335691,46.285031,0],[33.343004,46.281377,0],[33.346149,46.279159,0],[33.348264,46.277203,0],[33.350218,46.27507,0],[33.351733,46.272864,0],[33.352489,46.271064,0],[33.352899,46.269536,0],[33.352917,46.2571,0],[33.352954,46.252441,0],[33.353889,46.25098,0],[33.355258,46.249519,0],[33.370365,46.238971,0],[33.379642,46.234241,0],[33.413799,46.21725,0],[33.41827,46.21519,0],[33.420154,46.2145,0],[33.423671,46.213642,0],[33.454163,46.206017,0],[33.470686,46.201741,0],[33.483749,46.198539,0],[33.48521,46.198017,0],[33.486839,46.19717,0],[33.48796,46.196388,0],[33.489162,46.195278,0],[33.48983,46.194328,0],[33.492641,46.191009,0],[33.495811,46.187831,0],[33.499851,46.184097,0],[33.501091,46.18309,0],[33.501728,46.18251,0],[33.50315,46.181781,0],[33.505291,46.18148,0],[33.51353,46.182338,0],[33.5265,46.183841,0],[33.529457,46.184097,0],[33.532028,46.183971,0],[33.534988,46.183277,0],[33.539108,46.182037,0],[33.555458,46.176761,0],[33.563697,46.17414,0],[33.568466,46.172554,0],[33.578316,46.169373,0],[33.582015,46.168156,0],[33.586457,46.166719,0],[33.593617,46.164102,0],[33.596945,46.162843,0],[33.615287,46.155254,0],[33.619956,46.153357,0],[33.622323,46.152372,0],[33.623096,46.152007,0],[33.624236,46.151433,0],[33.625184,46.150854,0],[33.629745,46.14773,0],[33.633217,46.145215,0],[33.636017,46.143236,0],[33.639313,46.140975,0],[33.646515,46.13617,0],[33.648186,46.13495,0],[33.65042,46.133409,0],[33.651989,46.132365,0],[33.652806,46.131893,0],[33.65392,46.131297,0],[33.655898,46.130394,0],[33.673423,46.122647,0],[33.680482,46.119566,0],[33.684494,46.117713,0],[33.688186,46.116081,0],[33.689128,46.115631,0],[33.689933,46.115169,0],[33.690132,46.114982,0],[33.690197,46.114849,0],[33.690177,46.114727,0],[33.690238,46.114574,0],[33.690349,46.11449,0],[33.690467,46.114322,0],[33.690544,46.114173,0],[33.690593,46.113765,0],[33.690723,46.113464,0],[33.69078,46.113281,0],[33.691032,46.110797,0],[33.691226,46.108501,0],[33.691291,46.108116,0],[33.691398,46.107688,0],[33.693031,46.102859,0],[33.693996,46.100112,0],[33.695026,46.097023,0],[33.69524,46.096485,0],[33.695476,46.096057,0],[33.697387,46.093418,0],[33.699272,46.090866,0],[33.710105,46.075915,0],[33.711283,46.074287,0],[33.712679,46.072312,0],[33.713045,46.071862,0],[33.713518,46.071519,0],[33.71393,46.071298,0],[33.714159,46.071088,0],[33.71504,46.069501,0],[33.721413,46.058961,0],[33.724077,46.054518,0],[33.724336,46.054026,0],[33.73056,46.040054,0],[33.731395,46.038078,0],[33.742713,46.010543,0],[33.742977,46.009914,0],[33.743427,46.009067,0],[33.746818,46.000801,0],[33.751529,45.989521,0],[33.75238,45.987571,0],[33.752891,45.98645,0],[33.753871,45.98442,0],[33.755878,45.98122,0],[33.75695,45.979637,0],[33.75798,45.97821,0],[33.759029,45.976821,0],[33.75938,45.97636,0],[33.759849,45.975807,0],[33.760181,45.975475,0],[33.760448,45.975261,0],[33.761081,45.9748,0],[33.767288,45.970668,0],[33.76799,45.970241,0],[33.772068,45.967601,0],[33.774253,45.966217,0],[33.775791,45.965209,0],[33.776557,45.964668,0],[33.778221,45.963565,0],[33.77951,45.962741,0],[33.782077,45.961029,0],[33.783134,45.960338,0],[33.784359,45.959571,0],[33.785121,45.95906,0],[33.78617,45.9584,0],[33.78646,45.95824,0],[33.787361,45.95766,0],[33.787887,45.957279,0],[33.788711,45.9566,0],[33.790138,45.955348,0],[33.79116,45.95449,0],[33.811351,45.937049,0],[33.81147,45.936889,0],[33.81184,45.9365,0],[33.81238,45.935741,0],[33.812985,45.935119,0],[33.813536,45.934585,0],[33.813819,45.934342,0],[33.814416,45.933937,0],[33.814753,45.933762,0],[33.815485,45.933444,0],[33.815934,45.933283,0],[33.81683,45.932884,0],[33.81726,45.93272,0],[33.818092,45.932491,0],[33.832,45.928951,0],[33.83353,45.928585,0],[33.837661,45.927711,0],[33.838619,45.927501,0],[33.839489,45.927284,0],[33.875568,45.918006,0],[33.890018,45.914329,0],[33.897338,45.912437,0],[33.89841,45.91209,0],[33.910541,45.907718,0],[33.91159,45.90736,0],[33.913009,45.906837,0],[33.914268,45.906398,0],[33.921279,45.903865,0],[33.92556,45.902336,0],[33.926731,45.901931,0],[33.93006,45.900715,0],[33.93748,45.898078,0],[33.949104,45.89389,0],[33.95499,45.891784,0],[33.956901,45.891071,0],[33.958889,45.890266,0],[33.959598,45.889999,0],[33.960777,45.889499,0],[33.96212,45.889011,0],[33.972938,45.88515,0],[33.979618,45.882743,0],[33.980266,45.88256,0],[33.986156,45.880439,0],[33.987808,45.879871,0],[33.991477,45.87854,0],[33.997207,45.876491,0],[33.99789,45.876228,0],[33.99839,45.87601,0],[34.002311,45.87413,0],[34.00262,45.873958,0],[34.00315,45.873611,0],[34.005039,45.87228,0],[34.00671,45.871078,0],[34.007858,45.870098,0],[34.009418,45.868541,0],[34.010097,45.867889,0],[34.010631,45.867229,0],[34.010587,45.86714,0],[34.010498,45.867046,0],[34.009677,45.866523,0],[34.009464,45.866408,0],[34.009393,45.866398,0],[34.009266,45.866406,0],[34.009153,45.866454,0],[34.008731,45.866821,0],[34.00848,45.866947,0],[34.008338,45.86697,0],[34.008201,45.866958,0],[34.006229,45.86639,0],[34.004604,45.865898,0],[34.004291,45.865821,0],[34.00262,45.865306,0],[34.002208,45.865142,0],[34.031394,45.838989,0],[34.031761,45.838687,0],[34.03215,45.838424,0],[34.03403,45.837326,0],[34.03873,45.834671,0],[34.043289,45.832069,0],[34.063852,45.819968,0],[34.070004,45.816303,0],[34.076384,45.812532,0],[34.080757,45.809994,0],[34.080959,45.809859,0],[34.081219,45.809651,0],[34.083901,45.806835,0],[34.084166,45.806581,0],[34.084516,45.806334,0],[34.089851,45.803507,0],[34.095688,45.800445,0],[34.096334,45.800146,0],[34.096961,45.799879,0],[34.101097,45.798355,0],[34.105208,45.796869,0],[34.117595,45.792351,0],[34.122646,45.790527,0],[34.129611,45.787972,0],[34.141047,45.784709,0],[34.149159,45.782347,0],[34.151237,45.781892,0],[34.152633,45.781607,0],[34.156334,45.781108,0],[34.157648,45.78096,0],[34.162453,45.780357,0],[34.16403,45.780075,0],[34.165347,45.779977,0],[34.170138,45.779871,0],[34.182826,45.779247,0],[34.187262,45.779043,0],[34.189969,45.778957,0],[34.191314,45.778896,0],[34.192609,45.778827,0],[34.193054,45.778778,0],[34.19435,45.778538,0],[34.19765,45.777809,0],[34.201752,45.776924,0],[34.204009,45.776451,0],[34.20505,45.776279,0],[34.223717,45.773376,0],[34.230817,45.772304,0],[34.243148,45.770348,0],[34.252355,45.768953,0],[34.252584,45.768901,0],[34.252985,45.768853,0],[34.25749,45.768111,0],[34.259929,45.767727,0],[34.273275,45.765546,0],[34.279177,45.764555,0],[34.283589,45.763632,0],[34.285382,45.763229,0],[34.28626,45.762905,0],[34.287495,45.762255,0],[34.287908,45.762022,0],[34.296308,45.757271,0],[34.298532,45.755975,0],[34.311497,45.748548,0],[34.314185,45.746969,0],[34.32521,45.741311,0],[34.343231,45.73196,0],[34.349891,45.727973,0],[34.350666,45.727478,0],[34.352016,45.726665,0],[34.354328,45.725292,0],[34.355083,45.724884,0],[34.358047,45.723701,0],[34.360019,45.722953,0],[34.366672,45.720462,0],[34.369585,45.719387,0],[34.369773,45.719295,0],[34.369875,45.719222,0],[34.370014,45.719085,0],[34.370016,45.719004,0],[34.370052,45.718928,0],[34.370116,45.718862,0],[34.370253,45.71879,0],[34.370347,45.718767,0],[34.370471,45.718761,0],[34.370593,45.71878,0],[34.370698,45.71882,0],[34.370783,45.718877,0],[34.370843,45.718949,0],[34.370873,45.719029,0],[34.37087,45.719119,0],[34.370982,45.719314,0],[34.371071,45.71939,0],[34.371165,45.719454,0],[34.371838,45.719758,0],[34.372302,45.720035,0],[34.372613,45.720267,0],[34.372857,45.720497,0],[34.373101,45.720761,0],[34.374469,45.722426,0],[34.376953,45.726341,0],[34.377264,45.726781,0],[34.37764,45.72721,0],[34.37816,45.727701,0],[34.378688,45.728158,0],[34.379035,45.728387,0],[34.379454,45.728619,0],[34.379862,45.728823,0],[34.380545,45.729114,0],[34.380913,45.729249,0],[34.381548,45.729446,0],[34.38224,45.729566,0],[34.38343,45.729678,0],[34.384018,45.729708,0],[34.384694,45.72971,0],[34.385501,45.729639,0],[34.385962,45.729563,0],[34.387047,45.729349,0],[34.389274,45.72883,0],[34.389723,45.728706,0],[34.390388,45.728485,0],[34.39057,45.728296,0],[34.390664,45.728036,0],[34.390737,45.727939,0],[34.390817,45.727877,0],[34.390949,45.727815,0],[34.391069,45.727794,0],[34.39123,45.727802,0],[34.391504,45.727843,0],[34.39166,45.727841,0],[34.39182,45.72783,0],[34.391965,45.727802,0],[34.39218,45.727748,0],[34.392512,45.727689,0],[34.39347,45.727454,0],[34.39608,45.726877,0],[34.398235,45.726429,0],[34.400047,45.726029,0],[34.400653,45.72586,0],[34.401275,45.725649,0],[34.403818,45.724373,0],[34.404121,45.724179,0],[34.404226,45.724064,0],[34.404295,45.72383,0],[34.404336,45.723746,0],[34.404384,45.723696,0],[34.404483,45.723643,0],[34.404633,45.723626,0],[34.406672,45.723864,0],[34.411119,45.724426,0],[34.412077,45.724518,0],[34.413284,45.724688,0],[34.415703,45.724952,0],[34.418211,45.725255,0],[34.418862,45.725313,0],[34.419901,45.725443,0],[34.422037,45.725669,0],[34.422691,45.725762,0],[34.423037,45.725843,0],[34.423658,45.726017,0],[34.423846,45.72604,0],[34.424079,45.726032,0],[34.423809,45.725274,0],[34.423288,45.724023,0],[34.42265,45.722786,0],[34.422116,45.721874,0],[34.42148,45.720872,0],[34.420547,45.719666,0],[34.419836,45.718836,0],[34.419517,45.718497,0],[34.411792,45.710824,0],[34.412548,45.710529,0],[34.413684,45.710121,0],[34.41777,45.708763,0],[34.418363,45.708525,0],[34.418877,45.708402,0],[34.419185,45.708395,0],[34.419311,45.708412,0],[34.419468,45.708456,0],[34.419635,45.708531,0],[34.419807,45.708634,0],[34.420078,45.708862,0],[34.421325,45.710024,0],[34.422556,45.711055,0],[34.422823,45.711296,0],[34.423142,45.711491,0],[34.423396,45.711577,0],[34.423796,45.711649,0],[34.424547,45.71168,0],[34.429328,45.711628,0],[34.438264,45.711619,0],[34.440357,45.711593,0],[34.440883,45.711412,0],[34.440948,45.711373,0],[34.441114,45.711209,0],[34.441195,45.711079,0],[34.441213,45.710984,0],[34.441272,45.709504,0],[34.441023,45.708652,0],[34.440862,45.707992,0],[34.440787,45.707176,0],[34.440873,45.704299,0],[34.440959,45.700013,0],[34.440873,45.699578,0],[34.440476,45.698612,0],[34.439349,45.695727,0],[34.438191,45.692624,0],[34.437493,45.690825,0],[34.436967,45.688652,0],[34.436431,45.686104,0],[34.436034,45.683308,0],[34.436141,45.682821,0],[34.437504,45.679665,0],[34.438384,45.676929,0],[34.43848,45.676397,0],[34.438083,45.671824,0],[34.437976,45.669725,0],[34.438158,45.668915,0],[34.438512,45.668105,0],[34.439381,45.666711,0],[34.440519,45.665054,0],[34.441162,45.664206,0],[34.441946,45.663397,0],[34.44403,45.661949,0],[34.447668,45.659369,0],[34.44789,45.659267,0],[34.448102,45.659201,0],[34.449609,45.658789,0],[34.449888,45.658694,0],[34.450167,45.658563,0],[34.451393,45.657859,0],[34.454074,45.656269,0],[34.455788,45.655366,0],[34.461023,45.652674,0],[34.464521,45.650838,0],[34.465474,45.650415,0],[34.466464,45.65002,0],[34.467279,45.649757,0],[34.469876,45.649073,0],[34.477286,45.647623,0],[34.477706,45.647496,0],[34.478124,45.647256,0],[34.478564,45.646799,0],[34.479003,45.646103,0],[34.479089,45.645735,0],[34.4791,45.645376,0],[34.479051,45.645076,0],[34.478917,45.644783,0],[34.478236,45.643831,0],[34.477882,45.643302,0],[34.47771,45.642915,0],[34.477651,45.642627,0],[34.477667,45.642383,0],[34.477758,45.642147,0],[34.477892,45.641929,0],[34.478155,45.641592,0],[34.478488,45.641277,0],[34.478821,45.641037,0],[34.479159,45.640834,0],[34.479566,45.640635,0],[34.479995,45.640485,0],[34.48956,45.638047,0],[34.499669,45.635411,0],[34.506533,45.632571,0],[34.517878,45.627915,0],[34.527669,45.623838,0],[34.536209,45.620361,0],[34.542728,45.61766,0],[34.548311,45.615193,0],[34.55123,45.614007,0],[34.552431,45.613632,0],[34.554229,45.613151,0],[34.557152,45.612551,0],[34.559619,45.611944,0],[34.561611,45.61148,0],[34.574586,45.608574,0],[34.575215,45.608413,0],[34.575443,45.60834,0],[34.576106,45.608121,0],[34.577644,45.60757,0],[34.581161,45.605834,0],[34.58361,45.604656,0],[34.585754,45.603668,0],[34.588607,45.602317,0],[34.593135,45.60017,0],[34.593372,45.60004,0],[34.594081,45.599697,0],[34.59513,45.599227,0],[34.595409,45.599075,0],[34.596141,45.598732,0],[34.596954,45.598327,0],[34.605945,45.594032,0],[34.606246,45.593906,0],[34.616203,45.58929,0],[34.620601,45.587276,0],[34.624893,45.585258,0],[34.626159,45.584678,0],[34.627338,45.584163,0],[34.628433,45.583755,0],[34.62899,45.583564,0],[34.629505,45.583412,0],[34.641437,45.58002,0],[34.642898,45.579616,0],[34.644569,45.57912,0],[34.64886,45.577919,0],[34.652961,45.57674,0],[34.654785,45.576118,0],[34.655212,45.575923,0],[34.655406,45.575859,0],[34.655963,45.575603,0],[34.656284,45.575473,0],[34.657081,45.575065,0],[34.657787,45.574657,0],[34.658538,45.574184,0],[34.659183,45.573715,0],[34.659828,45.573219,0],[34.660621,45.57249,0],[34.661758,45.571502,0],[34.662937,45.57043,0],[34.663795,45.569702,0],[34.664653,45.568927,0],[34.664913,45.568672,0],[34.665042,45.568584,0],[34.66547,45.568222,0],[34.666263,45.567489,0],[34.666759,45.567062,0],[34.66695,45.566867,0],[34.66785,45.566097,0],[34.668258,45.565708,0],[34.670684,45.563587,0],[34.672245,45.562168,0],[34.677681,45.557361,0],[34.679504,45.555709,0],[34.680038,45.555282,0],[34.680896,45.554489,0],[34.689674,45.546676,0],[34.691391,45.545173,0],[34.694393,45.542472,0],[34.69699,45.540195,0],[34.700595,45.536956,0],[34.702655,45.535133,0],[34.702827,45.534961,0],[34.702999,45.534832,0],[34.704414,45.533546,0],[34.707206,45.531097,0],[34.712074,45.526744,0],[34.714221,45.524791,0],[34.717567,45.521701,0],[34.717826,45.521484,0],[34.718685,45.520778,0],[34.723106,45.517303,0],[34.727783,45.513587,0],[34.728256,45.513244,0],[34.741539,45.502861,0],[34.743148,45.501636,0],[34.746257,45.499191,0],[34.747051,45.498588,0],[34.759689,45.48859,0],[34.760398,45.488056,0],[34.766697,45.4831,0],[34.767357,45.482602,0],[34.77182,45.4791,0],[34.77306,45.478164,0],[34.77385,45.477657,0],[34.775071,45.476977,0],[34.776017,45.476462,0],[34.777517,45.475687,0],[34.781765,45.473571,0],[34.782802,45.473075,0],[34.786621,45.471187,0],[34.788013,45.470565,0],[34.789581,45.469902,0],[34.796619,45.46696,0],[34.797927,45.466426,0],[34.801555,45.464881,0],[34.805225,45.463356,0],[34.80928,45.461639,0],[34.812282,45.460224,0],[34.813808,45.459472,0],[34.817691,45.457649,0],[34.818443,45.457263,0],[34.821052,45.456037,0],[34.832518,45.450768,0],[34.837325,45.44848,0],[34.838033,45.448059,0],[34.838902,45.447419,0],[34.840576,45.446034,0],[34.841417,45.445179,0],[34.847405,45.438668,0],[34.849934,45.435415,0],[34.854915,45.429609,0],[34.857115,45.427103,0],[34.858482,45.4255,0],[34.859131,45.424699,0],[34.860227,45.422988,0],[34.860649,45.421835,0],[34.860802,45.421225,0],[34.861253,45.419934,0],[34.861555,45.418893,0],[34.861699,45.418485,0],[34.861912,45.417491,0],[34.864217,45.409845,0],[34.864224,45.409703,0],[34.864192,45.409501,0],[34.864111,45.409183,0],[34.864114,45.408949,0],[34.864486,45.407859,0],[34.865101,45.406347,0],[34.865423,45.40577,0],[34.865896,45.405143,0],[34.866031,45.404901,0],[34.86631,45.404218,0],[34.86941,45.394347,0],[34.869604,45.393813,0],[34.870036,45.392443,0],[34.870146,45.391786,0],[34.870174,45.391204,0],[34.87019,45.390593,0],[34.870127,45.389715,0],[34.870171,45.389189,0],[34.870276,45.388654,0],[34.870849,45.386724,0],[34.873203,45.382296,0],[34.875387,45.371902,0],[34.876053,45.36828,0],[34.875844,45.365134,0],[34.875042,45.361842,0],[34.874569,45.359247,0],[34.874462,45.358788,0],[34.874564,45.358282,0],[34.874983,45.35781,0],[34.875595,45.357345,0],[34.876468,45.356888,0],[34.878678,45.356269,0],[34.880039,45.355829,0],[34.881096,45.355372,0],[34.88196,45.354818,0],[34.885186,45.352546,0],[34.886403,45.351402,0],[34.887681,45.349983,0],[34.889443,45.34774,0],[34.891243,45.346035,0],[34.893447,45.344316,0],[34.894814,45.343531,0],[34.896796,45.342541,0],[34.899551,45.341492,0],[34.906492,45.339131,0],[34.911279,45.337371,0],[34.917424,45.335429,0],[34.923137,45.333335,0],[34.930724,45.330741,0],[34.931893,45.3304,0],[34.935233,45.329636,0],[34.935898,45.329325,0],[34.936326,45.329072,0],[34.936449,45.32895,0],[34.936642,45.32868,0],[34.936954,45.327352,0],[34.937279,45.325587,0],[34.93866,45.312236,0],[34.939153,45.307021,0],[34.939311,45.306224,0],[34.939598,45.30518,0],[34.939857,45.304488,0],[34.940206,45.30391,0],[34.940645,45.302987,0],[34.941686,45.300458,0],[34.942128,45.299546,0],[34.942234,45.299246,0],[34.942451,45.298289,0],[34.942537,45.298017,0],[34.942754,45.297598,0],[34.943236,45.296767,0],[34.943831,45.295611,0],[34.944455,45.293994,0],[34.944833,45.292938,0],[34.944952,45.292469,0],[34.945004,45.292094,0],[34.945003,45.291795,0],[34.944921,45.29128,0],[34.944751,45.290456,0],[34.9435,45.283758,0],[34.943536,45.282478,0],[34.943681,45.28216,0],[34.943926,45.281716,0],[34.944243,45.281394,0],[34.94468,45.281161,0],[34.945607,45.280719,0],[34.94751,45.280243,0],[34.948937,45.279921,0],[34.949592,45.279698,0],[34.950178,45.2794,0],[34.950864,45.278964,0],[34.951283,45.278632,0],[34.951661,45.278174,0],[34.951796,45.277869,0],[34.951883,45.277394,0],[34.951815,45.276906,0],[34.951696,45.276684,0],[34.951006,45.275892,0],[34.949913,45.274508,0],[34.949088,45.273282,0],[34.948417,45.271879,0],[34.9481,45.271054,0],[34.948015,45.270768,0],[34.947723,45.269119,0],[34.946561,45.261363,0],[34.946502,45.260284,0],[34.946528,45.259835,0],[34.946686,45.259452,0],[34.946812,45.259281,0],[34.947231,45.258888,0],[34.947536,45.258685,0],[34.948946,45.257858,0],[34.949708,45.257465,0],[34.950268,45.257182,0],[34.952667,45.256057,0],[34.953007,45.25588,0],[34.953361,45.255739,0],[34.954026,45.255529,0],[34.954675,45.255412,0],[34.955482,45.255326,0],[34.956058,45.2553,0],[34.964039,45.255079,0],[34.966363,45.254886,0],[34.966959,45.254794,0],[34.968508,45.254638,0],[34.969271,45.254581,0],[34.977202,45.254328,0],[34.980247,45.254308,0],[34.983873,45.254401,0],[34.984257,45.254357,0],[34.989199,45.254211,0],[34.992493,45.254133,0],[34.994701,45.254036,0],[34.995259,45.253954,0],[34.995514,45.253902,0],[34.995819,45.253807,0],[35.005243,45.249198,0],[35.007696,45.248143,0],[35.012515,45.246106,0],[35.013556,45.245801,0],[35.013917,45.245713,0],[35.01551,45.245521,0],[35.022623,45.245022,0],[35.02507,45.245,0],[35.029108,45.244742,0],[35.030397,45.244591,0],[35.030818,45.244501,0],[35.03235,45.243608,0],[35.03385,45.24259,0],[35.034489,45.241875,0],[35.036198,45.240454,0],[35.03708,45.240174,0],[35.045505,45.239401,0],[35.05704,45.239655,0],[35.062952,45.239655,0],[35.067026,45.239441,0],[35.069559,45.238967,0],[35.076598,45.237728,0],[35.082042,45.236869,0],[35.088051,45.235839,0],[35.091625,45.235065,0],[35.092176,45.234933,0],[35.093088,45.23451,0],[35.095302,45.233204,0],[35.096265,45.232747,0],[35.098705,45.231831,0],[35.102494,45.230476,0],[35.106544,45.229293,0],[35.107563,45.228969,0],[35.10836,45.228694,0],[35.108965,45.228395,0],[35.10945,45.228089,0],[35.109946,45.227745,0],[35.11031,45.227469,0],[35.110605,45.227211,0],[35.111759,45.22592,0],[35.112721,45.224785,0],[35.113079,45.224336,0],[35.115022,45.222147,0],[35.116017,45.221141,0],[35.116823,45.220443,0],[35.11739,45.219987,0],[35.118665,45.219178,0],[35.119358,45.218833,0],[35.120131,45.218536,0],[35.121093,45.218239,0],[35.121537,45.218152,0],[35.12274,45.217859,0],[35.126204,45.217096,0],[35.128678,45.216486,0],[35.130121,45.216173,0],[35.139522,45.214018,0],[35.141643,45.213254,0],[35.143559,45.212856,0],[35.147111,45.211855,0],[35.149461,45.210977,0],[35.153933,45.208841,0],[35.158776,45.206303,0],[35.163646,45.203516,0],[35.167672,45.200748,0],[35.17392,45.196665,0],[35.174719,45.195834,0],[35.175387,45.195326,0],[35.175835,45.195052,0],[35.177583,45.194223,0],[35.187723,45.189901,0],[35.188507,45.189634,0],[35.189921,45.189287,0],[35.191973,45.18896,0],[35.193366,45.188653,0],[35.196828,45.187415,0],[35.203132,45.185207,0],[35.205935,45.184091,0],[35.207322,45.183856,0],[35.208225,45.183763,0],[35.208588,45.183742,0],[35.208963,45.183743,0],[35.210036,45.183781,0],[35.210939,45.183853,0],[35.211954,45.183977,0],[35.220381,45.185177,0],[35.222191,45.185456,0],[35.222324,45.183858,0],[35.222627,45.179025,0],[35.222629,45.178752,0],[35.223149,45.178819,0],[35.223492,45.178934,0],[35.227967,45.179723,0],[35.230889,45.18031,0],[35.236026,45.181302,0],[35.237005,45.181453,0],[35.237711,45.181516,0],[35.238238,45.181533,0],[35.239924,45.181537,0],[35.241468,45.181472,0],[35.242629,45.181349,0],[35.243706,45.181212,0],[35.244642,45.181069,0],[35.245865,45.180832,0],[35.246535,45.180672,0],[35.249429,45.179839,0],[35.250308,45.179506,0],[35.25107,45.179199,0],[35.252023,45.178739,0],[35.255835,45.176419,0],[35.259249,45.174366,0],[35.266218,45.180836,0],[35.268717,45.183052,0],[35.270237,45.18452,0],[35.272281,45.186413,0],[35.275028,45.188892,0],[35.27619,45.189984,0],[35.280155,45.193538,0],[35.282522,45.195733,0],[35.286024,45.198891,0],[35.287949,45.200601,0],[35.288125,45.20073,0],[35.28826,45.200762,0],[35.288391,45.200769,0],[35.288785,45.20067,0],[35.301591,45.19636,0],[35.305503,45.194915,0],[35.305821,45.194828,0],[35.306264,45.194751,0],[35.307311,45.194601,0],[35.307785,45.194504,0],[35.310646,45.193599,0],[35.317441,45.191316,0],[35.33797,45.184584,0],[35.357056,45.178184,0],[35.358601,45.177654,0],[35.360151,45.177231,0],[35.360865,45.177061,0],[35.3616,45.176841,0],[35.362212,45.176637,0],[35.362363,45.176558,0],[35.362624,45.176369,0],[35.363008,45.175996,0],[35.363266,45.176281,0],[35.364401,45.177772,0],[35.364636,45.178042,0],[35.364983,45.178306,0],[35.365392,45.178537,0],[35.365699,45.178687,0],[35.366149,45.178878,0],[35.366822,45.179059,0],[35.36761,45.179204,0],[35.368385,45.179292,0],[35.368816,45.179324,0],[35.369299,45.179316,0],[35.370227,45.179209,0],[35.370779,45.179176,0],[35.371717,45.179221,0],[35.372169,45.179266,0],[35.372636,45.179292,0],[35.373166,45.179273,0],[35.373749,45.179227,0],[35.377927,45.178748,0],[35.379545,45.17859,0],[35.384165,45.178082,0],[35.38444,45.178062,0],[35.385181,45.178092,0],[35.385508,45.178119,0],[35.385868,45.178179,0],[35.386065,45.178231,0],[35.386681,45.178431,0],[35.387512,45.178772,0],[35.388864,45.179374,0],[35.389849,45.179842,0],[35.391839,45.180645,0],[35.393599,45.181294,0],[35.394747,45.18162,0],[35.396958,45.182166,0],[35.397271,45.182227,0],[35.397773,45.182269,0],[35.398462,45.182264,0],[35.401884,45.182304,0],[35.409,45.182269,0],[35.413156,45.182284,0],[35.422476,45.182285,0],[35.425395,45.18228,0],[35.428082,45.182248,0],[35.428408,45.182229,0],[35.428701,45.182208,0],[35.429173,45.182143,0],[35.429579,45.182053,0],[35.429767,45.181983,0],[35.430131,45.181775,0],[35.430628,45.181389,0],[35.431437,45.180551,0],[35.43155,45.180447,0],[35.43179,45.180281,0],[35.432036,45.180151,0],[35.432211,45.1801,0],[35.432484,45.180058,0],[35.432821,45.180053,0],[35.433225,45.180115,0],[35.437122,45.181171,0],[35.448639,45.184576,0],[35.451072,45.185332,0],[35.452014,45.185586,0],[35.452683,45.185697,0],[35.452878,45.185714,0],[35.453257,45.185715,0],[35.453624,45.185671,0],[35.454052,45.185581,0],[35.45569,45.185171,0],[35.457217,45.184752,0],[35.458153,45.18463,0],[35.458762,45.184584,0],[35.45965,45.18461,0],[35.460894,45.184708,0],[35.465299,45.184996,0],[35.468571,45.185177,0],[35.469226,45.185221,0],[35.469458,45.185258,0],[35.469665,45.18531,0],[35.470044,45.185504,0],[35.470515,45.185814,0],[35.473111,45.187263,0],[35.473645,45.187644,0],[35.473835,45.187881,0],[35.473953,45.188067,0],[35.474098,45.188094,0],[35.474198,45.188096,0],[35.474345,45.188074,0],[35.474445,45.18804,0],[35.474586,45.187979,0],[35.474996,45.187728,0],[35.475149,45.187611,0],[35.475189,45.187569,0],[35.475305,45.187343,0],[35.47541,45.186941,0],[35.475508,45.186691,0],[35.475591,45.186552,0],[35.475716,45.186379,0],[35.475842,45.186265,0],[35.47609,45.18609,0],[35.476319,45.186016,0],[35.476569,45.185995,0],[35.476892,45.186039,0],[35.47741,45.186164,0],[35.477399,45.186183,0],[35.478975,45.186698,0],[35.479157,45.186731,0],[35.479427,45.186748,0],[35.479583,45.18674,0],[35.479979,45.186664,0],[35.480327,45.186626,0],[35.481588,45.186585,0],[35.482119,45.186544,0],[35.48266,45.186524,0],[35.483587,45.18646,0],[35.484401,45.186386,0],[35.485056,45.18637,0],[35.485302,45.186384,0],[35.486051,45.186465,0],[35.487209,45.186708,0],[35.488775,45.187104,0],[35.492469,45.187938,0],[35.495607,45.188613,0],[35.498778,45.189343,0],[35.506789,45.191148,0],[35.507005,45.191158,0],[35.507525,45.191114,0],[35.508314,45.191207,0],[35.508762,45.191236,0],[35.509044,45.191301,0],[35.509755,45.191393,0],[35.510302,45.191482,0],[35.511016,45.19162,0],[35.511771,45.19179,0],[35.512491,45.192002,0],[35.51308,45.192057,0],[35.513318,45.192101,0],[35.514768,45.192533,0],[35.515475,45.192686,0],[35.516447,45.19299,0],[35.517079,45.193245,0],[35.518148,45.193541,0],[35.519866,45.194075,0],[35.520394,45.194177,0],[35.52074,45.19423,0],[35.520915,45.194242,0],[35.521179,45.194289,0],[35.521841,45.194473,0],[35.522321,45.194505,0],[35.522842,45.194598,0],[35.523877,45.194722,0],[35.525064,45.194993,0],[35.525277,45.195068,0],[35.525496,45.195188,0],[35.52664,45.195642,0],[35.527722,45.196153,0],[35.528184,45.196236,0],[35.528529,45.196377,0],[35.528895,45.196495,0],[35.528931,45.196619,0],[35.529253,45.196797,0],[35.531359,45.197693,0],[35.531798,45.19786,0],[35.532146,45.197973,0],[35.53338,45.198218,0],[35.533948,45.198289,0],[35.534758,45.198357,0],[35.534847,45.19814,0],[35.534937,45.198105,0],[35.535498,45.198108,0],[35.535979,45.198073,0],[35.538332,45.197704,0],[35.551137,45.195426,0],[35.55382,45.195033,0],[35.56168,45.193941,0],[35.566423,45.193451,0],[35.567176,45.193422,0],[35.567812,45.193437,0],[35.570755,45.19365,0],[35.573634,45.193931,0],[35.579014,45.194521,0],[35.580431,45.194517,0],[35.583054,45.194419,0],[35.588955,45.193939,0],[35.599544,45.193122,0],[35.601357,45.193001,0],[35.608553,45.193466,0],[35.609337,45.193453,0],[35.609715,45.193001,0],[35.61237,45.189457,0],[35.620707,45.193974,0],[35.622243,45.19463,0],[35.623722,45.195022,0],[35.625298,45.195378,0],[35.632526,45.196575,0],[35.633892,45.196837,0],[35.643451,45.199605,0],[35.644143,45.199752,0],[35.646287,45.200155,0],[35.647591,45.200584,0],[35.64808,45.200797,0],[35.64855,45.201078,0],[35.649261,45.201679,0],[35.650423,45.202785,0],[35.651041,45.2034,0],[35.651919,45.204197,0],[35.652889,45.204853,0],[35.653122,45.205036,0],[35.653833,45.205459,0],[35.654593,45.205838,0],[35.656345,45.206567,0],[35.656974,45.206894,0],[35.65934,45.208263,0],[35.666452,45.213661,0],[35.674056,45.219841,0],[35.674761,45.220382,0],[35.67505,45.220582,0],[35.6756,45.220889,0],[35.676827,45.221507,0],[35.687926,45.227059,0],[35.688972,45.227555,0],[35.690317,45.228149,0],[35.69358,45.22955,0],[35.694321,45.229946,0],[35.70272,45.235273,0],[35.703564,45.235732,0],[35.705498,45.236676,0],[35.706084,45.23688,0],[35.710134,45.237566,0],[35.712669,45.238038,0],[35.717677,45.239009,0],[35.727118,45.240762,0],[35.737554,45.242766,0],[35.739411,45.243181,0],[35.740347,45.243445,0],[35.741092,45.243668,0],[35.742441,45.24414,0],[35.754246,45.248741,0],[35.75799,45.250164,0],[35.772243,45.255682,0],[35.776347,45.257289,0],[35.777777,45.257819,0],[35.778614,45.25811,0],[35.779799,45.258488,0],[35.780848,45.258776,0],[35.781945,45.259041,0],[35.784311,45.259505,0],[35.791124,45.260797,0],[35.795004,45.261502,0],[35.813515,45.265018,0],[35.829481,45.267969,0],[35.832012,45.268422,0],[35.833142,45.26857,0],[35.834414,45.26868,0],[35.836356,45.268683,0],[35.837199,45.268655,0],[35.839955,45.268515,0],[35.846274,45.268249,0],[35.849912,45.26805,0],[35.862233,45.266457,0],[35.866694,45.265785,0],[35.868948,45.265422,0],[35.871189,45.265027,0],[35.875884,45.264249,0],[35.892022,45.262363,0],[35.894754,45.262077,0],[35.896436,45.261946,0],[35.897726,45.261887,0],[35.8994,45.261778,0],[35.90158,45.261725,0],[35.909684,45.26206,0],[35.910631,45.262115,0],[35.914203,45.262363,0],[35.915929,45.262557,0],[35.916897,45.26269,0],[35.919555,45.263092,0],[35.920433,45.263236,0],[35.921335,45.263409,0],[35.922896,45.263823,0],[35.925696,45.264743,0],[35.929883,45.265842,0],[35.931369,45.266121,0],[35.933665,45.266494,0],[35.934722,45.266746,0],[35.943438,45.267949,0],[35.946409,45.268328,0],[35.947028,45.26837,0],[35.947847,45.268398,0],[35.951085,45.268372,0],[35.955168,45.268307,0],[35.958634,45.268219,0],[35.961412,45.268131,0],[35.962768,45.268121,0],[35.969178,45.268178,0],[35.970215,45.268144,0],[35.971475,45.268079,0],[35.972697,45.267996,0],[35.974235,45.267929,0],[35.977362,45.267826,0],[35.978339,45.267815,0],[35.983265,45.267877,0],[35.983922,45.267867,0],[35.984997,45.267828,0],[35.99483,45.267323,0],[35.999715,45.267247,0],[36.000554,45.267226,0],[36.001644,45.267178,0],[36.003751,45.267047,0],[36.00594,45.266882,0],[36.015123,45.266567,0],[36.021275,45.266395,0],[36.02242,45.26638,0],[36.023144,45.266416,0],[36.024413,45.266593,0],[36.030418,45.267678,0],[36.039694,45.269213,0],[36.042041,45.269755,0],[36.045371,45.270354,0],[36.049544,45.271007,0],[36.055666,45.271926,0],[36.056393,45.272003,0],[36.062181,45.272536,0],[36.069732,45.27329,0],[36.078829,45.274098,0],[36.088564,45.274892,0],[36.095332,45.275484,0],[36.099688,45.275816,0],[36.104628,45.276147,0],[36.106174,45.276309,0],[36.125956,45.277881,0],[36.128792,45.278076,0],[36.130557,45.27823,0],[36.131539,45.278231,0],[36.133234,45.278171,0],[36.135217,45.27803,0],[36.146565,45.277325,0],[36.150011,45.277084,0],[36.152116,45.277114,0],[36.175939,45.277586,0],[36.185451,45.277736,0],[36.188451,45.278132,0],[36.196023,45.279193,0],[36.197418,45.279441,0],[36.203903,45.280799,0],[36.20856,45.282051,0],[36.213619,45.28337,0],[36.216354,45.284191,0],[36.21865,45.2849,0],[36.232368,45.288993,0],[36.233169,45.289291,0],[36.233661,45.289501,0],[36.241405,45.293048,0],[36.244148,45.294288,0],[36.247238,45.295715,0],[36.248039,45.296028,0],[36.252159,45.297233,0],[36.254283,45.297828,0],[36.256919,45.29861,0],[36.264728,45.30088,0],[36.277293,45.304502,0],[36.281263,45.305676,0],[36.284015,45.306463,0],[36.287488,45.307481,0],[36.29977,45.311025,0],[36.301681,45.311554,0],[36.302695,45.311769,0],[36.304359,45.312057,0],[36.31137,45.31311,0],[36.314568,45.313574,0],[36.322483,45.314753,0],[36.328891,45.315804,0],[36.335861,45.316966,0],[36.337595,45.317267,0],[36.339472,45.317569,0],[36.340068,45.31768,0],[36.34325,45.31818,0],[36.344596,45.318408,0],[36.345481,45.31858,0],[36.347187,45.319011,0],[36.347618,45.31916,0],[36.349151,45.31974,0],[36.349697,45.31998,0],[36.35025,45.320163,0],[36.355039,45.322179,0],[36.356004,45.322647,0],[36.356648,45.322985,0],[36.357126,45.323261,0],[36.358871,45.324308,0],[36.36047,45.325236,0],[36.363548,45.327064,0],[36.364978,45.327888,0],[36.366359,45.328716,0],[36.372248,45.332083,0],[36.372873,45.33249,0],[36.376015,45.334312,0],[36.37699,45.334792,0],[36.377516,45.335012,0],[36.378131,45.335248,0],[36.37908,45.335551,0],[36.37996,45.335776,0],[36.380759,45.335924,0],[36.383265,45.336346,0],[36.388862,45.337264,0],[36.391153,45.337626,0],[36.395168,45.338159,0],[36.396917,45.338415,0],[36.399862,45.338809,0],[36.400521,45.338937,0],[36.401205,45.339106,0],[36.402857,45.339656,0],[36.403177,45.339774,0],[36.404135,45.340197,0],[36.404232,45.340225,0],[36.40588,45.340908,0],[36.406605,45.341182,0],[36.407816,45.341568,0],[36.40831,45.3417,0],[36.410551,45.342211,0],[36.410973,45.342293,0],[36.414944,45.3432,0],[36.417635,45.343875,0],[36.419663,45.344333,0],[36.427904,45.346269,0],[36.430246,45.346873,0],[36.43134,45.347176,0],[36.432056,45.347391,0],[36.432311,45.347433,0],[36.43267,45.34754,0],[36.434384,45.348083,0],[36.435374,45.348422,0],[36.435538,45.348519,0],[36.435905,45.348643,0],[36.43797,45.349303,0],[36.438939,45.349586,0],[36.439872,45.349887,0],[36.440803,45.350164,0],[36.441532,45.350338,0],[36.442081,45.350402,0],[36.443634,45.350761,0],[36.446735,45.35144,0],[36.447718,45.351713,0],[36.449501,45.35223,0],[36.450363,45.3525,0],[36.452243,45.353057,0],[36.453521,45.353481,0],[36.455196,45.353996,0],[36.458557,45.35519,0],[36.459426,45.355541,0],[36.459688,45.355692,0],[36.459886,45.355771,0],[36.46005,45.355966,0],[36.459572,45.358294,0],[36.46449,45.359114,0],[36.464912,45.359218,0],[36.465591,45.359535,0],[36.466681,45.360125,0],[36.468273,45.360916,0],[36.47035,45.362021,0],[36.470848,45.361919,0],[36.471084,45.361869,0],[36.47116,45.361873,0],[36.471317,45.361938,0],[36.471408,45.362018,0],[36.471408,45.362327,0],[36.471469,45.362442,0],[36.471523,45.362495,0],[36.472038,45.362831,0],[36.475476,45.364592,0],[36.476776,45.365009,0],[36.477501,45.365267,0],[36.47947,45.365853,0],[36.479797,45.365915,0],[36.480052,45.365926,0],[36.484711,45.365843,0],[36.485542,45.3659,0],[36.487076,45.366128,0],[36.487446,45.36615,0],[36.487827,45.366205,0],[36.488251,45.366301,0],[36.488357,45.366298,0],[36.48842,45.366342,0],[36.489032,45.366461,0],[36.490346,45.366748,0],[36.492277,45.367206,0],[36.492787,45.367315,0],[36.494147,45.367567,0],[36.495588,45.3678,0],[36.496468,45.367854,0],[36.496874,45.367861,0],[36.497298,45.367859,0],[36.499235,45.367602,0],[36.501778,45.367198,0],[36.502491,45.367094,0],[36.503451,45.36698,0],[36.505561,45.366657,0],[36.506786,45.366321,0],[36.507556,45.36613,0],[36.508331,45.365904,0],[36.51063,45.365146,0],[36.511863,45.364685,0],[36.513095,45.364265,0],[36.513721,45.364028,0],[36.514485,45.363776,0],[36.515457,45.36341,0],[36.517824,45.362639,0],[36.518097,45.362529,0],[36.520526,45.361676,0],[36.52148,45.361321,0],[36.52334,45.360529,0],[36.524754,45.360009,0],[36.525894,45.359532,0],[36.52688,45.359146,0],[36.52732,45.35894,0],[36.527952,45.358696,0],[36.528235,45.35863,0],[36.529119,45.358484,0],[36.530121,45.35835,0],[36.531054,45.358148,0],[36.532768,45.357684,0],[36.536149,45.356816,0],[36.537149,45.356513,0],[36.537319,45.356408,0],[36.537823,45.355963,0],[36.538313,45.3555,0],[36.538964,45.3548,0],[36.539336,45.354455,0],[36.539552,45.354314,0],[36.540011,45.354069,0],[36.540159,45.353998,0],[36.540558,45.353855,0],[36.540893,45.353741,0],[36.541801,45.353501,0],[36.551514,45.351092,0],[36.551984,45.350986,0],[36.554385,45.35051,0],[36.554848,45.350437,0],[36.555291,45.350397,0],[36.55596,45.350377,0],[36.556983,45.350402,0],[36.558036,45.350462,0],[36.558674,45.350517,0],[36.55916,45.350541,0],[36.563373,45.350832,0],[36.565027,45.350907,0],[36.565827,45.350912,0],[36.568073,45.350764,0],[36.570629,45.350615,0],[36.572326,45.350494,0],[36.573011,45.35047,0],[36.574594,45.350352,0],[36.576345,45.350259,0],[36.584598,45.349697,0],[36.585628,45.349604,0],[36.585849,45.349597,0],[36.586113,45.349647,0],[36.586296,45.349704,0],[36.58651,45.349822,0],[36.586659,45.349925,0],[36.586791,45.350043,0],[36.586926,45.350295,0],[36.587056,45.350875,0],[36.587236,45.351542,0],[36.587484,45.35196,0],[36.587576,45.352152,0],[36.587799,45.352427,0],[36.589818,45.354314,0],[36.591043,45.355415,0],[36.59247,45.356791,0],[36.592889,45.357094,0],[36.59368,45.357575,0],[36.593933,45.357693,0],[36.59461,45.357967,0],[36.5951,45.358128,0],[36.601528,45.359933,0],[36.602448,45.360141,0],[36.602667,45.360166,0],[36.603353,45.360178,0],[36.604076,45.360125,0],[36.606311,45.359755,0],[36.606673,45.359746,0],[36.606849,45.359777,0],[36.60705,45.359838,0],[36.607285,45.359938,0],[36.607835,45.360272,0],[36.611008,45.362249,0],[36.614242,45.364213,0],[36.616249,45.365456,0],[36.616804,45.365864,0],[36.617111,45.365924,0]]},"properties":{"name":"М 17","tessellate":true,"description":"М 17 (http://routes.in.ua/international/herson-kerch-m-17/)"}},
{"type":"Feature","geometry":{"type":"LineString","coordinates":[[33.587012,46.166516,0],[33.593617,46.164102,0],[33.596945,46.162843,0],[33.615287,46.155254,0],[33.619956,46.153357,0],[33.622323,46.152372,0],[33.623096,46.152007,0],[33.624236,46.151433,0],[33.625184,46.150854,0],[33.629745,46.14773,0],[33.633217,46.145215,0],[33.636017,46.143236,0],[33.639313,46.140975,0],[33.646515,46.13617,0],[33.648186,46.13495,0],[33.65042,46.133409,0],[33.651989,46.132365,0],[33.652806,46.131893,0],[33.65392,46.131297,0],[33.655898,46.130394,0],[33.673423,46.122647,0],[33.680482,46.119566,0],[33.684494,46.117713,0],[33.688186,46.116081,0],[33.689128,46.115631,0],[33.689933,46.115169,0],[33.690067,46.115051,0],[33.690177,46.114917,0],[33.690197,46.114849,0],[33.690177,46.114727,0],[33.690238,46.114574,0],[33.690349,46.11449,0],[33.690467,46.114322,0],[33.690544,46.114173,0],[33.690593,46.113765,0],[33.690723,46.113464,0],[33.69078,46.113281,0],[33.691032,46.110797,0],[33.691226,46.108501,0],[33.691291,46.108116,0],[33.691398,46.107688,0],[33.692516,46.104362,0],[33.693996,46.100112,0],[33.695026,46.097023,0],[33.695115,46.096816,0]]},"properties":{"name":"ОПАСНАЯ ЗОНА","tessellate":true,"description":"Простой машин и возможность возврата или ареста"}},
{"type":"Feature","geometry":{"type":"LineString","coordinates":[[35.127902,51.168305,0],[35.126339,51.167492,0],[35.118549,51.163643,0],[35.110781,51.160037,0],[35.108045,51.158598,0],[35.107808,51.158438,0],[35.105118,51.156806,0],[35.096765,51.150699,0],[35.094401,51.148822,0],[35.093418,51.148068,0],[35.088684,51.144341,0],[35.087116,51.143167,0],[35.086616,51.142806,0],[35.081215,51.139263,0],[35.078914,51.137827,0],[35.076187,51.136354,0],[35.058588,51.12756,0],[35.052774,51.124743,0],[35.050891,51.124047,0],[35.050657,51.123842,0],[35.050415,51.123671,0],[35.050089,51.123479,0],[35.049394,51.123186,0],[35.048611,51.122788,0],[35.047519,51.121874,0],[35.047306,51.121719,0],[35.046888,51.121474,0],[35.046672,51.121403,0],[35.046119,51.121277,0],[35.045865,51.121251,0],[35.045661,51.121255,0],[35.045343,51.121285,0],[35.042402,51.121837,0],[35.039932,51.122348,0],[35.037409,51.122846,0],[35.037032,51.122886,0],[35.036667,51.122859,0],[35.03626,51.122778,0],[35.035916,51.122758,0],[35.035583,51.122772,0],[35.034521,51.123014,0],[35.03422,51.123028,0],[35.032632,51.122859,0],[35.032311,51.122859,0],[35.032053,51.122873,0],[35.028845,51.123216,0],[35.027043,51.123358,0],[35.021839,51.123344,0],[35.004158,51.123236,0],[35.003729,51.12325,0],[35.0033,51.12329,0],[35.002881,51.123351,0],[35.002441,51.123465,0],[34.990972,51.128098,0],[34.990404,51.128266,0],[34.989717,51.128408,0],[34.989009,51.128488,0],[34.987678,51.128475,0],[34.986745,51.128354,0],[34.985833,51.128138,0],[34.985018,51.127876,0],[34.984192,51.127492,0],[34.97578,51.123721,0],[34.969397,51.120927,0],[34.967712,51.120172,0],[34.967272,51.119957,0],[34.966886,51.119694,0],[34.966543,51.119485,0],[34.966328,51.119297,0],[34.966221,51.119081,0],[34.966157,51.118825,0],[34.965706,51.111794,0],[34.965191,51.105031,0],[34.96416,51.09003,0],[34.962612,51.08282,0],[34.962187,51.082263,0],[34.961532,51.081845,0],[34.96002,51.081016,0],[34.956951,51.079445,0],[34.954387,51.078063,0],[34.951812,51.076702,0],[34.951308,51.076466,0],[34.950804,51.076257,0],[34.95031,51.076136,0],[34.949784,51.076048,0],[34.948765,51.075954,0],[34.947145,51.075886,0],[34.946544,51.075819,0],[34.945654,51.075596,0],[34.943647,51.07501,0],[34.939549,51.073924,0],[34.935408,51.073331,0],[34.931245,51.072765,0],[34.929067,51.072381,0],[34.916428,51.071289,0],[34.912936,51.070301,0],[34.910528,51.069654,0],[34.910136,51.069556,0],[34.909734,51.069475,0],[34.90924,51.069411,0],[34.908827,51.069458,0],[34.908585,51.069529,0],[34.907695,51.069869,0],[34.906826,51.070176,0],[34.906295,51.070318,0],[34.90607,51.070348,0],[34.905801,51.070338,0],[34.905517,51.070284,0],[34.905254,51.070213,0],[34.903543,51.06965,0],[34.903178,51.069505,0],[34.902996,51.069468,0],[34.902813,51.069475,0],[34.902513,51.069542,0],[34.902213,51.069657,0],[34.899101,51.071151,0],[34.897209,51.071491,0],[34.894641,51.071491,0],[34.890861,51.070629,0],[34.885986,51.070629,0],[34.885433,51.070588,0],[34.881592,51.070621,0],[34.877128,51.070629,0],[34.876227,51.070614,0],[34.875348,51.070641,0],[34.874919,51.07081,0],[34.874618,51.071039,0],[34.872451,51.073264,0],[34.871861,51.073958,0],[34.871432,51.074659,0],[34.871142,51.075064,0],[34.870842,51.075354,0],[34.870584,51.075495,0],[34.870198,51.07567,0],[34.868481,51.076264,0],[34.865552,51.077261,0],[34.859995,51.079115,0],[34.851712,51.081932,0],[34.849352,51.082721,0],[34.848912,51.08291,0],[34.845049,51.082229,0],[34.839481,51.08115,0],[34.83385,51.080033,0],[34.833793,51.079956,0],[34.833495,51.079796,0],[34.833261,51.079552,0],[34.829548,51.074634,0],[34.828709,51.07356,0],[34.827905,51.072462,0],[34.827711,51.072159,0],[34.827508,51.071707,0],[34.827396,51.071147,0],[34.827583,51.070102,0],[34.828366,51.067378,0],[34.828441,51.0666,0],[34.827808,51.064006,0],[34.827293,51.062423,0],[34.82669,51.061061,0],[34.824298,51.0564,0],[34.821976,51.051607,0],[34.819159,51.045691,0],[34.816627,51.040561,0],[34.815927,51.038916,0],[34.815588,51.037994,0],[34.81522,51.037118,0],[34.815014,51.036547,0],[34.814925,51.036147,0],[34.814685,51.03337,0],[34.814558,51.032961,0],[34.814429,51.032745,0],[34.814247,51.032529,0],[34.813914,51.032273,0],[34.813528,51.03203,0],[34.80952,51.030006,0],[34.808685,51.029541,0],[34.806388,51.028137,0],[34.805259,51.027404,0],[34.804542,51.026882,0],[34.801754,51.024433,0],[34.800518,51.023456,0],[34.799144,51.022438,0],[34.795313,51.019519,0],[34.794551,51.018932,0],[34.793449,51.01804,0],[34.792675,51.017451,0],[34.791217,51.016286,0],[34.787983,51.013592,0],[34.787509,51.013259,0],[34.787044,51.013008,0],[34.786823,51.012924,0],[34.786491,51.012825,0],[34.785774,51.012668,0],[34.785339,51.01255,0],[34.785148,51.012466,0],[34.784706,51.012172,0],[34.784263,51.011775,0],[34.782875,51.009708,0],[34.781147,51.007766,0],[34.780902,51.007404,0],[34.780628,51.006889,0],[34.779373,51.004135,0],[34.778657,51.002652,0],[34.778091,51.001377,0],[34.776203,50.997306,0],[34.775798,50.996608,0],[34.774726,50.994888,0],[34.774272,50.994201,0],[34.772899,50.991981,0],[34.772323,50.991123,0],[34.771923,50.990699,0],[34.771381,50.990283,0],[34.765888,50.987129,0],[34.76535,50.986812,0],[34.765094,50.986633,0],[34.764831,50.986354,0],[34.763084,50.983604,0],[34.762489,50.982715,0],[34.762374,50.982597,0],[34.761421,50.981765,0],[34.758022,50.978851,0],[34.757495,50.978347,0],[34.757297,50.978122,0],[34.757114,50.977867,0],[34.756913,50.977507,0],[34.755306,50.972921,0],[34.754892,50.971921,0],[34.753931,50.969012,0],[34.753875,50.968775,0],[34.75388,50.968379,0],[34.754123,50.967942,0],[34.754642,50.967277,0],[34.759631,50.962249,0],[34.760066,50.961872,0],[34.761726,50.960545,0],[34.762111,50.960223,0],[34.762258,50.960055,0],[34.763435,50.9591,0],[34.76409,50.958523,0],[34.764948,50.957668,0],[34.766766,50.955808,0],[34.769915,50.95252,0],[34.770783,50.951672,0],[34.775865,50.946361,0],[34.770663,50.944298,0],[34.768035,50.943305,0],[34.766324,50.942633,0],[34.765388,50.94223,0],[34.762755,50.941046,0],[34.760801,50.940227,0],[34.760367,50.940035,0],[34.760194,50.939942,0],[34.759579,50.93931,0],[34.759406,50.939095,0],[34.758967,50.938663,0],[34.758776,50.938502,0],[34.758527,50.938328,0],[34.757526,50.937673,0],[34.757375,50.937557,0],[34.756917,50.937127,0],[34.756679,50.936866,0],[34.756164,50.936199,0],[34.755218,50.935054,0],[34.754352,50.933919,0],[34.753929,50.933264,0],[34.753677,50.932818,0],[34.753501,50.932458,0],[34.752838,50.931282,0],[34.751831,50.929375,0],[34.751513,50.928844,0],[34.753808,50.927667,0],[34.755494,50.926839,0],[34.756205,50.926458,0],[34.757205,50.925976,0],[34.75803,50.925544,0],[34.758618,50.925271,0],[34.759979,50.924571,0],[34.760722,50.924219,0],[34.761366,50.923938,0],[34.761961,50.923702,0],[34.762986,50.923323,0],[34.76427,50.92289,0],[34.766181,50.922293,0],[34.766407,50.922193,0],[34.766698,50.92196,0],[34.766912,50.92171,0],[34.767054,50.921482,0],[34.767329,50.921017,0],[34.767555,50.920444,0],[34.768032,50.919559,0],[34.768283,50.919086,0],[34.768409,50.91875,0],[34.768604,50.918327,0],[34.76897,50.917686,0],[34.770112,50.915829,0],[34.770809,50.914604,0],[34.771531,50.913575,0],[34.771865,50.913036,0],[34.772258,50.912484,0],[34.772329,50.912415,0],[34.772687,50.912155,0],[34.772831,50.912017,0],[34.772702,50.909543,0],[34.772758,50.908477,0],[34.772911,50.907392,0],[34.772907,50.90666,0],[34.772877,50.906296,0],[34.772693,50.905522,0],[34.772491,50.904914,0],[34.772277,50.903999,0],[34.771812,50.902956,0],[34.771357,50.90184,0],[34.77136,50.901691,0],[34.771224,50.901494,0],[34.771067,50.90135,0],[34.770843,50.901242,0],[34.770664,50.901134,0],[34.759433,50.894287,0],[34.756127,50.892243,0],[34.755626,50.891948,0],[34.753055,50.890335,0],[34.751087,50.88916,0],[34.746868,50.886543,0],[34.744754,50.885398,0],[34.738185,50.88134,0],[34.729789,50.875686,0],[34.723561,50.871459,0],[34.721573,50.870166,0],[34.720539,50.869602,0],[34.719558,50.869117,0],[34.718765,50.868772,0],[34.713449,50.866707,0],[34.708116,50.864609,0],[34.707536,50.864441,0],[34.706512,50.864244,0],[34.706351,50.864213,0],[34.706189,50.864131,0],[34.706123,50.864061,0],[34.705472,50.86359,0],[34.704932,50.863272,0],[34.704505,50.863044,0],[34.701839,50.861984,0],[34.699672,50.861152,0],[34.694576,50.859149,0],[34.692173,50.858196,0],[34.691139,50.857765,0],[34.670635,50.848835,0],[34.669258,50.848247,0],[34.666973,50.847225,0],[34.65343,50.841266,0],[34.652633,50.8409,0],[34.651271,50.840316,0],[34.647033,50.838432,0],[34.644577,50.837368,0],[34.642398,50.836395,0],[34.641849,50.83617,0],[34.641513,50.836002,0],[34.640972,50.8358,0],[34.640487,50.835643,0],[34.639019,50.835235,0],[34.637424,50.834812,0],[34.630859,50.832984,0],[34.627876,50.832195,0],[34.619995,50.830051,0],[34.618553,50.829631,0],[34.613887,50.828369,0],[34.609046,50.827022,0],[34.607212,50.826583,0],[34.606014,50.826335,0],[34.605331,50.826217,0],[34.60382,50.825992,0],[34.60252,50.825836,0],[34.601795,50.825767,0],[34.60078,50.825702,0],[34.599819,50.825656,0],[34.597785,50.825595,0],[34.596999,50.825593,0],[34.595454,50.82564,0],[34.590765,50.826047,0],[34.589585,50.826108,0],[34.587976,50.826081,0],[34.586463,50.826006,0],[34.585712,50.825932,0],[34.584736,50.82581,0],[34.583952,50.825674,0],[34.583019,50.825464,0],[34.56228,50.820171,0],[34.559534,50.819493,0],[34.552828,50.818036,0],[34.546219,50.816578,0],[34.54564,50.816463,0],[34.542786,50.815812,0],[34.534932,50.814138,0],[34.531006,50.81325,0],[34.528012,50.812592,0],[34.515159,50.809792,0],[34.512294,50.809148,0],[34.504259,50.807379,0],[34.499388,50.806328,0],[34.497736,50.806036,0],[34.496083,50.805786,0],[34.489946,50.804986,0],[34.482436,50.803941,0],[34.478649,50.803467,0],[34.477007,50.803324,0],[34.475849,50.803284,0],[34.474744,50.80329,0],[34.469476,50.803399,0],[34.467845,50.803419,0],[34.454445,50.803738,0],[34.451494,50.803873,0],[34.449778,50.803887,0],[34.448576,50.803941,0],[34.447224,50.804104,0],[34.445572,50.804416,0],[34.444606,50.804647,0],[34.443512,50.804972,0],[34.442139,50.805447,0],[34.438512,50.807169,0],[34.434521,50.808877,0],[34.42707,50.812375,0],[34.426721,50.812524,0],[34.423975,50.813806,0],[34.423106,50.814158,0],[34.42185,50.814572,0],[34.420563,50.814911,0],[34.419479,50.815121,0],[34.418106,50.815297,0],[34.416636,50.815406,0],[34.415038,50.815453,0],[34.404169,50.815663,0],[34.396411,50.815837,0],[34.395543,50.815839,0],[34.394717,50.815812,0],[34.392496,50.81565,0],[34.388731,50.815155,0],[34.374515,50.813196,0],[34.372176,50.812864,0],[34.370154,50.812545,0],[34.353964,50.809111,0],[34.351882,50.808681,0],[34.347881,50.80782,0],[34.345815,50.807392,0],[34.345023,50.807261,0],[34.339593,50.806125,0],[34.337876,50.805894,0],[34.33588,50.805677,0],[34.333735,50.805514,0],[34.323564,50.804796,0],[34.313307,50.804009,0],[34.308608,50.803697,0],[34.302535,50.803318,0],[34.295363,50.803446,0],[34.289897,50.803568,0],[34.287279,50.803785,0],[34.284377,50.804294,0],[34.281499,50.804865,0],[34.275788,50.80607,0],[34.25718,50.809885,0],[34.221675,50.817218,0],[34.220266,50.817561,0],[34.218915,50.817947,0],[34.217627,50.818354,0],[34.216415,50.818761,0],[34.175844,50.831882,0],[34.174293,50.832424,0],[34.169197,50.83407,0],[34.162588,50.836252,0],[34.161172,50.836652,0],[34.160035,50.836923,0],[34.158329,50.837201,0],[34.156336,50.837502,0],[34.155164,50.837641,0],[34.154091,50.837736,0],[34.152967,50.83781,0],[34.143204,50.838373,0],[34.139382,50.838636,0],[34.138639,50.838663,0],[34.13729,50.838653,0],[34.135972,50.838595,0],[34.134843,50.838497,0],[34.133796,50.838373,0],[34.11448,50.835585,0],[34.112426,50.835276,0],[34.111429,50.835111,0],[34.110841,50.834981,0],[34.109562,50.834634,0],[34.106433,50.833623,0],[34.101187,50.831956,0],[34.096177,50.830669,0],[34.094728,50.830337,0],[34.093269,50.830086,0],[34.091939,50.829916,0],[34.090608,50.829822,0],[34.084343,50.829483,0],[34.083023,50.829341,0],[34.081875,50.829178,0],[34.080727,50.828975,0],[34.075011,50.827815,0],[34.073265,50.827416,0],[34.069344,50.826464,0],[34.067048,50.825925,0],[34.06502,50.825518,0],[34.061716,50.824942,0],[34.060675,50.824725,0],[34.059624,50.824353,0],[34.055327,50.822628,0],[34.053953,50.822143,0],[34.052864,50.821818,0],[34.051786,50.821537,0],[34.046073,50.82035,0],[34.044657,50.820093,0],[34.043235,50.819889,0],[34.042302,50.819795,0],[34.040639,50.819689,0],[34.038257,50.819574,0],[34.036406,50.819452,0],[34.034765,50.81929,0],[34.032329,50.818985,0],[34.031546,50.81893,0],[34.030924,50.818923,0],[34.028949,50.81895,0],[34.027141,50.819191,0],[34.02354,50.819786,0],[34.02041,50.820479,0],[34.017953,50.821082,0],[34.01732,50.821204,0],[34.016354,50.821309,0],[34.015796,50.821445,0],[34.014938,50.821791,0],[34.013887,50.822245,0],[34.013114,50.822455,0],[34.011998,50.822692,0],[34.010786,50.822909,0],[34.00952,50.823072,0],[34.008399,50.823299,0],[34.007004,50.823631,0],[34.00555,50.823956,0],[34.00371,50.824265,0],[34.002659,50.82442,0],[34.001956,50.824495,0],[33.999027,50.824718,0],[33.994467,50.825118,0],[33.990283,50.825518,0],[33.984436,50.826189,0],[33.977827,50.827206,0],[33.972023,50.828141,0],[33.966298,50.829013,0],[33.964952,50.829178,0],[33.963686,50.829266,0],[33.961144,50.829307,0],[33.958536,50.829402,0],[33.95594,50.829517,0],[33.955296,50.829564,0],[33.953269,50.829889,0],[33.95123,50.830282,0],[33.947282,50.831096,0],[33.932111,50.834253,0],[33.923555,50.836042,0],[33.915396,50.837777,0],[33.913518,50.838156,0],[33.911769,50.838427,0],[33.91016,50.83859,0],[33.908508,50.838671,0],[33.906952,50.838671,0],[33.900558,50.838346,0],[33.891824,50.837851,0],[33.889142,50.837682,0],[33.88499,50.837342,0],[33.882839,50.836789,0],[33.881697,50.836476,0],[33.879899,50.836212,0],[33.87975,50.836234,0],[33.878906,50.836127,0],[33.878774,50.836142,0],[33.878651,50.836098,0],[33.878609,50.836041,0],[33.878614,50.835982,0],[33.878395,50.835801,0],[33.87836,50.83573,0],[33.877279,50.835398,0],[33.86354,50.831327,0],[33.854821,50.828724,0],[33.851774,50.827775,0],[33.84621,50.825611,0],[33.836496,50.82177,0],[33.834114,50.821269,0],[33.803409,50.819019,0],[33.791413,50.817026,0],[33.787154,50.816287,0],[33.785484,50.81591,0],[33.781444,50.81475,0],[33.775234,50.812843,0],[33.774451,50.812443,0],[33.773131,50.811616,0],[33.771082,50.810376,0],[33.770256,50.809901,0],[33.769237,50.809426,0],[33.768282,50.809047,0],[33.767316,50.808708,0],[33.764828,50.807915,0],[33.762232,50.807128,0],[33.756955,50.80561,0],[33.746596,50.802502,0],[33.745608,50.802166,0],[33.744445,50.801617,0],[33.742583,50.801026,0],[33.742176,50.800959,0],[33.741747,50.800918,0],[33.740436,50.801076,0],[33.739559,50.801311,0],[33.738443,50.801488,0],[33.737435,50.801677,0],[33.736299,50.801812,0],[33.73559,50.801759,0],[33.73293,50.801257,0],[33.728275,50.800186,0],[33.727288,50.799942,0],[33.726302,50.799657,0],[33.724285,50.798911,0],[33.721904,50.797813,0],[33.720917,50.797324,0],[33.711557,50.792536,0],[33.70619,50.789864,0],[33.703464,50.78848,0],[33.701661,50.787585,0],[33.698505,50.786255,0],[33.695264,50.784939,0],[33.692023,50.783569,0],[33.688867,50.782293,0],[33.687258,50.781574,0],[33.68552,50.780882,0],[33.68376,50.780272,0],[33.681786,50.77977,0],[33.678367,50.779174,0],[33.67183,50.778983,0],[33.66447,50.778861,0],[33.656659,50.778644,0],[33.652775,50.778569,0],[33.650597,50.778583,0],[33.631983,50.779777,0],[33.630191,50.779858,0],[33.628292,50.779865,0],[33.626393,50.779763,0],[33.624473,50.779546,0],[33.62326,50.779322,0],[33.622037,50.779064,0],[33.620825,50.778766,0],[33.616759,50.777511,0],[33.615139,50.776982,0],[33.613401,50.776283,0],[33.609999,50.774722,0],[33.606652,50.773243,0],[33.604946,50.77247,0],[33.603229,50.77177,0],[33.586181,50.765494,0],[33.577274,50.7616,0],[33.575528,50.760792,0],[33.572534,50.759658,0],[33.571011,50.759176,0],[33.570238,50.758959,0],[33.569455,50.758789,0],[33.568243,50.758586,0],[33.566816,50.75847,0],[33.564348,50.758477,0],[33.560239,50.758545,0],[33.559123,50.75845,0],[33.555999,50.75793,0],[33.549188,50.756736,0],[33.546935,50.756299,0],[33.545541,50.755837,0],[33.544393,50.755321,0],[33.542247,50.754249,0],[33.540022,50.753112,0],[33.538642,50.752382,0],[33.537419,50.751703,0],[33.536679,50.751174,0],[33.535895,50.750502,0],[33.534586,50.749294,0],[33.530079,50.745221,0],[33.527975,50.743297,0],[33.523032,50.738455,0],[33.521717,50.737192,0],[33.521245,50.73671,0],[33.519185,50.734809,0],[33.518794,50.73453,0],[33.518281,50.734375,0],[33.517971,50.734333,0],[33.517203,50.734396,0],[33.51602,50.734547,0],[33.514926,50.734737,0],[33.509741,50.735432,0],[33.50831,50.735663,0],[33.507399,50.735925,0],[33.506305,50.736116,0],[33.505265,50.736258,0],[33.503296,50.736472,0],[33.502995,50.73652,0],[33.502636,50.736598,0],[33.502309,50.736686,0],[33.501252,50.737127,0],[33.499621,50.737912,0],[33.497384,50.739209,0],[33.497255,50.739433,0],[33.496827,50.739704,0],[33.495807,50.740177,0],[33.495267,50.740263,0],[33.489697,50.741975,0],[33.488463,50.742342,0],[33.487766,50.74258,0],[33.487444,50.742749,0],[33.487328,50.743019,0],[33.486855,50.745351,0],[33.486155,50.748476,0],[33.478163,50.747778,0],[33.471709,50.747187,0],[33.471557,50.747183,0],[33.471295,50.747203,0],[33.471334,50.747336,0],[33.471206,50.747798,0],[33.470122,50.752701,0],[33.47006,50.752849,0],[33.469924,50.753017,0],[33.469623,50.753287,0],[33.469403,50.753424,0],[33.465634,50.756371,0],[33.464684,50.756235,0],[33.463307,50.755959,0],[33.462861,50.755816,0],[33.462242,50.755472,0],[33.461584,50.755208,0],[33.461026,50.755007,0],[33.458724,50.75428,0],[33.456639,50.75366,0],[33.45308,50.753794,0],[33.451086,50.753753,0],[33.448952,50.753543,0],[33.446894,50.753302,0],[33.44672,50.753293,0],[33.446111,50.753344,0],[33.445297,50.753547,0],[33.444515,50.753858,0],[33.443217,50.75451,0],[33.43893,50.756721,0],[33.434663,50.758851,0],[33.433505,50.759122,0],[33.432219,50.759379,0],[33.424028,50.760856,0],[33.413318,50.762739,0],[33.412278,50.762943,0],[33.402954,50.764667,0],[33.399468,50.765264,0],[33.398266,50.765399,0],[33.396764,50.765467,0],[33.395412,50.765386,0],[33.39318,50.765033,0],[33.392193,50.764748,0],[33.391013,50.764354,0],[33.3867,50.762699,0],[33.382366,50.761097,0],[33.366251,50.756047,0],[33.363934,50.755233,0],[33.359953,50.753719,0],[33.35843,50.753176,0],[33.354492,50.751717,0],[33.353087,50.751249,0],[33.350877,50.750597,0],[33.348173,50.749938,0],[33.346574,50.749619,0],[33.337884,50.747943,0],[33.32183,50.7449,0],[33.32009,50.744709,0],[33.318351,50.744627,0],[33.31644,50.744681,0],[33.314529,50.744891,0],[33.310622,50.745404,0],[33.309549,50.745451,0],[33.308924,50.745405,0],[33.308474,50.745399,0],[33.305682,50.744814,0],[33.302569,50.744189,0],[33.30098,50.743944,0],[33.300013,50.743835,0],[33.298875,50.743767,0],[33.292498,50.743752,0],[33.285112,50.743818,0],[33.281311,50.743803,0],[33.277639,50.74383,0],[33.276794,50.743822,0],[33.275904,50.743795,0],[33.273806,50.743655,0],[33.27289,50.743561,0],[33.271075,50.74334,0],[33.270099,50.743177,0],[33.269123,50.74298,0],[33.267245,50.742549,0],[33.264922,50.741958,0],[33.263732,50.741646,0],[33.262246,50.741215,0],[33.237107,50.735751,0],[33.23316,50.73494,0],[33.232484,50.734853,0],[33.231688,50.734784,0],[33.223686,50.734826,0],[33.221884,50.734554,0],[33.211189,50.732092,0],[33.208992,50.731868,0],[33.207752,50.731873,0],[33.203598,50.732182,0],[33.201325,50.732418,0],[33.199573,50.732477,0],[33.174591,50.730739,0],[33.159309,50.728577,0],[33.155408,50.728064,0],[33.154229,50.727872,0],[33.153139,50.727648,0],[33.149293,50.72662,0],[33.143901,50.724927,0],[33.141783,50.724145,0],[33.139263,50.723155,0],[33.131873,50.719815,0],[33.13047,50.719312,0],[33.129725,50.71908,0],[33.129264,50.718978,0],[33.124773,50.718084,0],[33.120247,50.717306,0],[33.11901,50.717111,0],[33.118002,50.717045,0],[33.115036,50.717023,0],[33.109918,50.716936,0],[33.109124,50.716868,0],[33.100948,50.714431,0],[33.099983,50.714219,0],[33.084083,50.712344,0],[33.072431,50.710904,0],[33.06093,50.709586,0],[33.048549,50.708376,0],[33.047433,50.708186,0],[33.043828,50.707113,0],[33.041875,50.706691,0],[33.035867,50.705808,0],[33.033013,50.705414,0],[33.030031,50.704884,0],[33.027713,50.704313,0],[33.025825,50.703715,0],[33.024666,50.70324,0],[33.023293,50.702628,0],[33.02134,50.701527,0],[33.017027,50.69919,0],[33.015912,50.698714,0],[33.014581,50.698252,0],[33.005869,50.695792,0],[33.003187,50.695017,0],[33.001857,50.694718,0],[33.000526,50.694473,0],[32.999003,50.694256,0],[32.997179,50.694079,0],[32.987491,50.693821,0],[32.978534,50.693529,0],[32.973975,50.693445,0],[32.969481,50.693278,0],[32.965589,50.693195,0],[32.958471,50.692986,0],[32.955976,50.692808,0],[32.953159,50.692371,0],[32.950342,50.691811,0],[32.947201,50.690858,0],[32.940899,50.688746,0],[32.937715,50.687723,0],[32.934639,50.686688,0],[32.933804,50.686444,0],[32.932178,50.685888,0],[32.929074,50.684858,0],[32.919163,50.681602,0],[32.915524,50.680544,0],[32.913362,50.679975,0],[32.911177,50.679533,0],[32.907497,50.678866,0],[32.90387,50.678357,0],[32.900727,50.67786,0],[32.896822,50.677194,0],[32.882574,50.674678,0],[32.866523,50.671877,0],[32.865343,50.671727,0],[32.86294,50.671483,0],[32.857704,50.670884,0],[32.855473,50.670599,0],[32.853241,50.670476,0],[32.851417,50.670422,0],[32.849593,50.670463,0],[32.845859,50.670748,0],[32.838457,50.671374,0],[32.822299,50.672707,0],[32.816935,50.673128,0],[32.811534,50.673408,0],[32.806581,50.673767,0],[32.805433,50.673781,0],[32.80421,50.673754,0],[32.801786,50.673536,0],[32.796732,50.672339,0],[32.791432,50.671156,0],[32.786143,50.669953,0],[32.77388,50.667117,0],[32.769127,50.666063,0],[32.766563,50.665628,0],[32.764009,50.665349,0],[32.761359,50.66524,0],[32.742664,50.66467,0],[32.73986,50.664438,0],[32.734641,50.663797,0],[32.72433,50.662522,0],[32.721205,50.662099,0],[32.71953,50.661854,0],[32.718563,50.661642,0],[32.712452,50.659726,0],[32.710288,50.659004,0],[32.709362,50.658536,0],[32.708436,50.65817,0],[32.707919,50.658001,0],[32.707133,50.657859,0],[32.705259,50.657575,0],[32.702154,50.657141,0],[32.701269,50.657001,0],[32.69748,50.656467,0],[32.693938,50.655991,0],[32.68831,50.655448,0],[32.671446,50.653854,0],[32.66846,50.653586,0],[32.66542,50.65328,0],[32.663293,50.652973,0],[32.661166,50.65264,0],[32.65702,50.651878,0],[32.650424,50.650639,0],[32.648555,50.650204,0],[32.646997,50.649762,0],[32.645439,50.649177,0],[32.644064,50.648571,0],[32.642914,50.647945,0],[32.641066,50.646863,0],[32.628267,50.63912,0],[32.621691,50.635095,0],[32.609584,50.627782,0],[32.605943,50.625561,0],[32.605018,50.62502,0],[32.604014,50.624486,0],[32.602145,50.62362,0],[32.601,50.623135,0],[32.597926,50.622116,0],[32.58333,50.617651,0],[32.581516,50.617086,0],[32.576321,50.615396,0],[32.57425,50.614783,0],[32.572932,50.61454,0],[32.571467,50.614326,0],[32.564641,50.613422,0],[32.563149,50.613177,0],[32.562101,50.612962,0],[32.56118,50.612725,0],[32.560321,50.612472,0],[32.555865,50.610845,0],[32.553302,50.60995,0],[32.548542,50.608218,0],[32.541246,50.605624,0],[32.537599,50.604282,0],[32.536654,50.603914,0],[32.53571,50.603615,0],[32.533822,50.603165,0],[32.532384,50.602961,0],[32.53099,50.602852,0],[32.528028,50.60273,0],[32.522643,50.602457,0],[32.516636,50.6022,0],[32.510148,50.601872,0],[32.507553,50.601764,0],[32.506344,50.601689,0],[32.504471,50.601621,0],[32.502658,50.601535,0],[32.501107,50.601483,0],[32.499912,50.601464,0],[32.499206,50.60147,0],[32.498269,50.601496,0],[32.49737,50.601541,0],[32.495003,50.601693,0],[32.489971,50.601974,0],[32.488376,50.6021,0],[32.486881,50.602264,0],[32.474849,50.603794,0],[32.473824,50.603976,0],[32.47303,50.604139,0],[32.47221,50.604319,0],[32.471202,50.604574,0],[32.469432,50.605039,0],[32.467072,50.605712,0],[32.463323,50.606724,0],[32.462221,50.607037,0],[32.461561,50.607265,0],[32.461133,50.60744,0],[32.460179,50.607884,0],[32.459095,50.608497,0],[32.458709,50.608734,0],[32.456964,50.609853,0],[32.45631,50.610294,0],[32.455669,50.610778,0],[32.454058,50.612058,0],[32.451183,50.614437,0],[32.450227,50.615183,0],[32.449852,50.615438,0],[32.447872,50.616584,0],[32.447563,50.616745,0],[32.446746,50.617137,0],[32.446262,50.617343,0],[32.445251,50.617759,0],[32.444538,50.618015,0],[32.443027,50.618515,0],[32.440969,50.619151,0],[32.439688,50.619527,0],[32.438324,50.619951,0],[32.437631,50.620139,0],[32.434902,50.620973,0],[32.434252,50.621187,0],[32.433139,50.621564,0],[32.430769,50.622454,0],[32.429135,50.623141,0],[32.428013,50.62368,0],[32.426963,50.62421,0],[32.425525,50.624996,0],[32.416599,50.630466,0],[32.413265,50.632465,0],[32.411659,50.633293,0],[32.410694,50.633758,0],[32.408938,50.634454,0],[32.407066,50.635096,0],[32.40327,50.636206,0],[32.401446,50.636752,0],[32.399973,50.637222,0],[32.398262,50.637744,0],[32.393398,50.639167,0],[32.392307,50.639503,0],[32.390384,50.640045,0],[32.389942,50.640155,0],[32.387811,50.640577,0],[32.386747,50.640759,0],[32.385755,50.640899,0],[32.384916,50.640991,0],[32.384083,50.641065,0],[32.377231,50.641515,0],[32.373359,50.641808,0],[32.36634,50.64228,0],[32.363828,50.642427,0],[32.360811,50.642643,0],[32.359839,50.642741,0],[32.35881,50.642867,0],[32.357866,50.643022,0],[32.357011,50.64319,0],[32.356391,50.643335,0],[32.35519,50.643645,0],[32.354363,50.643879,0],[32.353954,50.644011,0],[32.352838,50.644438,0],[32.351501,50.645055,0],[32.350935,50.645343,0],[32.350156,50.645807,0],[32.349164,50.646468,0],[32.348515,50.646953,0],[32.348122,50.647276,0],[32.347586,50.647661,0],[32.344534,50.649976,0],[32.343979,50.650367,0],[32.343316,50.650754,0],[32.342285,50.651223,0],[32.341846,50.651383,0],[32.341043,50.651645,0],[32.340301,50.651826,0],[32.338806,50.652049,0],[32.338182,50.652115,0],[32.33699,50.652131,0],[32.336321,50.652113,0],[32.335664,50.652073,0],[32.334987,50.651987,0],[32.333919,50.651794,0],[32.333485,50.651693,0],[32.332608,50.651436,0],[32.331175,50.650946,0],[32.323549,50.648049,0],[32.309328,50.642712,0],[32.300387,50.639325,0],[32.2921,50.636227,0],[32.291295,50.636134,0],[32.291127,50.636177,0],[32.291026,50.636183,0],[32.290828,50.636156,0],[32.290741,50.636123,0],[32.290543,50.636005,0],[32.290465,50.635914,0],[32.290435,50.635835,0],[32.290264,50.635665,0],[32.290119,50.635561,0],[32.289785,50.635378,0],[32.287654,50.63456,0],[32.282854,50.632765,0],[32.281369,50.632311,0],[32.280531,50.632091,0],[32.279404,50.631827,0],[32.277878,50.631497,0],[32.275696,50.631151,0],[32.26122,50.629335,0],[32.258697,50.62895,0],[32.257462,50.628649,0],[32.254262,50.627798,0],[32.243897,50.625008,0],[32.241342,50.624413,0],[32.240028,50.624161,0],[32.237957,50.623806,0],[32.232436,50.623102,0],[32.225453,50.622235,0],[32.222179,50.621804,0],[32.21175,50.620488,0],[32.208242,50.62003,0],[32.205997,50.619661,0],[32.205091,50.61945,0],[32.2035,50.619067,0],[32.202923,50.618913,0],[32.201594,50.618493,0],[32.162025,50.605658,0],[32.159107,50.604697,0],[32.156178,50.603771,0],[32.155137,50.603472,0],[32.153839,50.603131,0],[32.152251,50.602798,0],[32.150631,50.602498,0],[32.147863,50.602014,0],[32.14355,50.601313,0],[32.137402,50.600489,0],[32.121921,50.598521,0],[32.114174,50.597581,0],[32.091061,50.594544,0],[32.081532,50.594463,0],[32.024707,50.594646,0],[32.022679,50.59466,0],[32.021542,50.594707,0],[32.020436,50.594775,0],[32.019332,50.594877,0],[32.017046,50.595198,0],[32.008201,50.596811,0],[32.00308,50.597723,0],[31.999647,50.598253,0],[31.997479,50.598537,0],[31.993602,50.599006,0],[31.962312,50.602475,0],[31.960947,50.602655,0],[31.960246,50.602763,0],[31.906006,50.61472,0],[31.901739,50.61561,0],[31.897037,50.616506,0],[31.894201,50.616746,0],[31.89142,50.61682,0],[31.888444,50.616654,0],[31.885815,50.616405,0],[31.883851,50.616131,0],[31.880093,50.615162,0],[31.875071,50.614263,0],[31.857562,50.610478,0],[31.853957,50.609716,0],[31.850481,50.609144,0],[31.840138,50.608408,0],[31.829839,50.6077,0],[31.812967,50.606124,0],[31.807142,50.60577,0],[31.793918,50.60654,0],[31.790491,50.60654,0],[31.786108,50.606201,0],[31.728338,50.59856,0],[31.711011,50.598049,0],[31.696071,50.59719,0],[31.68045,50.595821,0],[31.672412,50.595693,0],[31.671574,50.595654,0],[31.671027,50.595605,0],[31.670215,50.595511,0],[31.670097,50.595456,0],[31.669915,50.595422,0],[31.664593,50.594823,0],[31.662029,50.594319,0],[31.66101,50.594074,0],[31.659969,50.593767,0],[31.657898,50.593216,0],[31.654358,50.592868,0],[31.650935,50.59246,0],[31.646982,50.591091,0],[31.644402,50.590518,0],[31.641327,50.590203,0],[31.639772,50.590061,0],[31.628351,50.586719,0],[31.625181,50.586551,0],[31.592559,50.586383,0],[31.589727,50.58612,0],[31.54244,50.577701,0],[31.520076,50.574162,0],[31.517737,50.572962,0],[31.5169,50.572308,0],[31.514797,50.57024,0],[31.514411,50.569733,0],[31.513757,50.569228,0],[31.513145,50.568724,0],[31.51278,50.568472,0],[31.512394,50.568233,0],[31.511589,50.567913,0],[31.510766,50.567613,0],[31.51053,50.567544,0],[31.510013,50.567471,0],[31.504097,50.567348,0],[31.503745,50.567334,0],[31.503423,50.56728,0],[31.50281,50.567087,0],[31.501694,50.566593,0],[31.501391,50.566444,0],[31.501096,50.566274,0],[31.499285,50.565074,0],[31.498463,50.564502,0],[31.497959,50.564265,0],[31.497777,50.5642,0],[31.49751,50.564132,0],[31.493792,50.56352,0],[31.493353,50.563433,0],[31.481535,50.560162,0],[31.455214,50.552822,0],[31.454283,50.552635,0],[31.444294,50.549835,0],[31.429662,50.545825,0],[31.427071,50.545133,0],[31.417315,50.54234,0],[31.394159,50.535859,0],[31.387625,50.534056,0],[31.387489,50.533958,0],[31.385804,50.533419,0],[31.385171,50.533146,0],[31.384388,50.532778,0],[31.380858,50.530745,0],[31.377189,50.528526,0],[31.369915,50.524178,0],[31.366911,50.522499,0],[31.365066,50.521695,0],[31.362882,50.520885,0],[31.352062,50.517861,0],[31.348608,50.516701,0],[31.34408,50.514886,0],[31.339574,50.512881,0],[31.337471,50.511898,0],[31.336656,50.511421,0],[31.335905,50.510957,0],[31.335089,50.510425,0],[31.334016,50.509688,0],[31.331999,50.508091,0],[31.329982,50.506385,0],[31.328899,50.505682,0],[31.325991,50.50369,0],[31.324318,50.502564,0],[31.321088,50.500428,0],[31.32009,50.499807,0],[31.319436,50.499479,0],[31.318631,50.499159,0],[31.317784,50.498865,0],[31.316835,50.498635,0],[31.316126,50.498484,0],[31.315353,50.498354,0],[31.314726,50.498278,0],[31.305842,50.497405,0],[31.303761,50.497173,0],[31.29756,50.496586,0],[31.277013,50.494525,0],[31.276545,50.494521,0],[31.276112,50.494561,0],[31.273543,50.495033,0],[31.26636,50.496244,0],[31.266038,50.496279,0],[31.264665,50.496299,0],[31.262927,50.496231,0],[31.26179,50.496244,0],[31.260953,50.496238,0],[31.260041,50.496265,0],[31.259733,50.496283,0],[31.259437,50.496319,0],[31.258912,50.496395,0],[31.2585,50.496478,0],[31.256901,50.496867,0],[31.255722,50.497201,0],[31.254235,50.497704,0],[31.253819,50.497831,0],[31.253271,50.49797,0],[31.252785,50.498058,0],[31.25211,50.498141,0],[31.251088,50.498196,0],[31.248754,50.498166,0],[31.247113,50.49808,0],[31.245959,50.497978,0],[31.242537,50.497592,0],[31.224368,50.495467,0],[31.222479,50.495385,0],[31.219025,50.49533,0],[31.213574,50.495289,0],[31.204991,50.495357,0],[31.201837,50.495353,0],[31.199884,50.49533,0],[31.190721,50.49533,0],[31.189348,50.495304,0],[31.188705,50.495246,0],[31.188039,50.495159,0],[31.184799,50.494472,0],[31.18379,50.494388,0],[31.183189,50.494407,0],[31.18276,50.494453,0],[31.182075,50.494579,0],[31.178512,50.495353,0],[31.176794,50.495544,0],[31.17523,50.495651,0],[31.17407,50.495246,0],[31.172912,50.49488,0],[31.172182,50.494667,0],[31.171752,50.494579,0],[31.17126,50.494537,0],[31.170721,50.494514,0],[31.167997,50.494472,0],[31.166336,50.494357,0],[31.162548,50.494357,0],[31.161438,50.494304,0],[31.160585,50.494213,0],[31.158656,50.493951,0],[31.157968,50.493914,0],[31.157214,50.493962,0],[31.155816,50.494229,0],[31.15435,50.494453,0],[31.152719,50.494602,0],[31.151153,50.494644,0],[31.14892,50.494537,0],[31.146518,50.494495,0],[31.145252,50.494495,0],[31.143644,50.494537,0],[31.1427,50.494602,0],[31.140811,50.494815,0],[31.137378,50.495246,0],[31.136842,50.49533,0],[31.129674,50.496856,0],[31.128988,50.496982,0],[31.128065,50.497047,0],[31.121414,50.497219,0],[31.119546,50.497112,0],[31.113861,50.496681,0],[31.113044,50.496639,0],[31.112443,50.496639,0],[31.111843,50.496662,0],[31.107702,50.497005,0],[31.106821,50.497047,0],[31.106372,50.497047,0],[31.097703,50.496704,0],[31.097145,50.496704,0],[31.096479,50.496727,0],[31.095878,50.496791,0],[31.094934,50.496917,0],[31.093904,50.497112,0],[31.087446,50.498485,0],[31.084913,50.499,0],[31.084526,50.499107,0],[31.084119,50.499237,0],[31.083862,50.499343,0],[31.075387,50.50312,0],[31.074464,50.503486,0],[31.073026,50.503894,0],[31.065666,50.505779,0],[31.059465,50.507389,0],[31.058092,50.507667,0],[31.055667,50.508098,0],[31.041505,50.510093,0],[31.040153,50.510307,0],[31.03936,50.510501,0],[31.038566,50.510738,0],[31.038007,50.510929,0],[31.037107,50.511272,0],[31.036613,50.511489,0],[31.031141,50.514129,0],[31.029268,50.515078,0],[31.027721,50.515834,0],[31.027215,50.516046,0],[31.026751,50.516213,0],[31.025697,50.516524,0],[31.024723,50.516771,0],[31.024399,50.516834,0],[31.023584,50.516935,0],[31.023074,50.516974,0],[31.021749,50.517037,0],[31.020481,50.517058,0],[31.018695,50.517047,0],[31.018051,50.517025,0],[31.016271,50.516918,0],[31.01449,50.516746,0],[30.998912,50.514835,0],[30.996379,50.514537,0],[30.995243,50.514385,0],[30.993032,50.514171,0],[30.987625,50.513679,0],[30.984321,50.513397,0],[30.983783,50.513397,0],[30.983398,50.51342,0],[30.982925,50.513484,0],[30.982389,50.513633,0],[30.981809,50.51387,0],[30.97842,50.515544,0],[30.97108,50.519126,0],[30.970565,50.51934,0],[30.970115,50.519493,0],[30.969621,50.519622,0],[30.954881,50.52153,0],[30.953807,50.521659,0],[30.953077,50.521724,0],[30.952262,50.521789,0],[30.951383,50.521831,0],[30.950632,50.521831,0],[30.946941,50.521766,0],[30.946168,50.521766,0],[30.944688,50.521808,0],[30.943786,50.521873,0],[30.942607,50.522045,0],[30.94149,50.522262,0],[30.939409,50.522689,0],[30.931921,50.524276,0],[30.93132,50.524383,0],[30.930526,50.524471,0],[30.92729,50.524723,0],[30.919454,50.524986,0],[30.918703,50.525028,0],[30.910312,50.525779,0],[30.908571,50.525954,0],[30.905358,50.526245,0],[30.903011,50.526442,0],[30.902088,50.526487,0],[30.901737,50.526486,0],[30.899871,50.526417,0],[30.897874,50.526372,0],[30.897117,50.526401,0],[30.896173,50.526466,0],[30.895013,50.526657,0],[30.892267,50.527259,0],[30.89151,50.52742,0],[30.891237,50.527465,0],[30.890143,50.527625,0],[30.884586,50.528347,0],[30.884115,50.528432,0],[30.88249,50.528801,0],[30.875176,50.530727,0],[30.874605,50.53087,0],[30.873623,50.531085,0],[30.873143,50.531264,0],[30.872593,50.531426,0],[30.871348,50.531731,0]]},"properties":{"name":"Н 07","tessellate":true,"description":"Н-07 (http://routes.in.ua/natsionalnyie/kiev-yunakovka-n-07/)"}},
{"type":"Feature","geometry":{"type":"LineString","coordinates":[[36.126963,49.975963,0],[36.127126,49.975803,0],[36.127231,49.975602,0],[36.127467,49.97442,0],[36.12766,49.973635,0],[36.128233,49.971646,0],[36.128331,49.971681,0],[36.127776,49.973609,0],[36.127574,49.974413,0],[36.127368,49.975462,0],[36.127454,49.975672,0],[36.127536,49.975772,0],[36.127725,49.975878,0],[36.127969,49.975943,0],[36.128111,49.975962,0],[36.128253,49.97596,0],[36.128401,49.97594,0],[36.128677,49.975857,0],[36.128894,49.975738,0],[36.129012,49.975612,0],[36.129036,49.975548,0],[36.129036,49.975398,0],[36.128967,49.975224,0],[36.12884,49.975093,0],[36.128682,49.974991,0],[36.128572,49.974946,0],[36.12836,49.974906,0],[36.127754,49.974886,0],[36.122757,49.975303,0],[36.122073,49.975345,0],[36.121328,49.975362,0],[36.120936,49.975345,0],[36.120735,49.975314,0],[36.119804,49.975094,0],[36.11956,49.975055,0],[36.119066,49.975027,0],[36.118444,49.975022,0],[36.112598,49.975265,0],[36.109825,49.975421,0],[36.106819,49.975566,0],[36.102832,49.97578,0],[36.102161,49.975872,0],[36.101085,49.9761,0],[36.100788,49.976177,0],[36.099941,49.976451,0],[36.098808,49.976848,0],[36.098293,49.977005,0],[36.097709,49.977138,0],[36.095226,49.977542,0],[36.094276,49.977722,0],[36.092586,49.978073,0],[36.091079,49.978355,0],[36.090255,49.978485,0],[36.088809,49.978664,0],[36.087936,49.978752,0],[36.086189,49.978988,0],[36.085018,49.979213,0],[36.083351,49.979618,0],[36.082763,49.979774,0],[36.08208,49.97998,0],[36.078788,49.981094,0],[36.076297,49.982021,0],[36.07299,49.983333,0],[36.072471,49.983512,0],[36.070518,49.984256,0],[36.066661,49.985775,0],[36.063503,49.986965,0],[36.060203,49.988071,0],[36.057876,49.988784,0],[36.057605,49.988849,0],[36.056892,49.989116,0],[36.056438,49.989341,0],[36.05561,49.989883,0],[36.055217,49.990116,0],[36.054965,49.990226,0],[36.054649,49.990417,0],[36.053951,49.990898,0],[36.053638,49.991149,0],[36.052524,49.992126,0],[36.051849,49.992683,0],[36.051113,49.993377,0],[36.050765,49.993652,0],[36.050201,49.994148,0],[36.049892,49.994339,0],[36.049373,49.994583,0],[36.046253,49.995899,0],[36.043331,49.997238,0],[36.042984,49.997364,0],[36.042423,49.997509,0],[36.042125,49.997554,0],[36.041763,49.997581,0],[36.038074,49.997661,0],[36.036476,49.997718,0],[36.035442,49.997734,0],[36.032833,49.997753,0],[36.031566,49.997726,0],[36.030498,49.997776,0],[36.028774,49.997905,0],[36.028396,49.997917,0],[36.027744,49.997856,0],[36.027397,49.997844,0],[36.027061,49.997856,0],[36.024646,49.998043,0],[36.023994,49.998058,0],[36.022781,49.998134,0],[36.021804,49.998214,0],[36.021121,49.998294,0],[36.019477,49.998531,0],[36.018016,49.998764,0],[36.017398,49.998893,0],[36.01617,49.999225,0],[36.015338,49.999496,0],[36.013946,50.000061,0],[36.012752,50.000633,0],[36.011928,50.001125,0],[36.011032,50.001804,0],[36.010063,50.002582,0],[36.006889,50.005054,0],[36.005786,50.005935,0],[36.004257,50.007049,0],[36.00069,50.009464,0],[35.996067,50.012344,0],[35.995082,50.012939,0],[35.994411,50.013404,0],[35.992473,50.014831,0],[35.991577,50.015464,0],[35.99076,50.015956,0],[35.98978,50.016448,0],[35.989429,50.016708,0],[35.989109,50.017002,0],[35.988555,50.017467,0],[35.988357,50.017593,0],[35.98751,50.017982,0],[35.98648,50.018589,0],[35.985309,50.019325,0],[35.984474,50.019924,0],[35.984233,50.020118,0],[35.983779,50.020542,0],[35.983261,50.021072,0],[35.98257,50.021839,0],[35.981124,50.023338,0],[35.979709,50.024742,0],[35.97929,50.025127,0],[35.978942,50.025363,0],[35.978389,50.025627,0],[35.977993,50.025753,0],[35.977611,50.025844,0],[35.977203,50.025962,0],[35.976581,50.026168,0],[35.976207,50.026359,0],[35.97591,50.026546,0],[35.97546,50.026924,0],[35.973346,50.028858,0],[35.972976,50.029331,0],[35.972492,50.030071,0],[35.972259,50.030487,0],[35.972171,50.030586,0],[35.971954,50.030746,0],[35.97179,50.03083,0],[35.971256,50.031074,0],[35.970928,50.0312,0],[35.970397,50.031375,0],[35.970165,50.031398,0],[35.969913,50.031391,0],[35.969024,50.031127,0],[35.966995,50.03059,0],[35.965034,50.029937,0],[35.964157,50.029693,0],[35.963371,50.02951,0],[35.963111,50.029472,0],[35.962818,50.029449,0],[35.962307,50.029449,0],[35.962062,50.029457,0],[35.961456,50.029521,0],[35.960022,50.029705,0],[35.957195,50.030101,0],[35.956584,50.030208,0],[35.955402,50.030502,0],[35.953739,50.030975,0],[35.952274,50.031356,0],[35.950912,50.031738,0],[35.949981,50.032043,0],[35.948871,50.032451,0],[35.948219,50.032726,0],[35.947216,50.033214,0],[35.945327,50.034221,0],[35.943466,50.035266,0],[35.942203,50.035945,0],[35.941043,50.036605,0],[35.93864,50.037918,0],[35.936847,50.038925,0],[35.934909,50.040058,0],[35.934406,50.040294,0],[35.933849,50.040515,0],[35.93333,50.040676,0],[35.933094,50.040733,0],[35.932697,50.040805,0],[35.932357,50.040821,0],[35.929435,50.040885,0],[35.928306,50.04087,0],[35.927013,50.040805,0],[35.924617,50.040725,0],[35.924289,50.040725,0],[35.924022,50.040733,0],[35.922653,50.04084,0],[35.921764,50.040931,0],[35.921554,50.040966,0],[35.920978,50.041103,0],[35.920654,50.04121,0],[35.918762,50.041889,0],[35.918388,50.042041,0],[35.918033,50.042198,0],[35.915927,50.043293,0],[35.914516,50.043983,0],[35.914226,50.044082,0],[35.913345,50.044311,0],[35.911758,50.044757,0],[35.911277,50.044918,0],[35.910739,50.045143,0],[35.909107,50.045974,0],[35.908557,50.046279,0],[35.908294,50.046463,0],[35.907943,50.046794,0],[35.907741,50.047042,0],[35.906612,50.048725,0],[35.906181,50.049297,0],[35.905933,50.049533,0],[35.905357,50.049991,0],[35.904907,50.050327,0],[35.904289,50.050743,0],[35.903476,50.051223,0],[35.903144,50.051361,0],[35.902092,50.051765,0],[35.901577,50.051944,0],[35.90039,50.052352,0],[35.899974,50.052459,0],[35.89878,50.052631,0],[35.897815,50.052795,0],[35.897487,50.052803,0],[35.897327,50.052776,0],[35.89669,50.052577,0],[35.895816,50.052349,0],[35.894287,50.052078,0],[35.893882,50.052028,0],[35.893627,50.052028,0],[35.893142,50.052097,0],[35.890686,50.052551,0],[35.886077,50.053447,0],[35.88285,50.053791,0],[35.882297,50.053829,0],[35.881633,50.053825,0],[35.881206,50.05376,0],[35.88021,50.053569,0],[35.878231,50.053409,0],[35.876331,50.053298,0],[35.876239,50.053283,0],[35.876068,50.053222,0],[35.875568,50.053001,0],[35.873798,50.052169,0],[35.872886,50.051681,0],[35.872074,50.051212,0],[35.870231,50.050247,0],[35.869018,50.049568,0],[35.868476,50.049327,0],[35.868312,50.049301,0],[35.868179,50.049327,0],[35.868064,50.049407,0],[35.867584,50.050128,0],[35.866756,50.050834,0],[35.866275,50.051361,0],[35.866054,50.051704,0],[35.86565,50.052532,0],[35.865516,50.052677,0],[35.865249,50.052829,0],[35.865055,50.052894,0],[35.864925,50.052921,0],[35.864566,50.05297,0],[35.864276,50.052986,0],[35.863185,50.052856,0],[35.862823,50.052829,0],[35.861698,50.052837,0],[35.861293,50.052856,0],[35.857975,50.053108,0],[35.857105,50.053199,0],[35.855651,50.053409,0],[35.85474,50.053592,0],[35.853706,50.053844,0],[35.852989,50.05405,0],[35.852584,50.054187,0],[35.852127,50.054347,0],[35.851238,50.054702,0],[35.850914,50.054847,0],[35.8502,50.055206,0],[35.848266,50.056129,0],[35.845005,50.057716,0],[35.841274,50.059562,0],[35.838344,50.060989,0],[35.825038,50.066581,0],[35.820896,50.068589,0],[35.805023,50.075279,0],[35.800839,50.076918,0],[35.796225,50.078783,0],[35.785346,50.083141,0],[35.784477,50.083561,0],[35.783694,50.083988,0],[35.776337,50.088897,0],[35.775772,50.089237,0],[35.774306,50.089846,0],[35.771742,50.090521,0],[35.771549,50.090562,0],[35.770165,50.090741,0],[35.768741,50.090789,0],[35.7673,50.090686,0],[35.756005,50.089724,0],[35.755418,50.089685,0],[35.754157,50.089662,0],[35.752993,50.089702,0],[35.74706,50.089984,0],[35.731621,50.090629,0],[35.729594,50.090641,0],[35.721094,50.090461,0],[35.713036,50.090261,0],[35.712025,50.090244,0],[35.710909,50.090247,0],[35.70091,50.090535,0],[35.700487,50.090651,0],[35.697885,50.090672,0],[35.694773,50.090721,0],[35.69252,50.090889,0],[35.690686,50.091099,0],[35.688674,50.091395,0],[35.687966,50.091526,0],[35.686255,50.091887,0],[35.685353,50.092094,0],[35.683363,50.092607,0],[35.679093,50.093911,0],[35.648768,50.103274,0],[35.636617,50.107045,0],[35.635443,50.107489,0],[35.633608,50.108445,0],[35.631269,50.10998,0],[35.630722,50.110221,0],[35.630341,50.110351,0],[35.630148,50.110393,0],[35.629944,50.110417,0],[35.629751,50.11043,0],[35.629504,50.110427,0],[35.627965,50.110296,0],[35.625884,50.110201,0],[35.623507,50.110028,0],[35.622005,50.10999,0],[35.620658,50.109988,0],[35.61902,50.110037,0],[35.617823,50.110093,0],[35.61726,50.110155,0],[35.616117,50.110353,0],[35.615302,50.110577,0],[35.614221,50.11091,0],[35.613872,50.111125,0],[35.612751,50.111387,0],[35.611947,50.111621,0],[35.610965,50.111865,0],[35.609935,50.112078,0],[35.609257,50.112186,0],[35.607746,50.112391,0],[35.607238,50.112607,0],[35.60596,50.112735,0],[35.604742,50.113072,0],[35.6036,50.113475,0],[35.597291,50.116045,0],[35.595982,50.116671,0],[35.587367,50.120073,0],[35.559912,50.131212,0],[35.557401,50.132189,0],[35.554708,50.133168,0],[35.550208,50.134743,0],[35.54678,50.136012,0],[35.545697,50.136497,0],[35.54505,50.136848,0],[35.544698,50.137079,0],[35.544022,50.137575,0],[35.543732,50.137833,0],[35.543297,50.13826,0],[35.542929,50.138664,0],[35.541405,50.140434,0],[35.540478,50.141654,0],[35.538665,50.143759,0],[35.537782,50.144674,0],[35.53709,50.145348,0],[35.536176,50.145998,0],[35.535343,50.146725,0],[35.532939,50.14854,0],[35.529903,50.150747,0],[35.527489,50.152369,0],[35.526298,50.1532,0],[35.524558,50.15431,0],[35.524002,50.154621,0],[35.523112,50.15559,0],[35.522098,50.156802,0],[35.521567,50.157484,0],[35.521342,50.157745,0],[35.52125,50.157841,0],[35.521139,50.157884,0],[35.520062,50.159248,0],[35.522492,50.159833,0],[35.523857,50.160129,0],[35.523994,50.160244,0],[35.524102,50.160417,0],[35.5241,50.160594,0],[35.523859,50.16114,0],[35.52369,50.161438,0],[35.52353,50.161602,0],[35.523176,50.162347,0],[35.523115,50.162499,0],[35.523086,50.162703,0],[35.523141,50.162917,0],[35.523391,50.16333,0],[35.523473,50.163534,0],[35.52353,50.163945,0],[35.521814,50.167525,0],[35.52103,50.168968,0],[35.520194,50.170267,0],[35.519829,50.170748,0],[35.519357,50.171229,0],[35.518327,50.171937,0],[35.517533,50.172459,0],[35.516535,50.173153,0],[35.516063,50.173593,0],[35.514829,50.174589,0],[35.514336,50.174816,0],[35.51322,50.175194,0],[35.503939,50.175682,0],[35.479231,50.176816,0],[35.454898,50.177805,0],[35.443965,50.178286,0],[35.443686,50.178313,0],[35.423173,50.179138,0],[35.417851,50.179385,0],[35.416424,50.179523,0],[35.415555,50.17964,0],[35.414643,50.179784,0],[35.408785,50.181103,0],[35.400889,50.18282,0],[35.399494,50.182889,0],[35.398014,50.18282,0],[35.39604,50.182505,0],[35.391963,50.181763,0],[35.385675,50.180677,0],[35.383701,50.180471,0],[35.377049,50.180388,0],[35.370462,50.180279,0],[35.361385,50.180169,0],[35.356836,50.180141,0],[35.354562,50.180114,0],[35.352291,50.180221,0],[35.352631,50.179708,0],[35.352861,50.176304,0],[35.352845,50.176084,0],[35.352765,50.175984,0],[35.352582,50.175929,0],[35.352373,50.175922,0],[35.350313,50.176238,0],[35.34673,50.176637,0],[35.344777,50.176809,0],[35.344166,50.176843,0],[35.3429,50.176788,0],[35.341237,50.176671,0],[35.339896,50.176486,0],[35.339413,50.176335,0],[35.338973,50.176081,0],[35.338565,50.175723,0],[35.337911,50.175015,0],[35.336688,50.173607,0],[35.336162,50.172741,0],[35.335923,50.172154,0],[35.334402,50.169374,0],[35.334102,50.168907,0],[35.331602,50.165938,0],[35.331323,50.165635,0],[35.330948,50.165333,0],[35.3298,50.164701,0],[35.329092,50.164412,0],[35.328265,50.16413,0],[35.322686,50.162728,0],[35.321903,50.162481,0],[35.320723,50.161965,0],[35.319953,50.161461,0],[35.318856,50.163484,0],[35.31847,50.165601,0],[35.317826,50.169917,0],[35.315123,50.183082,0],[35.312119,50.188632,0],[35.311131,50.190528,0],[35.311215,50.19093,0],[35.307655,50.192616,0],[35.276027,50.208934,0],[35.272594,50.210403,0],[35.269332,50.211859,0],[35.263152,50.214866,0],[35.256178,50.215937,0],[35.251758,50.216047,0],[35.249333,50.216431,0],[35.246522,50.216925,0],[35.243862,50.217474,0],[35.238647,50.218669,0],[35.233262,50.219863,0],[35.230537,50.22044,0],[35.22779,50.220907,0],[35.223552,50.221477,0],[35.221138,50.221923,0],[35.21881,50.22239,0],[35.209422,50.224394,0],[35.201923,50.225932,0],[35.19746,50.226831,0],[35.196204,50.227105,0],[35.195056,50.227414,0],[35.180347,50.2318,0],[35.162494,50.23707,0],[35.160391,50.237709,0],[35.159469,50.238038,0],[35.151229,50.241153,0],[35.148912,50.242004,0],[35.140071,50.245418,0],[35.136222,50.247054,0],[35.116854,50.256,0],[35.106661,50.260685,0],[35.105009,50.261453,0],[35.104237,50.261871,0],[35.103249,50.262674,0],[35.10031,50.265513,0],[35.093744,50.271733,0],[35.09133,50.274078,0],[35.090751,50.274503,0],[35.09016,50.274873,0],[35.088637,50.275566,0],[35.077221,50.28003,0],[35.070312,50.282745,0],[35.065741,50.284561,0],[35.064368,50.285068,0],[35.063542,50.285322,0],[35.058832,50.286357,0],[35.055007,50.28717,0],[35.054235,50.287362,0],[35.053538,50.287591,0],[35.052867,50.287862,0],[35.050147,50.289298,0],[35.045663,50.291704,0],[35.044439,50.292472,0],[35.042165,50.293959,0],[35.036865,50.297372,0],[35.036361,50.297629,0],[35.035851,50.297859,0],[35.035073,50.298161,0],[35.034338,50.298383,0],[35.033308,50.298579,0],[35.032311,50.298695,0],[35.031366,50.29874,0],[35.022376,50.298914,0],[35.012537,50.299147,0],[35.011888,50.29913,0],[35.01132,50.299093,0],[35.002474,50.297578,0],[35.001787,50.297475,0],[35.001111,50.29742,0],[34.992276,50.297194,0],[34.988435,50.297115,0],[34.984734,50.297085,0],[34.960921,50.297047,0],[34.960127,50.297074,0],[34.959435,50.297143,0],[34.95862,50.297242,0],[34.957761,50.297389,0],[34.956983,50.297581,0],[34.9562,50.297828,0],[34.952965,50.298901,0],[34.952107,50.299216,0],[34.951748,50.299404,0],[34.951415,50.299617,0],[34.950761,50.300086,0],[34.948282,50.302053,0],[34.945836,50.303832,0],[34.943487,50.305301,0],[34.941523,50.306446,0],[34.937779,50.308529,0],[34.93721,50.308892,0],[34.93691,50.309118,0],[34.936674,50.309358,0],[34.934721,50.311852,0],[34.934528,50.312229,0],[34.934346,50.312667,0],[34.934324,50.313147,0],[34.934431,50.313695,0],[34.934785,50.315106,0],[34.934936,50.315887,0],[34.934903,50.316332,0],[34.934185,50.32132,0],[34.933294,50.327163,0],[34.933047,50.32958,0],[34.932994,50.329793,0],[34.932659,50.330341,0],[34.929442,50.334183,0],[34.928487,50.335278,0],[34.927962,50.336052,0],[34.925786,50.341139,0]]},"properties":{"name":"p 46","tessellate":true,"description":"P 46 (http://routes.in.ua/harkov-sumyi-p-46-p-45/)"}},
{"type":"Feature","geometry":{"type":"LineString","coordinates":[[37.576074,48.098604,0],[37.602476,48.089751,0],[37.603351,48.089433,0],[37.604029,48.089127,0],[37.606628,48.087871,0],[37.616199,48.083209,0],[37.61722,48.082694,0],[37.630545,48.076176,0],[37.634055,48.074486,0],[37.634881,48.074065,0],[37.637875,48.072594,0],[37.645385,48.06893,0],[37.647304,48.068009,0],[37.647532,48.067919,0],[37.648168,48.067725,0],[37.648503,48.067665,0],[37.649688,48.067369,0],[37.649948,48.067338,0],[37.65006,48.067363,0],[37.650136,48.067401,0],[37.6502,48.067482,0],[37.650525,48.069249,0],[37.650584,48.069434,0],[37.653349,48.073099,0],[37.654717,48.074961,0],[37.657807,48.079086,0],[37.658778,48.08033,0],[37.659175,48.080742,0],[37.659491,48.081039,0],[37.659953,48.081451,0],[37.66043,48.081831,0],[37.660918,48.082179,0],[37.661412,48.082502,0],[37.661868,48.082774,0],[37.662367,48.083046,0],[37.663568,48.083598,0],[37.664244,48.083867,0],[37.664791,48.084064,0],[37.665816,48.084376,0],[37.666642,48.08458,0],[37.667254,48.084702,0],[37.668415,48.08489,0],[37.669166,48.084983,0],[37.669796,48.08504,0],[37.674091,48.085377,0],[37.676038,48.085553,0],[37.689334,48.086633,0],[37.699209,48.087465,0],[37.718757,48.089056,0],[37.720555,48.089206,0],[37.72225,48.089368,0],[37.723661,48.089547,0],[37.724927,48.089737,0],[37.726509,48.090016,0],[37.72799,48.090314,0],[37.730398,48.090901,0],[37.731257,48.091138,0],[37.732528,48.091521,0],[37.733821,48.091933,0],[37.735291,48.092467,0],[37.736589,48.092983,0],[37.737699,48.093456,0],[37.738579,48.093854,0],[37.739625,48.094366,0],[37.740853,48.095007,0],[37.741808,48.095545,0],[37.745293,48.097646,0],[37.747924,48.099267,0],[37.74861,48.099679,0],[37.74949,48.100174,0],[37.751459,48.101187,0],[37.75339,48.102058,0],[37.754699,48.102588,0],[37.756451,48.103224,0],[37.757349,48.10353,0],[37.758105,48.103777,0],[37.759334,48.104121,0],[37.761726,48.104709,0],[37.76311,48.105031,0],[37.7645,48.105296,0],[37.766018,48.105533,0],[37.767375,48.105719,0],[37.769001,48.105902,0],[37.770503,48.106023,0],[37.772895,48.106152,0],[37.773828,48.106174,0],[37.774993,48.106178,0],[37.776881,48.106131,0],[37.778748,48.106041,0],[37.780513,48.105902,0],[37.782181,48.105715,0],[37.783211,48.105576,0],[37.784402,48.105393,0],[37.785405,48.105218,0],[37.786993,48.104888,0],[37.7883,48.104586,0],[37.79053,48.104031,0],[37.791155,48.103857,0],[37.791251,48.103856,0],[37.792179,48.103572,0],[37.793784,48.103046,0],[37.794064,48.10298,0],[37.79442,48.102937,0],[37.794771,48.102958,0],[37.795089,48.103038,0],[37.795357,48.103159,0],[37.795628,48.103361,0],[37.795766,48.103587,0],[37.795813,48.10379,0],[37.795789,48.104032,0],[37.795713,48.104275,0],[37.795345,48.105197,0],[37.795188,48.105656,0],[37.795149,48.105973,0],[37.795141,48.106253,0],[37.795165,48.106405,0],[37.795281,48.106627,0],[37.79858,48.110091,0],[37.800498,48.112029,0],[37.802518,48.114125,0],[37.804273,48.115993,0],[37.805077,48.116787,0],[37.806198,48.117956,0],[37.807628,48.119365,0],[37.808921,48.12054,0],[37.81012,48.121503,0],[37.810911,48.122186,0],[37.811232,48.122418,0],[37.812523,48.123299,0],[37.813308,48.123792,0],[37.817162,48.125952,0],[37.819572,48.127412,0],[37.821028,48.128365,0],[37.823874,48.130465,0],[37.828723,48.133945,0],[37.829622,48.134661,0],[37.830124,48.135143,0],[37.830546,48.135641,0],[37.83074,48.135906,0],[37.832121,48.138089,0],[37.832981,48.139556,0],[37.833171,48.139835,0],[37.833457,48.140174,0],[37.833774,48.140487,0],[37.835144,48.141567,0],[37.835617,48.141925,0],[37.83691,48.142791,0],[37.847244,48.149258,0],[37.859964,48.157343,0],[37.861716,48.158484,0],[37.864883,48.160434,0],[37.865531,48.160858,0],[37.866645,48.161529,0],[37.867641,48.162086,0],[37.868812,48.162666,0],[37.86959,48.163005,0],[37.870391,48.163318,0],[37.870788,48.163455,0],[37.871532,48.163681,0],[37.871913,48.163787,0],[37.872913,48.164028,0],[37.87405,48.164249,0],[37.875019,48.164405,0],[37.876308,48.164581,0],[37.885704,48.165557,0],[37.886745,48.165676,0],[37.887901,48.165882,0],[37.888336,48.165981,0],[37.888706,48.166088,0],[37.889076,48.166217,0],[37.889549,48.166408,0],[37.890361,48.166797,0],[37.891155,48.167301,0],[37.892673,48.168331,0],[37.894207,48.169345,0],[37.895366,48.170131,0],[37.896125,48.170681,0],[37.896518,48.171024,0],[37.896968,48.17152,0],[37.897399,48.172115,0],[37.897594,48.172451,0],[37.899715,48.176425,0],[37.901409,48.179649,0],[37.901725,48.180427,0],[37.90195,48.181098,0],[37.902027,48.181468,0],[37.902229,48.182884,0],[37.902446,48.184833,0],[37.902492,48.185409,0],[37.902503,48.185852,0],[37.902484,48.186435,0],[37.902202,48.189903,0],[37.902214,48.190685,0],[37.902286,48.191146,0],[37.902366,48.191467,0],[37.902637,48.19215,0],[37.902862,48.19252,0],[37.903045,48.192779,0],[37.903572,48.193374,0],[37.903823,48.193599,0],[37.904144,48.193866,0],[37.904735,48.194278,0],[37.905509,48.194698,0],[37.906406,48.195068,0],[37.906936,48.195255,0],[37.908889,48.19588,0],[37.922457,48.199854,0],[37.924301,48.200351,0],[37.933559,48.203029,0],[37.936302,48.203891,0],[37.938369,48.204753,0],[37.941566,48.206123,0],[37.947296,48.208393,0],[37.948001,48.208683,0],[37.949089,48.209171,0],[37.950069,48.209644,0],[37.951465,48.21038,0],[37.952274,48.210838,0],[37.95354,48.211608,0],[37.955825,48.212799,0],[37.95658,48.213143,0],[37.95731,48.213416,0],[37.958386,48.213764,0],[37.959649,48.214062,0],[37.960877,48.214268,0],[37.965911,48.215019,0],[37.966577,48.2151,0],[37.967764,48.21538,0],[37.968251,48.215558,0],[37.968951,48.215922,0],[37.969342,48.216182,0],[37.969651,48.216423,0],[37.969872,48.216596,0],[37.971443,48.21806,0],[37.971608,48.218235,0],[37.972035,48.218596,0],[37.972227,48.218736,0],[37.975127,48.221542,0],[37.976036,48.222395,0],[37.976731,48.22298,0],[37.977077,48.223225,0],[37.977602,48.223549,0],[37.98018,48.225062,0],[37.981055,48.225599,0],[37.981841,48.22617,0],[37.982331,48.226561,0],[37.993097,48.23602,0],[37.99675,48.239198,0],[37.998676,48.240848,0],[37.998988,48.241126,0],[37.999482,48.241618,0],[37.999869,48.24205,0],[38.000039,48.242262,0],[38.000409,48.242839,0],[38.002608,48.246709,0],[38.006043,48.252609,0],[38.006505,48.253249,0],[38.008678,48.255534,0],[38.009727,48.256598,0],[38.011468,48.258622,0],[38.014311,48.261779,0],[38.014743,48.26223,0],[38.016103,48.263945,0],[38.016838,48.264751,0],[38.017836,48.265799,0],[38.018148,48.266197,0],[38.018342,48.2665,0],[38.019728,48.268985,0],[38.019953,48.269568,0],[38.020025,48.269828,0],[38.02009,48.270114,0],[38.020105,48.270587,0],[38.020124,48.271438,0],[38.02009,48.272941,0],[38.02014,48.273623,0],[38.020188,48.273964,0],[38.020352,48.274516,0],[38.02048,48.274838,0],[38.021471,48.276647,0],[38.022155,48.277816,0],[38.022817,48.27902,0],[38.023622,48.280212,0],[38.024301,48.281364,0],[38.025852,48.284006,0]]},"properties":{"name":"M 04","tessellate":true,"description":"M 04 (http://routes.in.ua/international/znamenka-izvarino-m-04/)"}},
{"type":"Feature","geometry":{"type":"LineString","coordinates":[[37.974462,48.216621,0],[37.976117,48.215496,0],[37.977619,48.214425,0],[37.979525,48.21311,0],[37.97984,48.212931,0],[37.980142,48.21279,0],[37.98053,48.212656,0],[37.980943,48.21258,0],[37.981217,48.212557,0],[37.982086,48.212539,0],[37.983938,48.212543,0],[37.984602,48.212592,0],[37.993419,48.213449,0],[37.997548,48.213812,0],[38.002326,48.214276,0],[38.003795,48.214463,0],[38.009123,48.215216,0],[38.014546,48.215755,0],[38.020103,48.216272,0],[38.02144,48.216379,0],[38.02584,48.216629,0],[38.028128,48.216794,0],[38.029148,48.216934,0],[38.029723,48.217036,0],[38.03157,48.2174,0],[38.032088,48.217478,0],[38.036081,48.218227,0],[38.037447,48.2185,0],[38.038795,48.218721,0],[38.039874,48.218868,0],[38.041542,48.219072,0],[38.042705,48.219193,0],[38.043474,48.219257,0],[38.052215,48.219715,0],[38.053964,48.219777,0],[38.054434,48.219788,0],[38.056091,48.219782,0],[38.064892,48.219615,0],[38.067963,48.21975,0],[38.070216,48.219905,0],[38.07201,48.220103,0],[38.076203,48.22085,0],[38.08419,48.222431,0],[38.094486,48.22512,0],[38.100303,48.226665,0],[38.102043,48.227146,0],[38.106277,48.228431,0],[38.109748,48.229503,0],[38.114051,48.230854,0],[38.11502,48.23114,0],[38.115997,48.231391,0],[38.116382,48.23146,0],[38.117225,48.231594,0],[38.118476,48.231735,0],[38.122428,48.232051,0],[38.126861,48.232532,0],[38.129837,48.232913,0],[38.131767,48.233184,0],[38.133388,48.23336,0],[38.134006,48.233383,0],[38.134552,48.23336,0],[38.135143,48.23331,0],[38.135635,48.233211,0],[38.136184,48.233055,0],[38.136554,48.232925,0],[38.137954,48.232345,0],[38.139041,48.231922,0],[38.139667,48.231727,0],[38.140327,48.231632,0],[38.140758,48.23162,0],[38.141437,48.231647,0],[38.141967,48.231693,0],[38.142509,48.231777,0],[38.149993,48.233127,0],[38.151401,48.233409,0],[38.15232,48.233633,0],[38.152356,48.233624,0],[38.152535,48.233648,0],[38.153063,48.233649,0],[38.153222,48.233662,0],[38.15334,48.233708,0],[38.153415,48.233764,0],[38.1536,48.234032,0],[38.153741,48.234169,0],[38.1538,48.234258,0],[38.154034,48.234391,0],[38.154485,48.2347,0],[38.154665,48.23485,0],[38.154944,48.235132,0],[38.156272,48.236782,0],[38.158321,48.239273,0],[38.16018,48.241486,0],[38.160568,48.241989,0],[38.162956,48.244876,0],[38.164539,48.246772,0],[38.165225,48.247501,0],[38.165729,48.247928,0],[38.166542,48.248535,0],[38.167041,48.248886,0],[38.170799,48.251319,0],[38.176143,48.254829,0],[38.177503,48.255692,0],[38.17821,48.256235,0],[38.17931,48.257266,0],[38.180128,48.258218,0],[38.180489,48.25871,0],[38.182098,48.261471,0],[38.18244,48.262095,0],[38.182996,48.263026,0],[38.183197,48.263402,0],[38.183406,48.263901,0],[38.183627,48.26407,0],[38.183789,48.264133,0],[38.1839,48.264249,0],[38.183921,48.26436,0],[38.183904,48.264418,0],[38.183902,48.264682,0],[38.183929,48.264877,0],[38.184223,48.26537,0],[38.184902,48.266676,0],[38.185585,48.267877,0],[38.186149,48.268986,0],[38.1865,48.269619,0],[38.186771,48.270027,0],[38.18708,48.270405,0],[38.187493,48.27079,0],[38.187742,48.270997,0],[38.188188,48.271325,0],[38.189018,48.271863,0],[38.18972,48.27226,0],[38.189967,48.272383,0],[38.190844,48.272768,0],[38.191449,48.272973,0],[38.191991,48.273108,0],[38.193048,48.273301,0],[38.193793,48.273373,0],[38.194705,48.273403,0],[38.19522,48.273403,0],[38.195594,48.273387,0],[38.196178,48.273345,0],[38.19754,48.273201,0],[38.200271,48.272811,0],[38.202874,48.272473,0],[38.206598,48.271957,0],[38.208821,48.271686,0],[38.209666,48.271602,0],[38.210713,48.271524,0],[38.211672,48.271477,0],[38.212359,48.27147,0],[38.213618,48.271471,0],[38.21498,48.271517,0],[38.217825,48.27172,0],[38.220083,48.271846,0],[38.220347,48.271871,0],[38.220523,48.271904,0],[38.220905,48.272014,0],[38.221015,48.27206,0],[38.221199,48.272178,0],[38.221279,48.272251,0],[38.221355,48.272354,0],[38.221446,48.272537,0],[38.221603,48.273056,0],[38.221961,48.274471,0],[38.22285,48.277595,0],[38.223373,48.279556,0],[38.223564,48.280071,0],[38.22393,48.280609,0],[38.225345,48.282508,0],[38.231403,48.29084,0],[38.232292,48.292053,0],[38.2327,48.292541,0],[38.23294,48.292766,0],[38.233318,48.293037,0],[38.23352,48.293167,0],[38.233943,48.293388,0],[38.235603,48.294078,0],[38.238166,48.295116,0],[38.243644,48.297283,0],[38.244552,48.297657,0],[38.244922,48.29784,0],[38.245075,48.297935,0],[38.246612,48.299022,0],[38.252426,48.303203,0],[38.253414,48.303943,0],[38.253906,48.30442,0],[38.256584,48.307172,0],[38.257379,48.308049,0],[38.259091,48.30985,0],[38.260022,48.310857,0],[38.261076,48.311896,0],[38.261145,48.311948,0],[38.261328,48.312037,0],[38.261667,48.312113,0],[38.264979,48.312366,0],[38.265668,48.312443,0],[38.266743,48.312502,0],[38.269809,48.312715,0],[38.271673,48.31281,0],[38.27214,48.31281,0],[38.273985,48.312635,0],[38.274219,48.312564,0],[38.277715,48.312355,0],[38.28066,48.312084,0],[38.281546,48.311992,0],[38.282078,48.311917,0],[38.28772,48.310904,0],[38.290964,48.310354,0],[38.292588,48.310061,0],[38.295739,48.30952,0],[38.298504,48.308995,0],[38.30263,48.308146,0],[38.304663,48.307697,0],[38.306849,48.30716,0],[38.307992,48.306853,0],[38.310727,48.306166,0],[38.3122,48.305775,0],[38.313008,48.30552,0],[38.325737,48.301086,0],[38.326442,48.300888,0],[38.327056,48.300762,0],[38.327442,48.300701,0],[38.327995,48.300636,0],[38.333557,48.30017,0],[38.335578,48.299987,0],[38.336299,48.299949,0],[38.336792,48.299957,0],[38.359951,48.301403,0],[38.368888,48.302001,0],[38.37532,48.302566,0],[38.377109,48.302753,0],[38.377887,48.30286,0],[38.378818,48.303096,0],[38.379169,48.303203,0],[38.379604,48.30336,0],[38.380199,48.303611,0],[38.380649,48.303844,0],[38.381107,48.304126,0],[38.381622,48.304496,0],[38.386062,48.308136,0],[38.387195,48.30904,0],[38.388576,48.309959,0],[38.390522,48.311206,0],[38.392913,48.31277,0],[38.394153,48.313613,0],[38.399532,48.317893,0],[38.402484,48.320209,0],[38.402858,48.320575,0],[38.403434,48.321273,0],[38.405651,48.323841,0],[38.409389,48.328235,0],[38.410312,48.329296,0],[38.411651,48.330886,0],[38.413032,48.332656,0],[38.413196,48.33282,0],[38.413349,48.332939,0],[38.413764,48.333145,0],[38.419284,48.335273,0],[38.421726,48.336254,0],[38.431167,48.339931,0],[38.431678,48.339984,0],[38.432048,48.339992,0],[38.432485,48.339956,0],[38.432625,48.339884,0],[38.432767,48.339852,0],[38.432918,48.339848,0],[38.433065,48.339874,0],[38.433193,48.339927,0],[38.433288,48.340003,0],[38.433368,48.340167,0],[38.433586,48.340438,0],[38.433757,48.340599,0],[38.433925,48.340732,0],[38.434299,48.340984,0],[38.434921,48.341365,0],[38.438526,48.342762,0],[38.439323,48.343063,0],[38.440597,48.343509,0],[38.444255,48.344665,0],[38.459846,48.349678,0],[38.46202,48.350418,0],[38.466384,48.351772,0],[38.467315,48.352073,0],[38.470226,48.353065,0],[38.472576,48.353843,0],[38.476863,48.355125,0],[38.480659,48.356311,0],[38.486637,48.358093,0],[38.492027,48.359863,0],[38.496578,48.361316,0],[38.497086,48.361549,0],[38.499178,48.362277,0],[38.499473,48.362401,0],[38.499833,48.362519,0],[38.50376,48.364016,0],[38.513952,48.367968,0],[38.518842,48.369837,0],[38.520558,48.370473,0],[38.52496,48.372152,0],[38.527339,48.373082,0],[38.529565,48.373896,0],[38.530788,48.374368,0],[38.532148,48.374864,0],[38.541259,48.37834,0],[38.542939,48.378956,0],[38.545159,48.379806,0],[38.546307,48.380184,0],[38.547152,48.380415,0],[38.548004,48.380596,0],[38.550392,48.380962,0],[38.556774,48.381893,0],[38.558729,48.382193,0],[38.564762,48.383075,0],[38.570068,48.383831,0],[38.576118,48.384815,0],[38.581275,48.385559,0],[38.582416,48.38578,0],[38.583103,48.385944,0],[38.584152,48.386241,0],[38.585186,48.386562,0],[38.5867,48.387134,0],[38.588092,48.387744,0],[38.600433,48.393264,0],[38.614906,48.399765,0],[38.616272,48.400348,0],[38.61721,48.400707,0],[38.618133,48.400978,0],[38.618595,48.401096,0],[38.62836,48.403453,0],[38.630565,48.404006,0],[38.635314,48.405143,0],[38.635856,48.405284,0],[38.636833,48.405567,0],[38.641513,48.406997,0],[38.645957,48.408397,0],[38.657894,48.412082,0],[38.66127,48.41315,0],[38.664119,48.414005,0],[38.669422,48.41566,0],[38.68074,48.419139,0],[38.682621,48.419731,0],[38.684024,48.42015,0],[38.695541,48.423721,0],[38.697559,48.424331,0],[38.704441,48.426456,0],[38.708644,48.427768,0],[38.709072,48.427909,0],[38.70959,48.428104,0],[38.710224,48.428363,0],[38.710712,48.428588,0],[38.71133,48.428924,0],[38.715503,48.431453,0],[38.718513,48.433338,0],[38.720188,48.434364,0],[38.720497,48.434516,0],[38.720798,48.434638,0],[38.721447,48.434864,0],[38.721851,48.43497,0],[38.722301,48.435066,0],[38.723072,48.435203,0],[38.723438,48.435249,0],[38.725647,48.435619,0],[38.729068,48.43621,0],[38.729602,48.436306,0],[38.730217,48.436466,0],[38.730964,48.436729,0],[38.73162,48.43703,0],[38.733119,48.43777,0],[38.733818,48.43806,0],[38.734092,48.438148,0],[38.735374,48.438491,0],[38.736026,48.438694,0],[38.736511,48.438888,0],[38.737674,48.439392,0],[38.738033,48.439525,0],[38.741901,48.44065,0],[38.742233,48.440723,0],[38.742557,48.440769,0],[38.743595,48.440811,0],[38.75962,48.439483,0],[38.760974,48.439395,0],[38.762508,48.439323,0],[38.772098,48.439502,0],[38.773212,48.43954,0],[38.774398,48.439556,0],[38.776241,48.439609,0],[38.781314,48.439712,0],[38.783542,48.43975,0],[38.784613,48.439738,0],[38.789907,48.439816,0],[38.798352,48.439971,0],[38.798589,48.439991,0],[38.798723,48.440018,0],[38.798831,48.440066,0],[38.7989,48.440119,0],[38.798958,48.440189,0],[38.798993,48.440285,0],[38.799064,48.44075,0],[38.799122,48.440985,0],[38.79922,48.441256,0],[38.799283,48.441363,0],[38.799382,48.441454,0],[38.799662,48.441625,0],[38.799849,48.441699,0],[38.800146,48.441777,0],[38.801903,48.442167,0],[38.802514,48.442257,0],[38.802733,48.442307,0],[38.803298,48.442489,0],[38.803684,48.442658,0],[38.804112,48.442907,0],[38.805438,48.44375,0],[38.805861,48.444043,0],[38.806126,48.444204,0],[38.806588,48.44443,0],[38.806925,48.444561,0],[38.809452,48.445454,0],[38.813509,48.446987,0],[38.814984,48.447511,0],[38.815746,48.447746,0],[38.816425,48.447924,0],[38.817055,48.44805,0],[38.818724,48.448337,0],[38.820124,48.448504,0],[38.824708,48.449207,0],[38.830826,48.450102,0],[38.831912,48.450278,0],[38.841462,48.451683,0],[38.843452,48.451961,0],[38.844111,48.452063,0],[38.844969,48.452225,0],[38.845165,48.452275,0],[38.845451,48.452361,0],[38.846259,48.452655,0],[38.84662,48.452825,0],[38.846943,48.453002,0],[38.85021,48.455058,0],[38.853192,48.456905,0],[38.859889,48.461039,0],[38.86235,48.462534,0],[38.864231,48.463734,0],[38.86484,48.464188,0],[38.866458,48.465581,0],[38.86815,48.467086,0],[38.869506,48.468322,0],[38.875984,48.474304,0],[38.878513,48.476631,0],[38.879661,48.477664,0],[38.88335,48.481067,0],[38.8838,48.481521,0],[38.884117,48.481887,0],[38.884456,48.482292,0],[38.884868,48.482841,0],[38.886447,48.485252,0],[38.887592,48.487068,0],[38.888462,48.488399,0],[38.889076,48.489295,0],[38.889392,48.489692,0],[38.889625,48.489944,0],[38.88982,48.490112,0],[38.890285,48.490451,0],[38.890945,48.490875,0],[38.891315,48.491062,0],[38.891922,48.491317,0],[38.892112,48.491394,0],[38.892482,48.491508,0],[38.893104,48.491645,0],[38.895671,48.492004,0],[38.896205,48.492065,0],[38.897037,48.492111,0],[38.897838,48.492134,0],[38.898624,48.492122,0],[38.904415,48.491859,0],[38.905113,48.491859,0],[38.9057,48.491893,0],[38.905971,48.491924,0],[38.906448,48.492004,0],[38.906974,48.492122,0],[38.907459,48.492256,0],[38.908023,48.492454,0],[38.908294,48.492572,0],[38.910327,48.493667,0],[38.910987,48.493984,0],[38.911975,48.494354,0],[38.913102,48.494643,0],[38.913202,48.494634,0],[38.914133,48.494775,0],[38.915064,48.494888,0],[38.923806,48.495892,0],[38.927058,48.496278,0],[38.935797,48.497272,0],[38.943538,48.498176,0],[38.945129,48.49831,0],[38.945957,48.498325,0],[38.946773,48.498313,0],[38.947719,48.498245,0],[38.948699,48.498126,0],[38.949665,48.497966,0],[38.950161,48.497867,0],[38.951352,48.497596,0],[38.953184,48.497158,0],[38.954825,48.496788,0],[38.958568,48.495991,0],[38.961643,48.495315,0],[38.962623,48.495079,0],[38.96358,48.494879,0],[38.964878,48.494582,0],[38.966675,48.494228,0],[38.968532,48.493995,0],[38.97018,48.493728,0],[38.971492,48.493423,0],[38.972373,48.49316,0],[38.973773,48.492687,0],[38.974399,48.492492,0],[38.975467,48.492214,0],[38.976192,48.492054,0],[38.976776,48.491951,0],[38.977943,48.491828,0],[38.9789,48.491752,0],[38.979778,48.491733,0],[38.980724,48.491767,0],[38.983608,48.491996,0],[38.985038,48.492069,0],[38.985343,48.492076,0],[38.986675,48.492042,0],[38.991754,48.4917,0],[39.003563,48.490871,0],[39.004642,48.490802,0],[39.005407,48.490774,0],[39.006826,48.490799,0],[39.011567,48.491102,0],[39.018768,48.491615,0],[39.022811,48.491882,0],[39.029462,48.492271,0],[39.032806,48.492497,0],[39.034328,48.492637,0],[39.036197,48.492755,0],[39.036575,48.49279,0],[39.047752,48.49353,0],[39.052171,48.493809,0],[39.054565,48.494001,0],[39.055915,48.494182,0],[39.057426,48.494343,0],[39.057758,48.494391,0],[39.05824,48.494499,0],[39.058592,48.4946,0],[39.059011,48.494744,0],[39.059633,48.495027,0],[39.06019,48.495345,0],[39.06035,48.495463,0],[39.060509,48.495591,0],[39.061405,48.496508,0],[39.063491,48.498848,0],[39.063826,48.499193,0],[39.064199,48.499495,0],[39.064568,48.499734,0],[39.065223,48.500101,0],[39.070218,48.502693,0],[39.070942,48.503087,0],[39.073113,48.504195,0],[39.079869,48.507731,0],[39.094757,48.515449,0],[39.100296,48.519151,0],[39.105775,48.522986,0],[39.106879,48.523678,0],[39.110079,48.525112,0],[39.112054,48.526071,0],[39.114295,48.527073,0],[39.116068,48.527718,0],[39.122358,48.529659,0],[39.123999,48.530424,0],[39.124816,48.530932,0],[39.12978,48.533911,0],[39.137062,48.537572,0],[39.139036,48.538589,0],[39.148406,48.543331,0],[39.153644,48.545906,0],[39.16529,48.551929,0],[39.169719,48.554183,0],[39.172245,48.555412,0],[39.173492,48.556079,0],[39.174102,48.556385,0],[39.176559,48.557537,0],[39.181945,48.559856,0],[39.18613,48.561721,0],[39.187347,48.562198,0],[39.188083,48.56245,0],[39.188606,48.56261,0],[39.18922,48.562774,0],[39.190635,48.563072,0],[39.191101,48.563163,0],[39.191596,48.563232,0],[39.192443,48.563304,0],[39.194705,48.563434,0],[39.196514,48.563518,0],[39.197414,48.563545,0],[39.2028,48.563594,0],[39.219001,48.563594,0],[39.23294,48.563289,0],[39.234279,48.563224,0],[39.23521,48.563148,0],[39.235614,48.563087,0],[39.236583,48.562908,0],[39.236919,48.562828,0],[39.237025,48.562833,0],[39.240513,48.562052,0],[39.24228,48.561637,0],[39.244183,48.561168,0],[39.249457,48.560051,0],[39.253124,48.55922,0],[39.254165,48.558952,0],[39.255672,48.558609,0],[39.256629,48.558353,0],[39.25687,48.558319,0],[39.257171,48.558345,0],[39.257701,48.558433,0],[39.258934,48.558715,0],[39.25917,48.558803,0],[39.260425,48.559089,0],[39.263271,48.559829,0],[39.264793,48.560241,0],[39.266296,48.560691,0],[39.269073,48.561553,0],[39.270607,48.562042,0],[39.270877,48.562145,0],[39.27349,48.562938,0],[39.279449,48.564811,0],[39.283527,48.566055,0],[39.285972,48.566848,0],[39.286563,48.566989,0],[39.286842,48.56702,0],[39.289131,48.567123,0],[39.292408,48.567344,0],[39.2961,48.567535,0],[39.29626,48.567508,0],[39.29668,48.567508,0],[39.305671,48.568092,0],[39.309059,48.568286,0],[39.315211,48.5686,0],[39.315605,48.565605,0],[39.315906,48.563053,0],[39.315971,48.56221,0],[39.316078,48.561851,0],[39.316143,48.561744,0],[39.316612,48.561206,0],[39.320198,48.557559,0],[39.321971,48.555797,0],[39.32307,48.554618,0],[39.325035,48.552626,0],[39.326934,48.550735,0],[39.33406,48.543418,0],[39.335403,48.54207,0],[39.339462,48.537876,0],[39.343257,48.53403,0],[39.343391,48.533916,0],[39.343608,48.533782,0],[39.345516,48.532108,0],[39.346416,48.531379,0],[39.34867,48.529491,0],[39.351081,48.527393,0],[39.352653,48.526134,0],[39.353092,48.525802,0],[39.354122,48.524944,0],[39.355918,48.523563,0],[39.356609,48.523101,0],[39.35754,48.52256,0],[39.358139,48.52219,0],[39.358184,48.522117,0],[39.358325,48.522041,0],[39.358505,48.522029,0],[39.358615,48.52206,0],[39.359001,48.521972,0],[39.361543,48.521082,0],[39.362688,48.520739,0],[39.363607,48.520508,0],[39.364567,48.520316,0],[39.365555,48.52015,0],[39.366812,48.519995,0],[39.368904,48.519786,0],[39.370697,48.51964,0],[39.374336,48.519407,0],[39.378266,48.519112,0],[39.382416,48.518751,0],[39.384093,48.518635,0],[39.384319,48.518573,0],[39.384768,48.518531,0],[39.389453,48.518179,0],[39.391281,48.518092,0],[39.402155,48.518042,0],[39.403155,48.517969,0],[39.404352,48.51781,0],[39.4057,48.517528,0],[39.40663,48.517281,0],[39.407296,48.517067,0],[39.407441,48.517002,0],[39.408304,48.516687,0],[39.40902,48.51639,0],[39.412796,48.514584,0],[39.414279,48.51391,0],[39.416912,48.512809,0],[39.417091,48.512791,0],[39.417735,48.512524,0],[39.418467,48.512206,0],[39.421804,48.510686,0],[39.422615,48.510345,0],[39.423508,48.509999,0],[39.424373,48.509696,0],[39.425824,48.509265,0],[39.426754,48.509063,0],[39.42868,48.508701,0],[39.429759,48.508575,0],[39.432849,48.508392,0],[39.438938,48.508575,0],[39.449952,48.508746,0],[39.459935,48.50873,0],[39.462782,48.508379,0],[39.465882,48.507691,0],[39.467169,48.50717,0],[39.46829,48.506829,0],[39.478119,48.503029,0],[39.481394,48.501609,0],[39.482254,48.501046,0],[39.482984,48.500499,0],[39.483663,48.499861,0],[39.484505,48.498928,0],[39.487584,48.494467,0],[39.487949,48.493568,0],[39.488212,48.49245,0],[39.488811,48.488239,0],[39.48907,48.4873,0],[39.489841,48.485931,0],[39.493789,48.48035,0],[39.495159,48.478534,0],[39.495681,48.478031,0],[39.496448,48.47734,0],[39.497478,48.476661,0],[39.499885,48.475463,0],[39.512241,48.471759,0],[39.514041,48.470989,0],[39.514728,48.470649,0],[39.51696,48.469192,0],[39.518249,48.467899,0],[39.519191,48.466358,0],[39.519538,48.465408,0],[39.526748,48.444126,0],[39.53379,48.432621,0],[39.534732,48.43151,0],[39.536281,48.430221,0],[39.537471,48.429531,0],[39.5428,48.427051,0],[39.543739,48.426441,0],[39.5694,48.405498,0],[39.574806,48.40113,0],[39.575244,48.400867,0],[39.576961,48.400009,0],[39.579448,48.399147,0],[39.588199,48.396488,0],[39.58889,48.39632,0],[39.59584,48.39529,0],[39.59653,48.395118,0],[39.597038,48.394859,0],[39.60091,48.390571,0],[39.61618,48.37812,0],[39.619006,48.375457,0],[39.620073,48.374288,0],[39.622015,48.372289,0],[39.62422,48.370299,0],[39.62717,48.367839,0],[39.628974,48.366195,0],[39.630779,48.364467,0],[39.63264,48.362785,0],[39.633167,48.362197,0],[39.633552,48.361698,0],[39.633941,48.361122,0],[39.634197,48.36063,0],[39.634338,48.360286,0],[39.634658,48.359214,0],[39.63475,48.358421,0],[39.634792,48.35741,0],[39.634819,48.353763,0],[39.634922,48.349407,0],[39.635009,48.349018,0],[39.635116,48.348705,0],[39.635223,48.348442,0],[39.635372,48.348159,0],[39.635784,48.347621,0],[39.63607,48.34732,0],[39.636535,48.346923,0],[39.636787,48.346736,0],[39.637157,48.346504,0],[39.63816,48.346,0],[39.64159,48.344902,0],[39.646091,48.343395,0],[39.657848,48.339595,0],[39.659057,48.339225,0],[39.660503,48.338882,0],[39.66109,48.338764,0],[39.662178,48.338619,0],[39.663494,48.338512,0],[39.664405,48.338497,0],[39.665454,48.338527,0],[39.671958,48.338851,0],[39.676319,48.339038,0],[39.68357,48.33937,0],[39.683911,48.339397,0],[39.684166,48.339427,0],[39.68481,48.339542,0],[39.68618,48.339885,0],[39.687725,48.34053,0],[39.688358,48.340778,0],[39.688758,48.340885,0],[39.689197,48.340969,0],[39.689594,48.341018,0],[39.690139,48.341033,0],[39.690456,48.340995,0],[39.690765,48.340934,0],[39.691207,48.340808,0],[39.691627,48.340644,0],[39.692047,48.34045,0],[39.692306,48.340282,0],[39.692607,48.339988,0],[39.694465,48.337718,0],[39.696849,48.334854,0],[39.699707,48.331363,0],[39.701812,48.328723,0],[39.706478,48.322994,0],[39.70977,48.318878,0],[39.710601,48.317909,0],[39.711368,48.317173,0],[39.711586,48.317028,0],[39.711814,48.316894,0],[39.712722,48.316467,0],[39.714611,48.315498,0],[39.715206,48.315097,0],[39.715454,48.314838,0],[39.715984,48.314189,0],[39.716224,48.313819,0],[39.717144,48.312564,0],[39.718483,48.310623,0],[39.718864,48.310115,0],[39.720768,48.307983,0],[39.723999,48.304458,0],[39.724926,48.303367,0],[39.72528,48.302902,0],[39.726341,48.301128,0],[39.727142,48.299732,0],[39.728309,48.297863,0],[39.729511,48.295887,0],[39.729686,48.295726,0],[39.730651,48.29507,0],[39.731788,48.294326,0],[39.733711,48.292991,0],[39.735515,48.291782,0],[39.73817,48.289958,0],[39.738315,48.289787,0],[39.738449,48.289516,0],[39.738563,48.28918,0],[39.738639,48.288398,0],[39.738685,48.288284,0],[39.739204,48.28791,0],[39.739501,48.287738,0],[39.740055,48.287498,0],[39.744827,48.285774,0],[39.746437,48.285163,0],[39.746715,48.285125,0],[39.747467,48.285186,0],[39.748691,48.285484,0],[39.749145,48.285568,0],[39.749427,48.285591,0],[39.749729,48.285587,0],[39.749977,48.285549,0],[39.751838,48.284744,0],[39.755233,48.28321,0],[39.756687,48.282577,0],[39.756889,48.282531,0],[39.757114,48.282524,0],[39.757305,48.282535,0],[39.762615,48.282657,0],[39.763629,48.282714,0],[39.766372,48.28273,0],[39.767532,48.282684,0],[39.76836,48.282669,0],[39.769214,48.28276,0],[39.769733,48.282775,0],[39.770458,48.282783,0],[39.771194,48.282684,0],[39.773548,48.282199,0],[39.774391,48.281913,0],[39.77502,48.28165,0],[39.775222,48.281593,0],[39.776664,48.281337,0],[39.777229,48.281284,0],[39.777706,48.281265,0],[39.778781,48.281246,0],[39.780502,48.28133,0],[39.781215,48.28141,0],[39.782421,48.281597,0],[39.782852,48.28165,0],[39.78342,48.281692,0],[39.789314,48.282024,0],[39.790676,48.282081,0],[39.791698,48.282154,0],[39.792373,48.282169,0],[39.793804,48.282142,0],[39.798717,48.282096,0],[39.811916,48.282241,0],[39.81792,48.28239,0],[39.820793,48.282444,0],[39.822048,48.282459,0],[39.823104,48.282413,0],[39.823749,48.28236,0],[39.824459,48.282245,0],[39.827343,48.281654,0],[39.830669,48.281021,0],[39.831928,48.280799,0],[39.832489,48.280731,0],[39.833034,48.280689,0],[39.836147,48.280555,0],[39.840675,48.28038,0],[39.84259,48.280292,0],[39.843044,48.280254,0],[39.843593,48.280159,0],[39.843887,48.280094,0],[39.844417,48.279933,0],[39.844582,48.279917,0],[39.84509,48.279774,0],[39.84705,48.279124,0],[39.847454,48.279021,0],[39.847808,48.278959,0],[39.848537,48.278862,0],[39.849435,48.278818,0],[39.850002,48.278835,0],[39.85601,48.278678,0],[39.861293,48.278381,0],[39.862372,48.278339,0],[39.862841,48.278344,0],[39.863536,48.278375,0],[39.864438,48.278522,0],[39.865,48.278668,0],[39.865688,48.278945,0],[39.86676,48.279323,0],[39.86905,48.279998,0],[39.86977,48.280368,0],[39.871368,48.280933,0],[39.872145,48.281044,0],[39.872961,48.281233,0],[39.873244,48.281284,0],[39.873593,48.281324,0],[39.873986,48.281345,0],[39.874523,48.281347,0],[39.877952,48.281284,0],[39.881088,48.281177,0],[39.885959,48.281066,0],[39.886276,48.28104,0],[39.887661,48.28083,0],[39.889049,48.280586,0],[39.889602,48.280513,0],[39.889881,48.280506,0],[39.891071,48.280529,0],[39.891281,48.280517,0],[39.891704,48.280452,0],[39.893188,48.280284,0],[39.894828,48.28017,0],[39.897125,48.280109,0],[39.897415,48.28012,0],[39.897537,48.280136,0],[39.897804,48.280254,0],[39.897884,48.280361,0],[39.897956,48.280563,0],[39.898014,48.280883,0],[39.897991,48.281085,0],[39.897922,48.281295,0],[39.897645,48.2816,0],[39.896424,48.282683,0],[39.895445,48.283604,0],[39.895338,48.283745,0],[39.89517,48.284282,0],[39.895139,48.28447,0],[39.895147,48.284781,0],[39.895254,48.285655,0],[39.895301,48.286426,0],[39.895504,48.287364,0],[39.895599,48.287544,0],[39.89566,48.28759,0],[39.895797,48.287654,0],[39.895931,48.287696,0],[39.896087,48.287723,0],[39.897655,48.287647,0],[39.898372,48.287689,0],[39.899028,48.287776,0],[39.899429,48.287792,0],[39.90142,48.287719,0],[39.901683,48.287727,0],[39.901878,48.287769,0],[39.902084,48.287845,0],[39.903308,48.288677,0],[39.903946,48.289023,0],[39.904069,48.289073,0],[39.904407,48.289149,0],[39.90593,48.289295,0],[39.906886,48.289429,0],[39.907435,48.289536,0],[39.907909,48.289687,0],[39.908026,48.289743,0],[39.908683,48.290146,0],[39.909184,48.290487,0],[39.91,48.291008,0]]},"properties":{"name":"M 04","tessellate":true,"description":"M 04"}},
{"type":"Feature","geometry":{"type":"LineString","coordinates":[[37.808671,47.991176,0],[37.809528,47.991222,0],[37.810783,47.991241,0],[37.814468,47.99126,0],[37.815708,47.991283,0],[37.818176,47.991294,0],[37.821983,47.99134,0],[37.822578,47.991329,0],[37.824714,47.991359,0],[37.826908,47.991371,0],[37.827339,47.991394,0],[37.827503,47.991428,0],[37.827594,47.991466,0],[37.833629,47.991611,0],[37.837455,47.991676,0],[37.841651,47.991798,0],[37.841831,47.991828,0],[37.842437,47.991973,0],[37.842861,47.992,0],[37.843898,47.991973,0],[37.844444,47.991943,0],[37.844642,47.991954,0],[37.844776,47.991973,0],[37.844894,47.992008,0],[37.846099,47.992481,0],[37.846324,47.992519,0],[37.846557,47.99253,0],[37.85234,47.99266,0],[37.855041,47.99274,0],[37.856117,47.992755,0],[37.856605,47.992786,0],[37.857341,47.992904,0],[37.857727,47.992931,0],[37.858425,47.992954,0],[37.86127,47.992919,0],[37.862587,47.992919,0],[37.865306,47.992946,0],[37.86618,47.992973,0],[37.870716,47.992984,0],[37.871467,47.993003,0],[37.872182,47.99309,0],[37.872005,47.993313,0],[37.871913,47.993522,0],[37.871776,47.994701,0],[37.871761,47.995151,0],[37.871631,47.996776,0],[37.871421,47.998973,0],[37.871269,48.001235,0],[37.871101,48.002407,0],[37.871192,48.003044,0],[37.871322,48.003124,0],[37.871379,48.003204,0],[37.871402,48.003284,0],[37.87183,48.003753,0],[37.873691,48.005641,0],[37.874549,48.006237,0],[37.874881,48.006416,0],[37.876316,48.007045,0],[37.878799,48.00806,0],[37.889301,48.012012,0],[37.889591,48.012142,0],[37.8911,48.012691,0],[37.894126,48.013843,0],[37.913318,48.021015,0],[37.91547,48.021797,0],[37.917732,48.022645,0],[37.918076,48.022743,0],[37.918654,48.023072,0],[37.918751,48.023068,0],[37.918877,48.023113,0],[37.918938,48.023187,0],[37.918933,48.023271,0],[37.91916,48.023484,0],[37.919667,48.023821,0],[37.923512,48.025495,0],[37.93607,48.031031,0],[37.936661,48.031266,0],[37.93718,48.031445,0],[37.937504,48.031529,0],[37.937909,48.031608,0],[37.943799,48.032645,0],[37.952966,48.033809,0],[37.953695,48.033944,0],[37.954387,48.034101,0],[37.955057,48.034291,0],[37.955541,48.034457,0],[37.956998,48.035035,0],[37.958885,48.035814,0],[37.959311,48.036033,0],[37.963138,48.038111,0],[37.967634,48.040522,0],[37.971086,48.042522,0],[37.971226,48.04259,0],[37.971371,48.042649,0],[37.971746,48.04275,0],[37.972516,48.042882,0],[37.973025,48.043015,0],[37.973354,48.043136,0],[37.977848,48.045143,0],[37.978626,48.045466,0],[37.979465,48.045771,0],[37.980284,48.046026,0],[37.981504,48.046365,0],[37.981801,48.046416,0],[37.982435,48.046562,0],[37.983014,48.046664,0],[37.983722,48.046755,0],[37.984696,48.046856,0],[37.985661,48.046913,0],[37.986868,48.046931,0],[37.988081,48.046908,0],[37.988928,48.046874,0],[37.989642,48.046791,0],[37.990594,48.046626,0],[37.991841,48.046386,0],[37.997973,48.045153,0],[37.9983,48.045106,0],[37.9986,48.045087,0],[37.999582,48.045103,0],[37.999767,48.045092,0],[38.002439,48.044354,0],[38.002634,48.044322,0],[38.003124,48.044281,0],[38.003506,48.04431,0],[38.00456,48.044531,0],[38.004984,48.0446,0],[38.005343,48.044636,0],[38.005943,48.044663,0],[38.020739,48.045022,0],[38.027582,48.045284,0],[38.034848,48.045543,0],[38.035225,48.045555,0],[38.035687,48.045516,0],[38.046314,48.045922,0],[38.046782,48.045899,0],[38.046884,48.045838,0],[38.046979,48.045812,0],[38.047081,48.045806,0],[38.047175,48.045819,0],[38.047907,48.045712,0],[38.053381,48.044423,0],[38.054342,48.044225,0],[38.055132,48.0441,0],[38.055813,48.04403,0],[38.056537,48.043986,0],[38.057461,48.043977,0],[38.058239,48.044014,0],[38.058699,48.044055,0],[38.080366,48.046302,0],[38.082181,48.046438,0],[38.088108,48.046702,0],[38.089272,48.046723,0],[38.089495,48.04676,0],[38.090756,48.046569,0],[38.091504,48.04642,0],[38.092266,48.046236,0],[38.093221,48.045929,0],[38.093647,48.045766,0],[38.09435,48.045459,0],[38.094849,48.045201,0],[38.095433,48.044857,0],[38.095935,48.044519,0],[38.096316,48.044234,0],[38.096675,48.043933,0],[38.097141,48.043482,0],[38.097691,48.042833,0],[38.097854,48.042605,0],[38.098122,48.042167,0],[38.098471,48.041466,0],[38.098552,48.041258,0],[38.09869,48.040758,0],[38.098805,48.04,0],[38.098822,48.039605,0],[38.098806,48.039226,0],[38.098311,48.033706,0],[38.098344,48.033203,0],[38.098442,48.032799,0],[38.098605,48.032409,0],[38.098899,48.031955,0],[38.099155,48.031652,0],[38.099514,48.031325,0],[38.099748,48.031144,0],[38.100206,48.030839,0],[38.100642,48.030616,0],[38.100924,48.030493,0],[38.101314,48.030349,0],[38.101872,48.030195,0],[38.102532,48.030071,0],[38.103047,48.030013,0],[38.103554,48.029976,0],[38.120442,48.029245,0],[38.121219,48.02919,0],[38.121962,48.02911,0],[38.123841,48.028799,0],[38.130946,48.027548,0],[38.131796,48.027393,0],[38.132241,48.027271,0],[38.13355,48.027035,0],[38.144714,48.02504,0],[38.157964,48.022647,0],[38.159879,48.022317,0],[38.161126,48.022159,0],[38.162475,48.022048,0],[38.164549,48.021942,0],[38.167689,48.02183,0],[38.168601,48.021786,0],[38.169717,48.021703,0],[38.170637,48.021597,0],[38.1713,48.021504,0],[38.174792,48.020946,0],[38.178955,48.020429,0],[38.183166,48.01974,0],[38.187591,48.019073,0],[38.190708,48.018556,0],[38.195558,48.017788,0],[38.196031,48.017638,0],[38.208797,48.015587,0],[38.211106,48.015228,0],[38.211604,48.015143,0],[38.212368,48.014978,0],[38.219006,48.013397,0],[38.219775,48.013245,0],[38.222946,48.012473,0],[38.224803,48.012086,0],[38.227882,48.01134,0],[38.228203,48.011269,0],[38.228444,48.011241,0],[38.228911,48.011209,0],[38.229161,48.011209,0],[38.22945,48.011219,0],[38.229858,48.011256,0],[38.230167,48.011306,0],[38.231765,48.011497,0],[38.244461,48.013156,0],[38.247333,48.013549,0],[38.248504,48.013687,0],[38.248874,48.013675,0],[38.249122,48.013599,0],[38.249256,48.013526,0],[38.249355,48.01345,0],[38.251796,48.010692,0],[38.253311,48.009029,0],[38.253566,48.008815,0],[38.253665,48.00875,0],[38.253902,48.00867,0],[38.254478,48.008594,0],[38.254894,48.008522,0],[38.255256,48.008403,0],[38.255428,48.008331,0],[38.25571,48.00819,0],[38.258831,48.006278,0],[38.259189,48.006084,0],[38.259449,48.005977,0],[38.259773,48.005977,0],[38.260047,48.006031,0],[38.263256,48.006908,0],[38.265926,48.007518,0],[38.267154,48.007816,0],[38.268016,48.007987,0],[38.268303,48.008078,0],[38.269902,48.008438,0],[38.271775,48.008895,0],[38.273122,48.009217,0],[38.27458,48.009536,0],[38.275756,48.009788,0],[38.276605,48.009919,0],[38.277891,48.010209,0],[38.278115,48.010241,0],[38.278886,48.01044,0],[38.280008,48.010678,0],[38.280338,48.010765,0],[38.281051,48.010906,0],[38.281243,48.010886,0],[38.291502,48.012765,0],[38.292534,48.013032,0],[38.29339,48.013301,0],[38.294248,48.013627,0],[38.294681,48.013817,0],[38.297115,48.014953,0],[38.309314,48.020439,0],[38.312076,48.021667,0],[38.319046,48.024822,0],[38.32331,48.026737,0],[38.326858,48.028282,0],[38.331363,48.030277,0],[38.339355,48.033901,0],[38.340076,48.034202,0],[38.340328,48.034286,0],[38.340778,48.03442,0],[38.341575,48.034599,0],[38.342205,48.03466,0],[38.342807,48.034694,0],[38.344306,48.03469,0],[38.381778,48.034156,0],[38.397548,48.03395,0],[38.400924,48.033882,0],[38.433528,48.033439,0],[38.43431,48.033458,0],[38.436424,48.033603,0],[38.453376,48.035556,0],[38.455342,48.035843,0],[38.456633,48.03589,0],[38.457938,48.03579,0],[38.464254,48.035404,0],[38.47041,48.034979,0],[38.480082,48.034386,0],[38.480421,48.034382,0],[38.481375,48.03421,0],[38.481456,48.034167,0],[38.481552,48.034156,0],[38.481674,48.034192,0],[38.482046,48.034205,0],[38.482261,48.034261,0],[38.498527,48.033232,0],[38.503446,48.032933,0],[38.509847,48.032515,0],[38.515439,48.032174,0],[38.521335,48.03216,0],[38.522436,48.032146,0],[38.524235,48.032176,0],[38.524791,48.032203,0],[38.540935,48.032157,0],[38.5512,48.03223,0],[38.563878,48.033043,0],[38.574372,48.03366,0],[38.576805,48.033831,0],[38.57974,48.034006,0],[38.58327,48.034241,0],[38.584143,48.034325,0],[38.584304,48.03429,0],[38.584471,48.034303,0],[38.58575,48.034128,0],[38.591055,48.0333,0],[38.59393,48.032494,0],[38.596082,48.031865,0],[38.598208,48.031221,0],[38.599245,48.030919,0],[38.599858,48.030758,0],[38.602316,48.028192,0],[38.602392,48.028089,0],[38.602921,48.027959,0],[38.607657,48.027049,0],[38.610847,48.02639,0],[38.61369,48.025451,0],[38.613807,48.025396,0],[38.614008,48.025191,0],[38.614199,48.024849,0],[38.614292,48.024735,0],[38.614398,48.024655,0],[38.614584,48.024564,0],[38.614833,48.024511,0],[38.615574,48.024426,0],[38.617084,48.024309,0],[38.62113,48.023502,0],[38.621804,48.023351,0],[38.623665,48.022822,0],[38.626686,48.022008,0],[38.626803,48.022016,0],[38.626944,48.022052,0],[38.627278,48.022165,0],[38.627933,48.022492,0],[38.628081,48.022586,0],[38.628599,48.022983,0],[38.629304,48.02358,0],[38.629666,48.023739,0],[38.631277,48.024197,0],[38.633198,48.024692,0],[38.633605,48.024699,0],[38.640482,48.022984,0],[38.644055,48.022137,0],[38.647331,48.02124,0],[38.648789,48.020643,0],[38.649077,48.020448,0],[38.649854,48.019822,0],[38.650298,48.019576,0],[38.650915,48.019372,0],[38.652631,48.018857,0],[38.656693,48.017708,0],[38.660951,48.01654,0],[38.661154,48.016465,0],[38.661241,48.016419,0],[38.661636,48.016127,0],[38.662029,48.015805,0],[38.662286,48.015545,0],[38.662565,48.015221,0],[38.663814,48.014018,0],[38.664743,48.013411,0],[38.665647,48.012882,0],[38.665815,48.012804,0],[38.666762,48.012237,0],[38.667055,48.012108,0],[38.667508,48.011939,0],[38.671736,48.01008,0],[38.679234,48.006837,0],[38.679373,48.006803,0],[38.679556,48.006788,0],[38.679789,48.006824,0],[38.679908,48.006853,0],[38.680443,48.007071,0],[38.681076,48.007282,0],[38.681398,48.00732,0],[38.681558,48.007325,0],[38.681736,48.00732,0],[38.684243,48.007079,0],[38.686776,48.006946,0],[38.687967,48.007084,0],[38.69188,48.007776,0],[38.695616,48.008542,0],[38.700611,48.00967,0],[38.703298,48.010819,0],[38.70468,48.011385,0],[38.705668,48.011817,0],[38.706792,48.012157,0],[38.708857,48.012718,0],[38.711988,48.013545,0],[38.71555,48.014448,0],[38.721789,48.016081,0],[38.726911,48.017445,0],[38.729067,48.017956,0],[38.735653,48.021551,0],[38.73987,48.022937,0],[38.742795,48.024125,0],[38.743245,48.024505,0],[38.743965,48.030624,0],[38.747005,48.039989,0],[38.746175,48.041652,0],[38.745239,48.04383,0],[38.745156,48.044121,0],[38.745128,48.044361,0],[38.745276,48.044814,0],[38.747271,48.047774,0],[38.748531,48.049163,0],[38.749111,48.049592,0],[38.749345,48.049691,0],[38.749595,48.049783,0],[38.7503,48.049999,0],[38.754129,48.050458,0],[38.755241,48.050621,0],[38.760849,48.051313,0],[38.758764,48.058222,0],[38.758579,48.058392,0],[38.756408,48.058816,0],[38.755887,48.058948,0],[38.755751,48.059047,0],[38.755693,48.059177,0],[38.75594,48.061108,0],[38.755795,48.06176,0],[38.755804,48.061917,0],[38.755949,48.062146,0],[38.756157,48.062341,0],[38.756392,48.062528,0],[38.756618,48.062607,0],[38.757006,48.062663,0],[38.757907,48.062642,0],[38.760731,48.062387,0],[38.765677,48.061905,0],[38.768063,48.061888,0],[38.77065,48.062118,0],[38.776891,48.063489,0],[38.782077,48.064595,0],[38.793131,48.066983,0],[38.796765,48.068596,0],[38.806275,48.072635,0],[38.809825,48.07418,0],[38.815996,48.076896,0],[38.817986,48.077732,0],[38.81867,48.077929,0],[38.819362,48.078066,0],[38.82019,48.07815,0],[38.820916,48.078173,0],[38.82186,48.078135,0],[38.822543,48.078074,0],[38.825741,48.07757,0],[38.826051,48.077567,0],[38.826218,48.077582,0],[38.826607,48.077694,0],[38.826834,48.077833,0],[38.827271,48.078223,0],[38.827557,48.078505,0],[38.827979,48.078868,0],[38.828482,48.079169,0],[38.829208,48.07957,0],[38.829398,48.079701,0],[38.829477,48.079775,0],[38.829621,48.079984,0],[38.82992,48.080899,0],[38.829919,48.080965,0],[38.829839,48.0811,0],[38.829434,48.081407,0],[38.826697,48.082988,0],[38.82644,48.083144,0],[38.826271,48.083293,0],[38.826134,48.083468,0],[38.826068,48.083629,0],[38.826048,48.083747,0],[38.826085,48.083976,0],[38.826184,48.084162,0],[38.826308,48.084307,0],[38.826571,48.084479,0],[38.827011,48.084649,0],[38.827616,48.084832,0],[38.828106,48.084965,0],[38.828665,48.085079,0],[38.832918,48.08562,0],[38.833562,48.085672,0],[38.836729,48.085829,0],[38.841809,48.086039,0],[38.843711,48.086098,0],[38.844025,48.08613,0],[38.84429,48.086187,0],[38.844612,48.0863,0],[38.845072,48.086545,0],[38.845779,48.086956,0],[38.847916,48.088334,0],[38.849486,48.089303,0],[38.850451,48.089998,0],[38.851511,48.090668,0],[38.853021,48.091557,0],[38.853549,48.091847,0],[38.85478,48.092476,0],[38.858664,48.094409,0],[38.861472,48.095767,0],[38.862116,48.096105,0],[38.862221,48.096131,0],[38.862315,48.096131,0],[38.863336,48.096023,0],[38.863648,48.095951,0],[38.86499,48.095489,0],[38.866303,48.094891,0],[38.866971,48.094545,0],[38.867695,48.093889,0],[38.867971,48.093624,0],[38.868259,48.093257,0],[38.8695,48.091903,0],[38.871069,48.091166,0],[38.871522,48.09098,0],[38.871893,48.090856,0],[38.873236,48.09048,0],[38.873765,48.09031,0],[38.875465,48.089821,0],[38.875554,48.089817,0],[38.875629,48.089833,0],[38.875742,48.08991,0],[38.875806,48.089982,0],[38.876227,48.091147,0],[38.876359,48.091259,0],[38.876485,48.091306,0],[38.87903,48.09184,0],[38.881597,48.092304,0],[38.883598,48.092637,0],[38.884891,48.09287,0],[38.88561,48.092977,0],[38.88593,48.092977,0],[38.886132,48.092949,0],[38.886287,48.092919,0],[38.886647,48.092814,0],[38.888534,48.092137,0],[38.889805,48.091614,0],[38.890558,48.091347,0],[38.891012,48.091234,0],[38.891521,48.091173,0],[38.895697,48.090837,0],[38.899283,48.090641,0],[38.902904,48.090371,0],[38.903197,48.090371,0],[38.903385,48.090387,0],[38.903607,48.090416,0],[38.904031,48.090507,0],[38.905659,48.091061,0],[38.908333,48.091928,0],[38.908609,48.092021,0],[38.908752,48.092089,0],[38.908974,48.092248,0],[38.909122,48.092478,0],[38.909141,48.092616,0],[38.909122,48.093526,0],[38.909153,48.093906,0],[38.90924,48.09447,0],[38.909259,48.094833,0],[38.909233,48.095039,0],[38.909042,48.095478,0],[38.908855,48.095836,0],[38.908264,48.09719,0],[38.908172,48.097553,0],[38.908172,48.097763,0],[38.908329,48.098457,0],[38.908497,48.098884,0],[38.90932,48.101782,0],[38.909953,48.103849,0],[38.910093,48.104426,0],[38.910114,48.104587,0],[38.910114,48.104759,0],[38.909614,48.107681,0],[38.909468,48.10921,0],[38.909411,48.110218,0],[38.909347,48.110873,0],[38.909347,48.111131,0],[38.909352,48.111389,0],[38.909385,48.111629,0],[38.909508,48.112181,0],[38.909658,48.112514,0],[38.910484,48.113911,0],[38.91115,48.114914,0],[38.911294,48.115096,0],[38.911538,48.115336,0],[38.911801,48.11552,0],[38.913175,48.116276,0],[38.916155,48.117827,0],[38.916576,48.118081,0],[38.916804,48.118251,0],[38.917002,48.118463,0],[38.917104,48.118618,0],[38.917564,48.12054,0],[38.917617,48.120872,0],[38.917606,48.121078,0],[38.917327,48.12186,0],[38.917285,48.12218,0],[38.917453,48.122509,0],[38.918273,48.123779,0],[38.91835,48.123973,0],[38.918441,48.124267,0],[38.918991,48.126697,0],[38.919234,48.128552,0],[38.919365,48.130256,0],[38.919821,48.134663,0],[38.919837,48.135211,0],[38.919239,48.13522,0],[38.918727,48.135301,0],[38.917426,48.135661,0],[38.917096,48.135804,0],[38.916965,48.135879,0],[38.916865,48.135947,0],[38.916659,48.136137,0],[38.914543,48.138107,0],[38.912727,48.13986,0],[38.912649,48.139978,0],[38.912651,48.140128,0],[38.912778,48.140338,0],[38.912941,48.140422,0],[38.9131,48.140452,0],[38.913298,48.140481,0],[38.914832,48.140542,0],[38.915594,48.140588,0],[38.916074,48.140662,0],[38.916318,48.140722,0],[38.916519,48.140807,0],[38.916726,48.140916,0],[38.916892,48.141036,0],[38.917514,48.141535,0],[38.918674,48.142127,0],[38.920004,48.142713,0],[38.920475,48.142953,0],[38.921439,48.143507,0],[38.923042,48.144622,0],[38.923144,48.144737,0],[38.92316,48.144807,0],[38.923158,48.145213,0],[38.92304,48.145918,0],[38.923021,48.146482,0],[38.923088,48.146765,0],[38.923305,48.147212,0],[38.923555,48.147863,0],[38.923665,48.14837,0],[38.923718,48.149145,0],[38.923748,48.149241,0],[38.923844,48.149392,0],[38.92389,48.149617,0],[38.924057,48.151805,0],[38.924255,48.155109,0],[38.924432,48.156957,0],[38.924429,48.15751,0],[38.924351,48.157999,0],[38.92441,48.159294,0],[38.924512,48.160636,0],[38.924532,48.161841,0],[38.924794,48.16547,0],[38.924936,48.166969,0],[38.925081,48.167738,0],[38.925371,48.168851,0],[38.925869,48.170509,0],[38.926127,48.1715,0],[38.929599,48.183471,0],[38.929855,48.184638,0],[38.929988,48.185558,0],[38.930027,48.186462,0],[38.930038,48.187637,0],[38.929714,48.204891,0],[38.929649,48.207183,0],[38.929641,48.208419,0],[38.92958,48.210216,0],[38.929569,48.212501,0],[38.929473,48.216144,0],[38.929447,48.218788,0],[38.929335,48.222911,0],[38.929314,48.225293,0],[38.92934,48.225505,0],[38.929454,48.226146,0],[38.929588,48.226669,0],[38.929695,48.226993,0],[38.929897,48.227489,0],[38.930553,48.228725,0],[38.9323,48.231819,0],[38.933185,48.233425,0],[38.934764,48.23616,0],[38.935153,48.236961,0],[38.935298,48.237457,0],[38.935405,48.238101,0],[38.935413,48.238395,0],[38.935386,48.238746,0],[38.935287,48.239299,0],[38.934928,48.240318,0],[38.933765,48.243358,0],[38.933357,48.244625,0],[38.932907,48.245704,0],[38.932407,48.246986,0],[38.932178,48.247779,0],[38.932151,48.248142,0],[38.932167,48.248229,0],[38.932231,48.248432,0],[38.932392,48.24876,0],[38.932605,48.249038,0],[38.932945,48.24942,0],[38.937793,48.254699,0],[38.939247,48.256248,0],[38.943748,48.261119,0],[38.947368,48.265083,0],[38.950004,48.267921,0],[38.953998,48.272266,0],[38.9552,48.27346,0],[38.955814,48.274002,0],[38.956668,48.274707,0],[38.957893,48.275646,0],[38.959293,48.276588,0],[38.962604,48.278526,0],[38.971427,48.283748,0],[38.975936,48.286399,0],[38.977207,48.287128,0],[38.985225,48.291885,0],[38.987271,48.293037,0],[38.989541,48.294418,0],[38.997617,48.299118,0],[38.998787,48.299849,0],[38.999495,48.300241,0],[39.000879,48.300881,0],[39.002371,48.30148,0],[39.004882,48.3026,0],[39.011498,48.30546,0],[39.014203,48.306658,0],[39.017658,48.308075,0],[39.018091,48.308321,0],[39.018322,48.308497,0],[39.018452,48.308627,0],[39.018685,48.308925,0],[39.01879,48.309158,0],[39.018827,48.309384,0],[39.018826,48.309587,0],[39.018741,48.310023,0],[39.01752,48.31332,0],[39.017456,48.31383,0],[39.017526,48.314144,0],[39.017681,48.314441,0],[39.017917,48.314847,0],[39.018207,48.315186,0],[39.018588,48.315428,0],[39.01897,48.315639,0],[39.021077,48.316431,0],[39.027649,48.31881,0],[39.02951,48.319677,0],[39.030492,48.320276,0],[39.031468,48.320911,0],[39.032471,48.3217,0],[39.033367,48.322538,0],[39.046699,48.33538,0],[39.049686,48.338073,0],[39.050559,48.338806,0],[39.051486,48.339523,0],[39.05241,48.340175,0],[39.053264,48.34074,0],[39.053848,48.341094,0],[39.085151,48.361991,0],[39.096976,48.369899,0],[39.109068,48.37784,0],[39.112194,48.379864,0],[39.114285,48.381246,0],[39.115849,48.382211,0],[39.117019,48.382839,0],[39.119844,48.384046,0],[39.123268,48.385082,0],[39.145936,48.390929,0],[39.15459,48.393058,0],[39.15596,48.393829,0],[39.160917,48.39255,0],[39.162029,48.39345,0],[39.162239,48.393758,0],[39.162302,48.393893,0],[39.162507,48.394132,0],[39.162853,48.394405,0],[39.163289,48.394657,0],[39.164209,48.395005,0],[39.166023,48.395923,0],[39.167484,48.396715,0],[39.168657,48.397267,0],[39.170808,48.39841,0],[39.171215,48.398531,0],[39.171655,48.398574,0],[39.172299,48.398596,0],[39.175525,48.398532,0],[39.175598,48.398035,0],[39.175768,48.397558,0],[39.176035,48.397075,0],[39.176323,48.396606,0],[39.178094,48.396998,0],[39.179928,48.397262,0],[39.189423,48.3987,0],[39.196022,48.399648,0],[39.195261,48.401832,0],[39.200238,48.402533,0],[39.203628,48.402697,0],[39.206682,48.403785,0],[39.208899,48.404686,0],[39.210602,48.405282,0],[39.214658,48.406913,0],[39.218909,48.409195,0],[39.218998,48.409206,0],[39.220558,48.409192,0],[39.221019,48.410221,0],[39.221184,48.410445,0],[39.2222,48.411264,0],[39.222542,48.411461,0],[39.223163,48.411658,0],[39.223776,48.411797,0],[39.224985,48.412022,0],[39.234241,48.413658,0],[39.235813,48.414016,0],[39.236394,48.414212,0],[39.237362,48.414567,0],[39.238025,48.414888,0],[39.238845,48.415316,0],[39.248019,48.420487,0],[39.256255,48.425022,0],[39.257542,48.425662,0],[39.258044,48.42589,0],[39.259023,48.426235,0],[39.259346,48.426327,0],[39.26085,48.426702,0],[39.262916,48.427151,0],[39.264447,48.427556,0],[39.265862,48.428003,0],[39.266219,48.428162,0],[39.266531,48.428333,0],[39.266851,48.428538,0],[39.268135,48.429451,0],[39.268701,48.430108,0],[39.269114,48.430646,0],[39.26934,48.430985,0],[39.271224,48.434429,0],[39.27764,48.448485,0],[39.28303,48.460283,0],[39.282877,48.460415,0],[39.282877,48.460499,0],[39.282914,48.46062,0],[39.283708,48.46234,0],[39.283763,48.462897,0]]},"properties":{"name":"н 21","tessellate":true}},
{"type":"Feature","geometry":{"type":"LineString","coordinates":[[39.263966,48.726226,0],[39.266769,48.723655,0],[39.268291,48.722217,0],[39.26934,48.721275,0],[39.269771,48.720909,0],[39.270008,48.720737,0],[39.270481,48.720329,0],[39.271102,48.719902,0],[39.271961,48.719387,0],[39.272903,48.718914,0],[39.274814,48.718036,0],[39.281639,48.714988,0],[39.282966,48.714366,0],[39.283588,48.714023,0],[39.283935,48.713851,0],[39.28477,48.713314,0],[39.285648,48.712669,0],[39.286399,48.711875,0],[39.286701,48.711448,0],[39.28696,48.711017,0],[39.287193,48.710544,0],[39.28741,48.710033,0],[39.287582,48.709472,0],[39.287689,48.708702,0],[39.287601,48.707649,0],[39.287494,48.707176,0],[39.287387,48.706813,0],[39.286914,48.705867,0],[39.286678,48.705459,0],[39.28638,48.705032,0],[39.28593,48.704517,0],[39.285156,48.703807,0],[39.283718,48.702735,0],[39.281917,48.701511,0],[39.281444,48.701126,0],[39.279685,48.699901,0],[39.276489,48.697563,0],[39.276035,48.6972,0],[39.274063,48.695438,0],[39.27256,48.694194,0],[39.271896,48.693614,0],[39.271358,48.693058,0],[39.270996,48.692607,0],[39.270629,48.69207,0],[39.270471,48.69173,0],[39.270351,48.691448,0],[39.270221,48.690868,0],[39.270202,48.690113,0],[39.270538,48.688232,0],[39.270973,48.686042,0],[39.271358,48.683876,0],[39.271808,48.681598,0],[39.271961,48.680976,0],[39.272197,48.680442,0],[39.272666,48.679519,0],[39.274127,48.677009,0],[39.275501,48.67456,0],[39.276294,48.673233,0],[39.276767,48.672546,0],[39.27964,48.669174,0],[39.280372,48.668361,0],[39.2817,48.666816,0],[39.282344,48.666107,0],[39.283462,48.664714,0],[39.284072,48.663703,0],[39.284362,48.663082,0],[39.285263,48.661106,0],[39.285736,48.659992,0],[39.286079,48.659305,0],[39.286445,48.658447,0],[39.286678,48.657783,0],[39.28696,48.655788,0],[39.287582,48.650981,0],[39.287818,48.648083,0],[39.288116,48.643912,0],[39.288566,48.638511,0],[39.288513,48.637229,0],[39.287731,48.6301,0],[39.287574,48.628395,0],[39.287494,48.627182,0],[39.287429,48.624393,0],[39.28741,48.621048,0],[39.2873,48.618129,0],[39.287323,48.617671,0],[39.287323,48.615467,0],[39.2873,48.61478,0],[39.2873,48.612762,0],[39.287281,48.611885,0],[39.287258,48.611732,0],[39.287216,48.610794,0],[39.287258,48.609375,0],[39.287216,48.608066,0],[39.287132,48.607486,0],[39.286872,48.606628,0],[39.286502,48.605651,0],[39.28638,48.605381,0],[39.286056,48.604801,0],[39.285823,48.604461,0],[39.283138,48.60094,0],[39.282432,48.600082,0],[39.281185,48.598495,0],[39.280586,48.597679,0],[39.279533,48.596305,0],[39.278869,48.595554,0],[39.27861,48.595317,0],[39.278263,48.595062,0],[39.277862,48.594825,0],[39.277496,48.594654,0],[39.275043,48.593705,0],[39.272584,48.592839,0],[39.272425,48.592769,0],[39.272215,48.592622,0],[39.272056,48.592444,0],[39.272003,48.592358,0],[39.271955,48.592094,0],[39.272013,48.591855,0],[39.272056,48.591765,0],[39.272173,48.591567,0],[39.272353,48.591426,0],[39.273811,48.590698,0],[39.27412,48.59056,0],[39.274589,48.590408,0],[39.274665,48.590324,0],[39.275931,48.589345,0],[39.276864,48.58858,0],[39.278812,48.587126,0],[39.279718,48.586416,0],[39.280597,48.585824,0],[39.282469,48.584464,0],[39.282753,48.584274,0],[39.282794,48.584198,0],[39.282878,48.584121,0],[39.286357,48.581825,0],[39.286533,48.581686,0],[39.286981,48.581411,0],[39.287429,48.581088,0],[39.288307,48.580184,0],[39.289336,48.579031,0],[39.289549,48.578873,0],[39.289931,48.578655,0],[39.29145,48.577625,0],[39.292266,48.577115,0],[39.294017,48.575817,0],[39.295082,48.575173,0],[39.295913,48.574626,0],[39.296298,48.574844,0],[39.296401,48.574886,0],[39.296779,48.574989,0],[39.298465,48.575283,0],[39.304386,48.575775,0],[39.306709,48.575946,0],[39.307922,48.576011,0],[39.313945,48.576369,0],[39.314133,48.575563,0],[39.314247,48.57452,0],[39.314598,48.572708,0],[39.314723,48.571891,0],[39.31484,48.570913,0],[39.315211,48.5686,0],[39.315605,48.565605,0],[39.315906,48.563053,0],[39.315971,48.56221,0],[39.316078,48.561851,0],[39.316143,48.561744,0],[39.316612,48.561206,0],[39.320198,48.557559,0],[39.321971,48.555797,0],[39.32307,48.554618,0],[39.325035,48.552626,0],[39.326934,48.550735,0],[39.33406,48.543418,0],[39.335403,48.54207,0],[39.339462,48.537876,0],[39.343257,48.53403,0],[39.343391,48.533916,0],[39.343608,48.533782,0],[39.345516,48.532108,0],[39.346416,48.531379,0],[39.34867,48.529491,0],[39.351081,48.527393,0],[39.352653,48.526134,0],[39.353092,48.525802,0],[39.354122,48.524944,0],[39.355918,48.523563,0],[39.356609,48.523101,0],[39.35754,48.52256,0],[39.358139,48.52219,0],[39.358184,48.522117,0],[39.358325,48.522041,0],[39.358505,48.522029,0],[39.358615,48.52206,0],[39.359001,48.521972,0],[39.361543,48.521082,0],[39.362688,48.520739,0],[39.363607,48.520508,0],[39.364567,48.520316,0],[39.365555,48.52015,0],[39.366812,48.519995,0],[39.368904,48.519786,0],[39.370697,48.51964,0],[39.374336,48.519407,0],[39.378266,48.519112,0],[39.382416,48.518751,0],[39.384093,48.518635,0],[39.384319,48.518573,0],[39.384768,48.518531,0],[39.389453,48.518179,0],[39.391281,48.518092,0],[39.400028,48.518046,0],[39.400235,48.517995,0],[39.401244,48.517994,0],[39.401681,48.517958,0],[39.401975,48.517912,0],[39.402238,48.51786,0],[39.402459,48.51779,0],[39.402666,48.517705,0],[39.403002,48.517498,0],[39.403399,48.51715,0],[39.403647,48.516884,0],[39.404637,48.515593,0],[39.404836,48.515254,0],[39.404915,48.515023,0],[39.40494,48.514739,0],[39.404931,48.514597,0],[39.404841,48.514236,0],[39.404121,48.513268,0],[39.403568,48.512472,0],[39.403367,48.512162,0],[39.40312,48.511723,0],[39.402587,48.510357,0],[39.40249,48.510018,0],[39.402417,48.509653,0],[39.402321,48.50895,0],[39.402273,48.508171,0],[39.401999,48.498078,0],[39.401178,48.471043,0],[39.401178,48.464196,0],[39.400996,48.460088,0],[39.400948,48.45959,0],[39.400873,48.459209,0],[39.400701,48.458622,0],[39.400535,48.458156,0],[39.400266,48.45763,0],[39.399837,48.456986,0],[39.399462,48.456548,0],[39.399075,48.456157,0],[39.39855,48.455698,0],[39.397933,48.455235,0],[39.397171,48.454748,0],[39.396522,48.454396,0],[39.395884,48.454115,0],[39.395326,48.453894,0],[39.394779,48.453713,0],[39.394205,48.453551,0],[39.393116,48.453307,0],[39.392649,48.453229,0],[39.371925,48.451404,0],[39.371809,48.451418,0],[39.371708,48.45141,0],[39.360306,48.450417,0],[39.359066,48.450323,0],[39.35681,48.450182,0],[39.3567,48.450149,0],[39.354908,48.450077,0],[39.35307,48.450034,0],[39.351375,48.45002,0],[39.349377,48.45005,0],[39.347405,48.450112,0],[39.344986,48.450246,0],[39.341,48.450649,0],[39.339525,48.450806,0],[39.33801,48.451009,0],[39.332862,48.451845,0],[39.33084,48.452247,0],[39.328812,48.452745,0],[39.327005,48.453207,0],[39.325267,48.453681,0],[39.316469,48.456242,0],[39.293187,48.463081,0],[39.29009,48.464028,0],[39.288975,48.464341,0],[39.287083,48.464919,0],[39.284283,48.465733,0],[39.284011,48.465927,0],[39.283923,48.466005,0],[39.283845,48.466117,0],[39.283802,48.466212,0],[39.2838,48.466315,0],[39.283818,48.466411,0],[39.283875,48.466521,0],[39.284057,48.466692,0],[39.284197,48.466765,0],[39.284497,48.466857,0],[39.284666,48.466871,0],[39.284856,48.466857,0],[39.285041,48.466822,0],[39.285189,48.466772,0],[39.285345,48.466688,0],[39.285449,48.466592,0],[39.285546,48.466459,0],[39.285591,48.466329,0],[39.285597,48.466192,0],[39.28556,48.465951,0],[39.285137,48.465037,0],[39.285012,48.464856,0],[39.28489,48.464722,0],[39.284724,48.464603,0],[39.284454,48.464501,0],[39.2842,48.464479,0],[39.283936,48.464501,0],[39.283687,48.464583,0],[39.283495,48.46471,0],[39.283416,48.464791,0],[39.283333,48.464968,0],[39.283338,48.465186,0],[39.283435,48.465333,0],[39.283585,48.465443,0],[39.28374,48.465489,0],[39.284052,48.46555,0],[39.284332,48.465574,0],[39.284447,48.465607,0],[39.288113,48.464543,0]]},"properties":{"name":"Н 21","tessellate":true}},
{"type":"Feature","geometry":{"type":"LineString","coordinates":[[39.262522,48.727543,0],[39.26136,48.728462,0],[39.260868,48.728763,0],[39.260501,48.728958,0],[39.260028,48.729171,0],[39.259105,48.729537,0],[39.258678,48.729663,0],[39.25756,48.729942,0],[39.253871,48.730911,0],[39.25241,48.731273,0],[39.251125,48.731617,0],[39.250007,48.731941,0],[39.249214,48.732196,0],[39.247863,48.732799,0],[39.247112,48.733161,0],[39.246509,48.733528,0],[39.245201,48.734451,0],[39.242797,48.736061,0],[39.242156,48.736553,0],[39.240097,48.738033,0],[39.239582,48.738376,0],[39.239021,48.738784,0],[39.237949,48.739494,0],[39.235824,48.740974,0],[39.235054,48.741477,0],[39.233764,48.742366,0],[39.232372,48.743377,0],[39.231189,48.744148,0],[39.231124,48.744213,0],[39.230846,48.744384,0],[39.230037,48.744819,0],[39.229301,48.745174,0],[39.228729,48.745422,0],[39.228485,48.745563,0],[39.227928,48.745758,0],[39.227134,48.745952,0],[39.226364,48.746124,0],[39.22557,48.74625,0],[39.22499,48.746315,0],[39.223724,48.746418,0],[39.21825,48.74683,0],[39.21722,48.746917,0],[39.216465,48.747001,0],[39.215141,48.747238,0],[39.214668,48.747367,0],[39.213489,48.747734,0],[39.212177,48.748268,0],[39.211879,48.748462,0],[39.211448,48.748699,0],[39.210376,48.74945,0],[39.210098,48.749664,0],[39.20692,48.752239,0],[39.205936,48.753074,0],[39.204967,48.753849,0],[39.203838,48.754844,0],[39.200099,48.757862,0],[39.198661,48.759147,0],[39.197116,48.760673,0],[39.196086,48.761764,0],[39.194755,48.763374,0],[39.192222,48.766937,0],[39.190422,48.769512,0],[39.188831,48.77172,0],[39.175292,48.790905,0],[39.173339,48.793632,0],[39.17023,48.79803,0],[39.169391,48.799251,0],[39.168811,48.800025,0],[39.166603,48.803157,0],[39.166023,48.803951,0],[39.165271,48.805046,0],[39.164993,48.805519,0],[39.16463,48.806205,0],[39.164394,48.806762,0],[39.164134,48.807491,0],[39.163898,48.808265,0],[39.163814,48.808631,0],[39.163726,48.809314,0],[39.163684,48.809959,0],[39.163707,48.811031,0],[39.163879,48.812919,0],[39.164051,48.815197,0],[39.163963,48.815883,0],[39.163898,48.816162,0],[39.163661,48.81689,0],[39.163578,48.817062,0],[39.158149,48.825904,0],[39.155357,48.830345,0],[39.153343,48.833622,0],[39.15242,48.835086,0],[39.152011,48.835689,0],[39.151454,48.83633,0],[39.149715,48.838111,0],[39.148578,48.839229,0],[39.146305,48.841568,0],[39.144565,48.843284,0],[39.144374,48.843521,0],[39.143985,48.844097,0],[39.143684,48.844741,0],[39.143493,48.845428,0],[39.143451,48.845687,0],[39.143405,48.846267,0],[39.143859,48.854614,0],[39.143814,48.855083,0],[39.143684,48.855598,0],[39.143535,48.856029,0],[39.143321,48.85646,0],[39.142955,48.856975,0],[39.141582,48.858627,0],[39.140724,48.859592,0],[39.134136,48.867294,0],[39.128406,48.874031,0],[39.122913,48.880405,0],[39.122058,48.881519,0],[39.1212,48.88298,0],[39.120964,48.883537,0],[39.120639,48.884418,0],[39.119308,48.888965,0],[39.118988,48.890167,0],[39.116886,48.897441,0],[39.11639,48.899093,0],[39.113323,48.909675,0],[39.112617,48.912014,0],[39.112289,48.913642,0],[39.111827,48.915195,0],[39.111061,48.917938,0],[39.10968,48.922512,0],[39.109561,48.922962,0],[39.109352,48.923599,0],[39.108966,48.924942,0],[39.108615,48.926269,0],[39.10773,48.929168,0],[39.107589,48.929576,0],[39.107448,48.930133,0],[39.107112,48.93119,0],[39.105743,48.935939,0],[39.1054,48.936859,0],[39.105216,48.937149,0],[39.1049,48.937541,0],[39.104465,48.937953,0],[39.104091,48.938224,0],[39.103469,48.938583,0],[39.103065,48.938755,0],[39.102703,48.938888,0],[39.102432,48.938957,0],[39.101848,48.939075,0],[39.098503,48.93972,0],[39.092128,48.940914,0],[39.08728,48.941791,0],[39.085609,48.942031,0],[39.084484,48.942146,0],[39.075355,48.943172,0],[39.073276,48.943382,0],[39.067806,48.943759,0],[39.066024,48.943897,0],[39.063148,48.944084,0],[39.05952,48.944301,0],[39.05854,48.944316,0],[39.057205,48.94429,0],[39.056674,48.944263,0],[39.056285,48.94424,0],[39.054916,48.944107,0],[39.038795,48.942298,0],[39.03804,48.942237,0],[39.037384,48.942214,0],[39.034889,48.942176,0],[39.032531,48.942092,0],[39.032131,48.942092,0],[39.031795,48.942119,0],[39.031246,48.942192,0],[39.030956,48.942245,0],[39.030754,48.942298,0],[39.030181,48.942489,0],[39.029819,48.942665,0],[39.029388,48.942966,0],[39.029125,48.943199,0],[39.028812,48.943527,0],[39.02872,48.943645,0],[39.028575,48.943893,0],[39.026387,48.948546,0],[39.025379,48.950637,0],[39.025085,48.95116,0],[39.024886,48.95148,0],[39.024117,48.952509,0],[39.021699,48.955526,0],[39.021197,48.956227,0],[39.01963,48.95907,0],[39.01885,48.960408,0],[39.016622,48.964096,0],[39.015209,48.966548,0],[39.012994,48.970133,0],[39.012809,48.970407,0],[39.012219,48.971114,0],[39.002559,48.981759,0],[39.001909,48.982543,0],[39.001438,48.983364,0],[38.998512,48.989883,0],[38.998271,48.990364,0],[38.997783,48.991123,0],[38.997257,48.991855,0],[38.995391,48.994331,0],[38.99501,48.994747,0],[38.994758,48.994979,0],[38.993896,48.995578,0],[38.991111,48.997047,0],[38.98986,48.99768,0],[38.988697,48.998306,0],[38.98743,48.999027,0],[38.986621,48.999572,0],[38.985702,49.000236,0],[38.985103,49.000728,0],[38.983272,49.002433,0],[38.981845,49.003845,0],[38.98146,49.004257,0],[38.976573,49.009162,0],[38.97311,49.012691,0],[38.966079,49.020298,0],[38.961967,49.024833,0],[38.961254,49.025653,0],[38.960727,49.026348,0],[38.959816,49.027614,0],[38.959117,49.028652,0],[38.95885,49.028934,0],[38.95803,49.029609,0],[38.957653,49.029956,0],[38.95259,49.034397,0],[38.95092,49.035907,0],[38.949935,49.036911,0],[38.945968,49.041053,0],[38.945568,49.041572,0],[38.945163,49.042152,0],[38.943882,49.044563,0],[38.942863,49.046348,0],[38.942119,49.047569,0],[38.941886,49.047878,0],[38.939136,49.050777,0],[38.938804,49.051223,0],[38.934772,49.05764,0],[38.934581,49.058006,0],[38.934463,49.058376,0],[38.934394,49.058883,0],[38.934082,49.062118,0],[38.933963,49.062946,0],[38.933696,49.066139,0],[38.933582,49.066951,0],[38.933517,49.067276,0],[38.933445,49.067493,0],[38.933322,49.067745,0],[38.932876,49.068252,0],[38.932537,49.068508,0],[38.931774,49.069007,0],[38.93066,49.069679,0],[38.927684,49.071361,0],[38.927185,49.071693,0],[38.926586,49.072292,0],[38.921024,49.077487,0],[38.920135,49.078346,0],[38.91962,49.078899,0],[38.919216,49.079536,0],[38.918933,49.080165,0],[38.915691,49.094009,0],[38.915649,49.094497,0],[38.915702,49.0951,0],[38.915836,49.095348,0],[38.916866,49.097652,0],[38.91714,49.098186,0],[38.917301,49.09856,0],[38.918567,49.101226,0],[38.920284,49.104698,0],[38.92274,49.110462,0],[38.923336,49.112079,0],[38.923786,49.113071,0],[38.923988,49.113918,0],[38.924072,49.114406,0],[38.924392,49.116813,0],[38.924549,49.11763,0],[38.924583,49.119018,0],[38.924259,49.12228,0],[38.923572,49.12754,0],[38.923481,49.128017,0],[38.922866,49.130031,0],[38.922561,49.13079,0],[38.922317,49.131576,0],[38.92221,49.132064,0],[38.92213,49.133041,0],[38.922107,49.133724,0],[38.922119,49.134296,0],[38.922145,49.134414,0],[38.922206,49.135311,0],[38.922298,49.136157,0],[38.922378,49.137657,0],[38.922435,49.141651,0],[38.922409,49.144977,0],[38.922328,49.147075,0],[38.922332,49.148014,0],[38.92229,49.148311,0],[38.922157,49.148777,0],[38.922039,49.148979,0],[38.921531,49.149612,0],[38.920299,49.150905,0],[38.920059,49.151184,0],[38.91978,49.151554,0],[38.919677,49.151725,0],[38.919605,49.151924,0],[38.91925,49.15311,0],[38.918609,49.155059,0],[38.918418,49.155944,0],[38.918121,49.159194,0],[38.917915,49.162151,0],[38.91777,49.163768,0],[38.917697,49.164466,0],[38.917652,49.16468,0],[38.917545,49.165004,0],[38.916706,49.166946,0],[38.915966,49.168537,0],[38.914798,49.171146,0],[38.914699,49.171504,0],[38.914718,49.171886,0],[38.914836,49.172676,0],[38.916751,49.180805,0],[38.917518,49.183391,0],[38.917606,49.18399,0],[38.917518,49.18468,0],[38.91529,49.19094,0],[38.914951,49.192661,0],[38.91418,49.213859,0],[38.917606,49.21944,0],[38.920608,49.22356,0],[38.921131,49.22433,0],[38.920871,49.226299,0],[38.917179,49.234279,0],[38.913402,49.240398,0],[38.912971,49.241321,0],[38.912714,49.242348,0],[38.912467,49.2468,0],[38.912043,49.248245,0],[38.908116,49.257833,0],[38.905892,49.26339,0],[38.902503,49.269303,0],[38.902091,49.270066,0],[38.901137,49.271704,0],[38.900531,49.272651,0],[38.900503,49.272998,0],[38.90058,49.273435,0],[38.900448,49.273615,0],[38.899911,49.273689,0],[38.899578,49.273761,0],[38.899501,49.273937,0],[38.89933,49.274711,0],[38.898729,49.278374,0]]},"properties":{"name":"Н 21","tessellate":true}},
{"type":"Feature","geometry":{"type":"LineString","coordinates":[[36.269327,50.106264,0],[36.268176,50.111886,0],[36.267971,50.113032,0],[36.266135,50.122257,0],[36.26573,50.124446,0],[36.264458,50.130866,0],[36.263898,50.133402,0],[36.263643,50.134389,0],[36.26341,50.135058,0],[36.263157,50.135656,0],[36.261845,50.138498,0],[36.261077,50.140296,0],[36.260059,50.142475,0],[36.259143,50.144535,0],[36.258861,50.145122,0],[36.257778,50.147632,0],[36.256828,50.149745,0],[36.256496,50.150596,0],[36.256313,50.151306,0],[36.256267,50.151809,0],[36.256286,50.152355,0],[36.256481,50.153209,0],[36.260417,50.163997,0],[36.260715,50.164962,0],[36.260826,50.165538,0],[36.260894,50.166568,0],[36.260826,50.167526,0],[36.260768,50.167968,0],[36.260478,50.169773,0],[36.259838,50.174285,0],[36.259517,50.176769,0],[36.258846,50.18164,0],[36.258411,50.18444,0],[36.258052,50.186935,0],[36.256656,50.196918,0],[36.256487,50.197816,0],[36.255781,50.202685,0],[36.25562,50.203902,0],[36.255604,50.204192,0],[36.25561,50.204623,0],[36.255653,50.205014,0],[36.255682,50.20522,0],[36.255827,50.205735,0],[36.256082,50.206288,0],[36.256511,50.207009,0],[36.257165,50.207888,0],[36.259212,50.210425,0],[36.272282,50.226774,0],[36.272679,50.227167,0],[36.274393,50.2293,0],[36.27508,50.230161,0],[36.275587,50.230899,0],[36.281418,50.238192,0],[36.286592,50.244713,0],[36.286916,50.245198,0],[36.287123,50.245593,0],[36.287193,50.245788,0],[36.287308,50.246219,0],[36.287356,50.246924,0],[36.287313,50.248028,0],[36.286415,50.262183,0],[36.285549,50.27499,0],[36.284929,50.284967,0],[36.284615,50.289677,0],[36.284513,50.290554,0],[36.284333,50.291317,0],[36.284269,50.291497,0],[36.284095,50.291944,0],[36.283741,50.292694,0],[36.28115,50.297981,0],[36.279812,50.300757,0],[36.274101,50.312277,0],[36.271527,50.317663,0],[36.271244,50.318281,0],[36.271074,50.318763,0],[36.270992,50.319056,0],[36.270943,50.319387,0],[36.270954,50.319642,0],[36.271002,50.319974,0],[36.271154,50.320533,0],[36.271455,50.321153,0],[36.272949,50.323633,0]]},"properties":{"name":"М 20","tessellate":true}},
{"type":"Feature","geometry":{"type":"LineString","coordinates":[[36.149881,49.889962,0],[36.150059,49.889943,0],[36.150727,49.890441,0],[36.151065,49.890359,0],[36.151288,49.890496,0],[36.151241,49.890682,0],[36.150899,49.891018,0],[36.150833,49.891124,0],[36.14922,49.890055,0],[36.146343,49.888267,0],[36.146038,49.888118,0],[36.145683,49.887989,0],[36.145256,49.887863,0],[36.144229,49.887603,0],[36.141418,49.88692,0],[36.140697,49.886764,0],[36.140052,49.886653,0],[36.136367,49.886062,0],[36.136135,49.886013,0],[36.135684,49.885868,0],[36.135395,49.885746,0],[36.135093,49.885589,0],[36.130386,49.882934,0],[36.129741,49.882553,0],[36.128711,49.881984,0],[36.11993,49.876995,0],[36.117992,49.87593,0],[36.115722,49.87463,0],[36.113906,49.873615,0],[36.111713,49.872333,0],[36.111404,49.872116,0],[36.110023,49.871025,0],[36.103908,49.865966,0],[36.095584,49.85902,0],[36.094581,49.858211,0],[36.090515,49.854846,0],[36.089912,49.854385,0],[36.087329,49.852291,0],[36.084224,49.849712,0],[36.080192,49.846458,0],[36.07685,49.843681,0],[36.071571,49.839344,0],[36.070426,49.838356,0],[36.069591,49.837528,0],[36.06924,49.837123,0],[36.066692,49.833961,0],[36.06475,49.831623,0],[36.063259,49.829769,0],[36.06274,49.829041,0],[36.062336,49.828525,0],[36.062154,49.82825,0],[36.062017,49.82791,0],[36.061813,49.827026,0],[36.061767,49.826694,0],[36.061775,49.826511,0],[36.061851,49.826274,0],[36.06192,49.826152,0],[36.062042,49.826007,0],[36.062271,49.825813,0],[36.063079,49.825256,0],[36.063308,49.825038,0],[36.063449,49.824745,0],[36.063449,49.824398,0],[36.063167,49.823013,0],[36.063125,49.822387,0],[36.06314,49.821521,0],[36.063358,49.816387,0],[36.063304,49.815956,0],[36.063179,49.815593,0],[36.062904,49.81517,0],[36.062515,49.814708,0],[36.062389,49.814582,0],[36.061843,49.814132,0],[36.060165,49.81282,0],[36.059059,49.812015,0],[36.05688,49.810482,0],[36.055282,49.809291,0],[36.054962,49.808986,0],[36.054786,49.80878,0],[36.054317,49.807968,0],[36.054206,49.807827,0],[36.053871,49.807559,0],[36.053577,49.807369,0],[36.053184,49.807075,0],[36.052841,49.806747,0],[36.0526,49.806438,0],[36.052417,49.806125,0],[36.052005,49.805301,0],[36.051795,49.80495,0],[36.050792,49.803627,0],[36.049827,49.802177,0],[36.049552,49.801689,0],[36.049327,49.80117,0],[36.049076,49.800445,0],[36.048702,49.799469,0],[36.048431,49.798976,0],[36.047698,49.797824,0],[36.047386,49.797264,0],[36.046977,49.796636,0],[36.046545,49.795705,0],[36.046314,49.79494,0],[36.043582,49.788761,0],[36.043239,49.788021,0],[36.043102,49.787773,0],[36.042823,49.787357,0],[36.042659,49.787162,0],[36.042385,49.786888,0],[36.041954,49.786514,0],[36.037761,49.783069,0],[36.036571,49.781951,0],[36.035278,49.780891,0],[36.03384,49.779743,0],[36.030879,49.777324,0],[36.028511,49.77547,0],[36.027732,49.774948,0],[36.02692,49.774433,0],[36.025611,49.773693,0],[36.023929,49.772869,0],[36.022983,49.772464,0],[36.021263,49.771804,0],[36.020206,49.77145,0],[36.019367,49.771194,0],[36.018825,49.771045,0],[36.017452,49.770698,0],[36.01625,49.770454,0],[36.002262,49.767883,0],[35.997043,49.76696,0],[35.97834,49.764141,0],[35.97784,49.764106,0],[35.976596,49.763914,0],[35.974944,49.763718,0],[35.973414,49.763619,0],[35.972197,49.763561,0],[35.970625,49.763523,0],[35.969715,49.763465,0],[35.968402,49.763465,0],[35.968128,49.763469,0],[35.967248,49.763526,0],[35.964341,49.763557,0],[35.960054,49.763588,0],[35.959454,49.763561,0],[35.948274,49.763664,0],[35.945206,49.763682,0],[35.936241,49.763687,0],[35.931473,49.763755,0],[35.930984,49.763736,0],[35.930765,49.763777,0],[35.93047,49.763791,0],[35.928815,49.763836,0],[35.927541,49.763836,0],[35.926589,49.76381,0],[35.926151,49.763748,0],[35.924263,49.763813,0],[35.922664,49.763824,0],[35.920836,49.763823,0],[35.9201,49.763803,0],[35.913609,49.763848,0],[35.902685,49.763842,0],[35.901926,49.763825,0],[35.900642,49.763761,0],[35.899179,49.763657,0],[35.898647,49.763591,0],[35.897505,49.763509,0],[35.896178,49.763315,0],[35.895078,49.763112,0],[35.893546,49.762778,0],[35.892401,49.762492,0],[35.891154,49.76213,0],[35.890395,49.761887,0],[35.889842,49.761696,0],[35.887586,49.760865,0],[35.877131,49.756933,0],[35.870251,49.754327,0],[35.867403,49.75327,0],[35.846479,49.745388,0],[35.845141,49.744897,0],[35.842028,49.743709,0],[35.839537,49.7428,0],[35.833756,49.740582,0],[35.820835,49.735706,0],[35.818691,49.734851,0],[35.81586,49.73331,0],[35.81406,49.732189,0],[35.811218,49.729782,0],[35.806847,49.724854,0],[35.802541,49.719878,0],[35.78796,49.703258,0],[35.775341,49.689014,0],[35.774311,49.687728,0],[35.77354,49.686439,0],[35.772251,49.683609,0],[35.77037,49.670555,0],[35.769939,49.669021,0],[35.769508,49.667728,0],[35.766321,49.662557,0],[35.746498,49.631,0],[35.744281,49.628421,0],[35.735519,49.621036,0],[35.735264,49.621005,0],[35.717604,49.606337,0],[35.711231,49.601898,0],[35.700588,49.594768,0],[35.696548,49.592109,0],[35.693889,49.590568,0],[35.69157,49.589618,0],[35.689258,49.588848,0],[35.686077,49.588077,0],[35.68325,49.587558,0],[35.680328,49.58731,0],[35.62746,49.584388,0],[35.615791,49.583778,0],[35.611671,49.583274,0],[35.607635,49.582328,0],[35.550991,49.566532,0],[35.548931,49.565849,0],[35.545841,49.564472,0],[35.54335,49.563098,0],[35.54103,49.561473,0],[35.538879,49.559413,0],[35.537601,49.557949,0],[35.536308,49.555805,0],[35.52103,49.52679,0],[35.519401,49.523788,0],[35.517341,49.519756,0],[35.516136,49.515808,0],[35.51149,49.499572,0],[35.509441,49.49221,0],[35.508499,49.49015,0],[35.507808,49.488941,0],[35.506351,49.486797,0],[35.494369,49.470132,0],[35.493929,49.469728,0],[35.492449,49.467727,0],[35.491698,49.466472,0],[35.491316,49.465877,0],[35.485404,49.457618,0],[35.47932,49.449199,0],[35.462749,49.425941,0],[35.4449,49.40097,0],[35.443439,49.398571,0],[35.44292,49.397365,0],[35.442581,49.396083,0],[35.441719,49.39204,0],[35.441379,49.389999,0],[35.440521,49.385181,0],[35.440441,49.384399,0],[35.440521,49.383369,0],[35.44078,49.382427,0],[35.441211,49.38166,0],[35.444805,49.377624,0],[35.446231,49.376085,0],[35.447893,49.374337,0],[35.448909,49.373195,0],[35.450561,49.371097,0],[35.450988,49.369468,0],[35.451511,49.368091,0],[35.45219,49.366886,0],[35.455448,49.362514,0],[35.457,49.360801,0],[35.462318,49.355308,0],[35.465729,49.3519,0],[35.466249,49.351449,0],[35.467,49.351002,0],[35.467966,49.350723,0],[35.471442,49.349618,0],[35.472708,49.348961,0],[35.473867,49.348067,0],[35.474317,49.347745,0],[35.47657,49.345844,0],[35.476956,49.345397,0],[35.4773,49.344935,0],[35.477536,49.34446,0],[35.477729,49.343999,0],[35.477744,49.343555,0],[35.478111,49.342521,0],[35.479141,49.338401,0],[35.479511,49.336811,0],[35.480598,49.331867,0],[35.48283,49.323459,0],[35.484291,49.31686,0],[35.48674,49.30664,0],[35.487377,49.3045,0],[35.488155,49.3026,0],[35.489185,49.3008,0],[35.495109,49.293846,0],[35.496139,49.29214,0],[35.499108,49.286532,0],[35.500762,49.283283,0],[35.504459,49.276508,0],[35.512588,49.260974,0],[35.513735,49.258927,0],[35.514829,49.256854,0],[35.516048,49.254108,0],[35.516391,49.252738,0],[35.516574,49.251281,0],[35.51691,49.228958,0],[35.51711,49.221611,0],[35.517169,49.208331,0],[35.51658,49.206043,0],[35.508331,49.18716,0],[35.498115,49.164329,0],[35.49588,49.159442,0],[35.49039,49.146728,0],[35.483404,49.131177,0],[35.480861,49.125278,0],[35.47665,49.115749,0],[35.471157,49.10313,0],[35.468761,49.0979,0],[35.467899,49.096351,0],[35.461203,49.087372,0],[35.459661,49.085405,0],[35.458528,49.08402,0],[35.457666,49.083058,0],[35.456893,49.082285,0],[35.456014,49.081512,0],[35.452106,49.07867,0],[35.444684,49.073725,0],[35.437388,49.068833,0],[35.420995,49.057656,0],[35.41945,49.056405,0],[35.40282,49.04047,0],[35.40164,49.039373,0],[35.400481,49.038642,0],[35.400348,49.038421,0],[35.399406,49.037899,0],[35.397686,49.0373,0],[35.388851,49.034561,0],[35.385929,49.033611,0],[35.379581,49.030689,0],[35.376491,49.029411,0],[35.375116,49.029008,0],[35.373825,49.028629,0],[35.3722,49.027946,0],[35.371509,49.027561,0],[35.366531,49.024524,0],[35.365757,49.023998,0],[35.362758,49.021301,0],[35.359348,49.01818,0],[35.357238,49.016189,0],[35.351856,49.010818,0],[35.34782,49.006748,0],[35.346858,49.005649,0],[35.34576,49.004295,0],[35.344684,49.00288,0],[35.344219,49.002197,0],[35.343898,49.00156,0],[35.343616,49.00082,0],[35.339279,48.987758,0],[35.33628,48.978637,0],[35.335144,48.975284,0],[35.33385,48.971359,0],[35.332324,48.966579,0],[35.327571,48.95222,0],[35.327068,48.950588,0],[35.326919,48.94984,0],[35.326801,48.948978,0],[35.326686,48.947067,0],[35.32645,48.935588,0],[35.326389,48.934051,0],[35.326145,48.930137,0],[35.325889,48.923694,0],[35.325866,48.920291,0],[35.325851,48.897911,0],[35.325809,48.896221,0],[35.325679,48.894271,0],[35.325508,48.893302,0],[35.322841,48.88504,0],[35.321838,48.880401,0],[35.321086,48.876201,0],[35.320491,48.872531,0],[35.320011,48.870193,0],[35.318401,48.859756,0],[35.317951,48.85744,0],[35.317531,48.855945,0],[35.317047,48.85485,0],[35.316501,48.853801,0],[35.313491,48.849479,0],[35.30783,48.841609,0],[35.289798,48.816631,0],[35.286281,48.811828,0],[35.283393,48.807659,0],[35.27684,48.798519,0],[35.276279,48.797691,0],[35.275791,48.796661,0],[35.27547,48.795799,0],[35.275341,48.794975,0],[35.27528,48.793609,0],[35.275421,48.792789,0],[35.275829,48.791309,0],[35.277379,48.786135,0],[35.278773,48.781271,0],[35.278988,48.780302,0],[35.279128,48.77939,0],[35.279192,48.778542,0],[35.279343,48.777754,0],[35.279636,48.777023,0],[35.280319,48.77576,0],[35.280614,48.775173,0],[35.280995,48.774646,0],[35.281316,48.774049,0],[35.28154,48.773362,0],[35.281627,48.7729,0],[35.281584,48.77208,0],[35.281595,48.771585,0],[35.281669,48.771099,0],[35.281879,48.77016,0],[35.283294,48.765281,0],[35.28358,48.764205,0],[35.284271,48.761394,0],[35.284801,48.759017,0],[35.285354,48.756771,0],[35.286628,48.751289,0],[35.287399,48.748119,0],[35.288188,48.74456,0],[35.288749,48.742351,0],[35.28984,48.737598,0],[35.29,48.73698,0],[35.290096,48.736419,0],[35.290168,48.735691,0],[35.290081,48.732646,0],[35.290004,48.730968,0],[35.290004,48.72937,0],[35.290081,48.728744,0],[35.29021,48.728076,0],[35.29042,48.727279,0],[35.293128,48.71838,0],[35.293937,48.715778,0],[35.294929,48.712688,0],[35.295471,48.710891,0],[35.295681,48.710067,0],[35.296878,48.703979,0],[35.296951,48.703437,0],[35.296901,48.702911,0],[35.296817,48.70243,0],[35.29671,48.702011,0],[35.29647,48.701511,0],[35.296184,48.701061,0],[35.295719,48.7005,0],[35.294609,48.699317,0],[35.289718,48.694221,0],[35.28712,48.691471,0],[35.285956,48.690185,0],[35.285135,48.689161,0],[35.284519,48.688205,0],[35.281305,48.682758,0],[35.277303,48.675912,0],[35.276123,48.673974,0],[35.274278,48.670796,0],[35.273114,48.668852,0],[35.271494,48.66604,0],[35.270231,48.663978,0],[35.269673,48.662908,0],[35.267562,48.65933,0],[35.266872,48.6581,0],[35.266626,48.657763,0],[35.265738,48.656704,0],[35.264415,48.655182,0],[35.264027,48.654681,0],[35.263452,48.653793,0],[35.262881,48.652815,0],[35.262656,48.652343,0],[35.262449,48.651808,0],[35.262245,48.651133,0],[35.262077,48.650426,0],[35.261918,48.649129,0],[35.261878,48.648195,0],[35.261736,48.647288,0],[35.261417,48.645757,0],[35.260824,48.643845,0],[35.260607,48.643221,0],[35.260328,48.642657,0],[35.259689,48.641555,0],[35.259646,48.641427,0],[35.259134,48.638184,0],[35.259,48.637219,0],[35.258912,48.63692,0],[35.258748,48.636619,0],[35.25863,48.636479,0],[35.258525,48.636298,0],[35.258434,48.636066,0],[35.258391,48.635878,0],[35.25837,48.630017,0],[35.258594,48.629896,0],[35.258759,48.629849,0],[35.261818,48.629189,0],[35.262424,48.629006,0],[35.262766,48.62888,0],[35.263726,48.628479,0],[35.264304,48.628253,0],[35.264684,48.628128,0],[35.265696,48.62786,0],[35.266789,48.627645,0],[35.268682,48.627258,0],[35.272876,48.626358,0],[35.273136,48.626323,0],[35.273607,48.6263,0],[35.27401,48.626318,0],[35.274938,48.626469,0],[35.282581,48.627895,0],[35.282895,48.627921,0],[35.283278,48.627933,0],[35.286478,48.62778,0],[35.290513,48.627618,0],[35.294422,48.627391,0],[35.300014,48.627117,0],[35.30046,48.627082,0],[35.301029,48.626956,0],[35.30149,48.626792,0],[35.301994,48.626548,0],[35.302936,48.626071,0],[35.310169,48.622268,0],[35.310886,48.62191,0],[35.312744,48.620853,0],[35.313983,48.619998,0],[35.315898,48.618877,0],[35.318355,48.61758,0],[35.32434,48.614463,0],[35.326408,48.613403,0],[35.327804,48.612735,0],[35.328594,48.612304,0],[35.329456,48.611803,0],[35.329931,48.611345,0],[35.330454,48.610796,0],[35.330663,48.610542,0],[35.330832,48.610288,0],[35.33102,48.609959,0],[35.331143,48.609684,0],[35.331382,48.608974,0],[35.331447,48.608632,0],[35.332393,48.604647,0],[35.333367,48.60064,0],[35.334156,48.597534,0],[35.334247,48.597006,0],[35.334748,48.595154,0],[35.335011,48.594089,0]]},"properties":{"name":"М 18","tessellate":true}},
{"type":"Feature","geometry":{"type":"LineString","coordinates":[[25.5404663,49.5608522,0],[25.4821014,49.5773287,0],[25.4738617,49.5791096,0],[25.4065704,49.6075953,0],[25.3372192,49.6280592,0],[25.2946472,49.6285039,0],[25.1775742,49.6531823,0],[25.1707077,49.6565163,0],[25.1456451,49.6740714,0],[25.1150894,49.680514,0],[25.107193,49.685401,0],[25.0515747,49.7344657,0],[25.0392151,49.7411223,0],[25.0271988,49.7453376,0],[25.0251389,49.7491089,0],[25.0254822,49.7570943,0],[24.998703,49.7672958,0],[24.9554443,49.7779387,0],[24.9386215,49.7803773,0],[24.9190521,49.7888008,0],[24.8936462,49.7941201,0],[24.8644638,49.8063081,0],[24.8366547,49.8045355,0],[24.815712,49.8069728,0],[24.7714233,49.8052002,0],[24.717865,49.8045355,0],[24.6715164,49.7963364,0],[24.6179581,49.7743913,0],[24.599762,49.7653,0],[24.5952988,49.7646348,0],[24.5698929,49.7499962,0],[24.5352173,49.7524363,0],[24.5256042,49.7535454,0],[24.4854355,49.7548762,0],[24.4524765,49.7617518,0],[24.414711,49.7759433,0],[24.3841553,49.7837025,0],[24.3196106,49.7914605,0],[24.2677689,49.7961147,0],[24.2602158,49.8007685,0],[24.2032242,49.8153917,0],[24.1733551,49.8164993,0],[24.1534424,49.81805,0],[24.1345596,49.8169424,0],[24.1304398,49.8187145,0],[24.1294098,49.8160563,0],[24.1191101,49.8160563,0],[24.1094971,49.8229231,0],[24.1043472,49.824695,0],[24.0895844,49.8335537,0],[24.080658,49.8355467,0],[24.0658951,49.836211,0],[24.0446091,49.8406395,0],[24.0346527,49.8397538,0]]},"properties":{"name":"H-02 Львов - Тернополь","tessellate":true,"description":"http://routes.in.ua/natsionalnyie/lviv-ternopil/         https://www.youtube.com/watch?v=QSvON9b4ecM"}},
{"type":"Feature","geometry":{"type":"LineString","coordinates":[[24.572897,48.3413039,0],[24.5680904,48.3406763,0],[24.55616,48.3419885,0],[24.5531559,48.3419885,0],[24.5469761,48.3431295,0],[24.539938,48.3415891,0],[24.5270634,48.3430724,0],[24.5254326,48.3430154,0],[24.5187378,48.3450691,0],[24.5153046,48.3435859,0],[24.5138454,48.3417603,0],[24.5099831,48.3421596,0],[24.5089531,48.3418173,0],[24.5086956,48.3401058,0],[24.5056057,48.3394782,0],[24.5026016,48.3374813,0],[24.5002842,48.3347996,0],[24.4986534,48.3340579,0],[24.4983959,48.3320037,0],[24.4992542,48.3300065,0],[24.4955635,48.328694,0],[24.4921303,48.3232726,0],[24.4893837,48.3215604,0],[24.4876671,48.3200194,0],[24.4874954,48.3191633,0],[24.4889545,48.3143116,0]]},"properties":{"name":"Н-09","tessellate":true,"description":"http://routes.in.ua/natsionalnyie/mukachevo-lvov-n-09/"}},
{"type":"Feature","geometry":{"type":"LineString","coordinates":[[24.572897,48.3413039,0],[24.5786476,48.342559,0],[24.5805359,48.3451832,0],[24.5786476,48.3471227,0],[24.5712662,48.3486059,0],[24.565258,48.3537395,0],[24.5645714,48.356249,0],[24.5587349,48.3651456,0],[24.5544434,48.3671984,0],[24.5515251,48.3705056,0],[24.5537567,48.3715319,0],[24.5583916,48.3713038,0],[24.5671463,48.3693652,0],[24.5844841,48.3716459,0],[24.5877457,48.3759791,0],[24.5882607,48.3798557,0],[24.5978737,48.3872662,0],[24.5970154,48.3937637,0],[24.599762,48.3968412,0],[24.5995903,48.4003744,0],[24.6035385,48.4020839,0],[24.6042252,48.4084656,0],[24.5958138,48.417467,0],[24.5965004,48.4196316,0],[24.6014786,48.4225936,0],[24.598217,48.4260111,0],[24.5978737,48.4293145,0],[24.5910072,48.4297701,0],[24.5856857,48.4319342,0],[24.5681763,48.4297701,0],[24.5664597,48.4338704,0],[24.5602798,48.4352372,0],[24.5537567,48.434326,0],[24.5499802,48.4362622,0],[24.5415688,48.4378566,0],[24.5422554,48.4397926,0],[24.545517,48.4404759,0],[24.5477486,48.4424118,0],[24.5511818,48.4434367,0],[24.5568466,48.454595,0],[24.5640564,48.4588072,0],[24.5659447,48.464385,0],[24.5702362,48.4692793,0],[24.5777893,48.4715556,0],[24.5801926,48.4741731,0],[24.5844841,48.4756526,0],[24.5892906,48.4799768,0],[24.5944405,48.4825939,0],[24.5940971,48.4893068,0],[24.6002769,48.4953363,0],[24.608345,48.4982939,0],[24.6117783,48.5025025,0],[24.620018,48.5047772,0],[24.6237946,48.5122832,0],[24.6229362,48.5154672,0],[24.6253395,48.5196744,0],[24.6246529,48.5221758,0],[24.6270561,48.5263824,0],[24.630661,48.5286561,0],[24.6352959,48.5330895,0],[24.6346092,48.5350219,0],[24.6291161,48.5375225,0],[24.6258545,48.5407049,0],[24.6261978,48.5425234,0],[24.6231079,48.5434326,0],[24.6219063,48.5468419,0],[24.6201897,48.5478647,0],[24.6186447,48.5509328,0],[24.6191597,48.5530918,0],[24.6128082,48.5657028,0],[24.6061134,48.572859,0],[24.6033669,48.5739949,0],[24.5844841,48.5954569,0],[24.5805359,48.5998845,0],[24.5788193,48.6031765,0],[24.5693779,48.6351775,0],[24.5728111,48.637106,0],[24.5803642,48.6528714,0],[24.5837975,48.655026,0],[24.5791626,48.6639837,0],[24.5650864,48.6678384,0],[24.5491219,48.6930001,0],[24.544487,48.6966259,0],[24.5340157,48.7048965,0],[24.532814,48.7070489,0],[24.5276642,48.710787,0],[24.5292091,48.7136187,0],[24.523201,48.7189419,0],[24.5182228,48.7324174,0],[24.5154762,48.734795,0],[24.5165062,48.7371726,0],[24.521656,48.7856044,0],[24.5365906,48.8060721,0],[24.5494652,48.819072,0],[24.6043968,48.8682153,0],[24.6107483,48.870022,0],[24.6637917,48.8971139,0],[24.6952057,48.9129108,0],[24.7055054,48.9209201,0]]},"properties":{"name":"Н-09","tessellate":true,"description":"http://routes.in.ua/natsionalnyie/mukachevo-lvov-n-09/"}},
{"type":"Feature","geometry":{"type":"LineString","coordinates":[[24.111836,49.770468,0],[24.1472626,49.7497744,0],[24.1616821,49.7448939,0],[24.1788483,49.7266986,0],[24.2015076,49.7227036,0],[24.2372131,49.696506,0],[24.2461395,49.6862895,0],[24.2633057,49.6767374,0],[24.2667389,49.6691832,0],[24.2746353,49.6662946,0],[24.2760086,49.6605167,0],[24.2832184,49.6565163,0],[24.2938614,49.6418451,0],[24.2876816,49.6309501,0],[24.2825317,49.6249456,0],[24.285965,49.5920193,0],[24.2794418,49.582226,0],[24.2873383,49.5733214,0],[24.2962646,49.5682005,0],[24.3034744,49.5673099,0],[24.3127441,49.5619657,0],[24.3374634,49.5519437,0],[24.3573761,49.5392462,0],[24.3580627,49.5356814,0],[24.3669891,49.5292196,0],[24.3738556,49.5203053,0],[24.3930817,49.5176307,0],[24.4002914,49.509383,0],[24.4023514,49.5051472,0],[24.4099045,49.4980124,0],[24.4215775,49.4835166,0],[24.4445801,49.4692396,0],[24.4569397,49.4547353,0],[24.4668961,49.4469235,0],[24.4868088,49.4511644,0],[24.5129013,49.4489324,0],[24.5201111,49.443352,0],[24.5407104,49.4368779,0],[24.5537567,49.426607,0],[24.5616531,49.4277235,0],[24.5678329,49.4263837,0],[24.5825958,49.417674,0],[24.6038818,49.4185674,0],[24.610121,49.408604,0],[24.611878,49.403481,0],[24.6097183,49.3875132,0],[24.6086884,49.3557684,0],[24.6045685,49.3515193,0],[24.5983887,49.3307158,0],[24.6001053,49.3199751,0],[24.5994186,49.3163943,0],[24.6080017,49.2998299,0],[24.6073151,49.2953521,0],[24.6255112,49.2693727,0],[24.6361542,49.2660123,0],[24.6334076,49.2581705,0],[24.6354675,49.2458451,0],[24.6457672,49.2350858,0],[24.6512604,49.2160273,0],[24.675293,49.1958396,0],[24.6972656,49.1751949,0],[24.7055054,49.1707057,0],[24.7048187,49.1583585,0],[24.7302246,49.1367996,0],[24.7297096,49.1305098,0],[24.7273064,49.1297235,0],[24.7249031,49.1224218,0],[24.7132301,49.1156808,0],[24.7132301,49.1099502,0],[24.7032738,49.1026455,0],[24.7025871,49.0994985,0],[24.7111702,49.0939909,0],[24.7116852,49.0908434,0],[24.7070503,49.0824116,0],[24.7034454,49.0792633,0],[24.7017288,49.0742033,0],[24.697094,49.0712794,0],[24.6962357,49.0675681,0],[24.7000122,49.0635192,0],[24.6998405,49.0572201,0],[24.6981239,49.0509202,0],[24.7017288,49.039781,0],[24.7013855,49.0310029,0],[24.6957207,49.0240243,0],[24.6909142,49.0201969,0],[24.6914291,49.0183957,0],[24.6943474,49.0154686,0],[24.705677,48.9940728,0],[24.7094536,48.9896799,0],[24.706192,48.9839348,0],[24.7037888,48.9602713,0],[24.7053337,48.9549737,0],[24.7003555,48.9518174,0],[24.6962357,48.9491118,0],[24.6931458,48.9453914,0],[24.7031021,48.9387391,0],[24.706192,48.9353563,0],[24.7096252,48.9294921,0],[24.7103119,48.9221609,0],[24.7055054,48.9209201,0]]},"properties":{"name":"Н-09","tessellate":true,"description":"http://routes.in.ua/natsionalnyie/mukachevo-lvov-n-09/"}},
{"type":"Feature","geometry":{"type":"LineString","coordinates":[[32.5051117,49.720706,0],[32.5131151,49.722995,0],[32.5166559,49.7251173,0],[32.5200891,49.7233972,0],[32.5238012,49.7263241,0],[32.5261831,49.7275031,0],[32.5259686,49.7296392,0],[32.5320625,49.7322467,0]]},"properties":{"name":"т2417","tessellate":true}},
{"type":"Feature","geometry":{"type":"LineString","coordinates":[[28.4753609,49.2866192,0],[28.4825706,49.3123657,0],[28.5090065,49.3247863,0],[28.514328,49.3318345,0],[28.5144997,49.3609115,0],[28.5187912,49.3700784,0],[28.5136414,49.3855018,0],[28.5193062,49.3990211,0],[28.5280609,49.4058353,0],[28.5278893,49.4196841,0],[28.5189629,49.4263837,0],[28.5079765,49.4372128,0],[28.4954453,49.445919,0],[28.4951019,49.4509412,0],[28.5028267,49.4718053,0],[28.5066032,49.4743709,0],[28.5225677,49.48084,0],[28.5247993,49.4864161,0],[28.5284042,49.5111664,0],[28.5464287,49.5318935,0],[28.5438538,49.5367954,0],[28.5666847,49.5766608,0],[28.5714912,49.5797774,0],[28.6077118,49.5953574,0],[28.6363792,49.6183844,0],[28.6520004,49.6531823,0],[28.6516571,49.6610723,0],[28.6494255,49.6686277,0],[28.6520004,49.6812915,0],[28.6731148,49.7235914,0],[28.6743164,49.7273644,0],[28.6803246,49.7325795,0],[28.6791229,49.7412332,0],[28.6801529,49.746225,0],[28.6734581,49.7519927,0],[28.6738014,49.7736153,0],[28.6665916,49.7852542,0],[28.6549187,49.788025,0],[28.6473656,49.7962256,0],[28.6384392,49.8118471,0],[28.6289978,49.8273528,0],[28.621788,49.8315607,0],[28.6152649,49.8437392,0],[28.6200714,49.8550293,0]]},"properties":{"name":"М-21","tessellate":true}},
{"type":"Feature","geometry":{"type":"LineString","coordinates":[[28.6736298,50.2346891,0],[28.6564636,50.191847,0],[28.6561203,50.1708513,0],[28.6489105,50.1468764,0],[28.6447906,50.1305929,0],[28.6463356,50.0830313,0],[28.6470222,50.0672771,0],[28.6363792,50.0236231,0],[28.6147499,49.955417,0],[28.6171532,49.9487899,0],[28.6259079,49.9421619,0],[28.6489105,49.9303396,0],[28.6511421,49.927577,0],[28.6585236,49.9053598,0],[28.6573219,49.8858975,0],[28.6495972,49.8759422,0],[28.6454773,49.8725126,0],[28.6420441,49.864325,0],[28.6389542,49.8616693,0],[28.6200714,49.8550293,0]]},"properties":{"name":"М 21","tessellate":true,"description":"http://routes.in.ua/international/zhitomir-m-podolskiy-m-21/"}},
{"type":"Feature","geometry":{"type":"LineString","coordinates":[[25.2997971,50.745363,0],[25.2981663,50.7410179,0],[25.2979088,50.7367811,0],[25.2963638,50.7339563,0],[25.2966213,50.7324352,0],[25.2955055,50.7305337,0],[25.2958488,50.7274369,0],[25.2950764,50.7252093,0],[25.2926731,50.7220578,0],[25.2913857,50.7175475,0],[25.2895832,50.7123846,0],[25.2803993,50.6975993,0],[25.2759361,50.6904224,0],[25.274992,50.6898515,0],[25.2553797,50.6812866,0],[25.2488136,50.6783497,0],[25.2307892,50.6672531,0],[25.2241802,50.6630096,0],[25.2185154,50.6599628,0],[25.2130222,50.6572422,0],[25.2117348,50.6566981,0],[25.2083015,50.6556642,0],[25.1977444,50.6534331,0],[25.1571465,50.6314433,0],[25.1312256,50.6194099,0],[25.1006699,50.6093888,0],[25.0927734,50.6025252,0],[25.0847054,50.5983848,0],[25.0738907,50.594462,0],[25.0426483,50.5787675,0],[25.0371552,50.5759332,0],[25.014925,50.5694464,0],[25.0114059,50.5687377,0],[25.0065136,50.5684106,0]]},"properties":{"name":"H-17","tessellate":true,"description":"http://routes.in.ua/natsionalnyie/lvov-lutsk-n17/"}},
{"type":"Feature","geometry":{"type":"LineString","coordinates":[[25.0059986,50.5683561,0],[24.9527836,50.5651396,0],[24.8911572,50.5514531,0],[24.8275566,50.5386355,0],[24.781208,50.514791,0],[24.7794914,50.5128261,0],[24.778204,50.5100425,0],[24.776659,50.508132,0],[24.7759724,50.505894,0],[24.7714233,50.5031645,0]]},"properties":{"name":"H17","tessellate":true,"description":"http://routes.in.ua/natsionalnyie/lvov-lutsk-n17/"}},
{"type":"Feature","geometry":{"type":"LineString","coordinates":[[24.7709727,50.5029597,0],[24.7701788,50.5022773,0],[24.7688055,50.5017587,0],[24.7653508,50.5017724,0],[24.7609305,50.5020863,0],[24.7599435,50.5026458,0],[24.7571969,50.5023729,0],[24.7490644,50.5004212,0],[24.7483778,50.4999025,0],[24.7440863,50.493651,0],[24.7418761,50.4911528,0],[24.737606,50.486361,0],[24.7311258,50.4812,0],[24.7246885,50.4767212,0],[24.7227359,50.4756151,0],[24.7205687,50.4747548,0],[24.7188735,50.4741266,0],[24.7128654,50.4726927,0],[24.7086811,50.471682,0],[24.7073507,50.4710538,0],[24.7063422,50.4703983,0],[24.7055697,50.4694696,0],[24.7039604,50.4670521,0],[24.7025442,50.4629681,0],[24.7021365,50.4618753,0],[24.7007847,50.4598946,0],[24.6986604,50.457504,0],[24.6944761,50.452941,0],[24.6942186,50.4521759,0],[24.6931887,50.4482683,0],[24.6913433,50.4414906,0],[24.6898413,50.4362973,0],[24.6896482,50.435737,0],[24.6891975,50.4348896,0],[24.6887469,50.4343429,0],[24.6880174,50.4332631,0],[24.6870732,50.4305978,0],[24.6867299,50.4296683,0],[24.685421,50.4273718,0],[24.6826315,50.4248429,0],[24.6819448,50.4236125,0],[24.6790266,50.4149718,0],[24.6780396,50.4107329,0],[24.6758938,50.4054268,0],[24.6731472,50.3986567,0],[24.6728253,50.39826,0]]},"properties":{"name":"H-17","tessellate":true,"description":"http://routes.in.ua/natsionalnyie/lvov-lutsk-n17/"}},
{"type":"Feature","geometry":{"type":"LineString","coordinates":[[25.6318974,49.4302914,0],[25.6299663,49.4345616,0],[25.6290007,49.4384128,0],[25.6280351,49.440715,0],[25.6269407,49.4426962,0],[25.6254601,49.4447611,0],[25.6240654,49.4463376,0],[25.6221128,49.448207,0],[25.620482,49.449602,0],[25.618186,49.4512062,0],[25.6165767,49.4522385,0],[25.6148171,49.4535636,0],[25.613873,49.4544424,0],[25.6125641,49.4562975,0],[25.6118774,49.4579713,0],[25.6115985,49.4593242,0],[25.6115127,49.4603702,0],[25.6122851,49.4646657,0],[25.6136155,49.471387,0],[25.6145167,49.4754584,0],[25.6150317,49.477508,0],[25.6163192,49.4804636,0],[25.6165338,49.4815231,0],[25.616684,49.4846597,0],[25.6174564,49.4883676,0],[25.6179285,49.4908766,0],[25.6177139,49.4924655,0],[25.6171131,49.4937199,0],[25.6152678,49.495699,0]]},"properties":{"name":"M-19","tessellate":true,"description":"http://routes.in.ua/international/m-19/"}},
{"type":"Feature","geometry":{"type":"LineString","coordinates":[[25.6051397,49.5243169,0],[25.6054401,49.5199501,0],[25.6055045,49.5195461,0],[25.6060624,49.5174356,0],[25.6068778,49.5141688,0],[25.6077683,49.5106858,0],[25.6088305,49.5065406,0],[25.6089807,49.5057464,0],[25.6094098,49.5045202,0],[25.6103647,49.5029944,0],[25.6111157,49.5019074,0],[25.6120169,49.5003676,0],[25.6138515,49.4974619,0],[25.6144416,49.4965909,0],[25.6152034,49.4957477,0]]},"properties":{"name":"M 19","tessellate":true,"description":"http://routes.in.ua/international/m-19/"}},
{"type":"Feature","geometry":{"type":"LineString","coordinates":[[35.0004029,48.5156662,0],[34.99403,48.5185089,0],[34.9914873,48.5197526,0],[34.9902213,48.5199658,0],[34.9883652,48.5201932,0],[34.983741,48.5216713,0],[34.9793315,48.5228224,0],[34.9744928,48.5234833,0],[34.9687421,48.5234975,0],[34.9627984,48.5232417,0],[34.9594402,48.5236041,0],[34.9571764,48.5243502,0],[34.9544942,48.5253592,0],[34.9502456,48.5259561,0],[34.9485505,48.5263824,0],[34.9464262,48.5274127,0],[34.9428964,48.5293168,0],[34.9393988,48.5310931,0],[34.9372101,48.5318533,0],[34.9345386,48.5323222,0],[34.9274683,48.5330539,0],[34.9249792,48.5336649,0],[34.9231231,48.5347306,0],[34.9219537,48.5358104,0],[34.9208486,48.5380837,0],[34.9196577,48.5407546,0],[34.9184024,48.5420901,0],[34.9148083,48.544015,0],[34.9073625,48.5468206,0],[34.9036396,48.5479783,0],[34.9023199,48.5486033,0],[34.9010539,48.5496047,0],[34.9000669,48.5509399,0],[34.8997128,48.5522183,0],[34.8998201,48.5534682,0],[34.9005282,48.5553217,0],[34.9008286,48.5565857,0],[34.9005175,48.5578213,0],[34.8993266,48.5590427,0],[34.89658,48.5602924,0],[34.8864734,48.5640414,0],[34.8826969,48.5655324,0],[34.8770535,48.5683439,0],[34.8704016,48.5716735,0],[34.8647368,48.5737961,0],[34.8600912,48.5749035,0],[34.8512399,48.5764794,0],[34.8488688,48.5770898,0],[34.8441482,48.5786088,0],[34.8378932,48.5805395,0],[34.8315418,48.5825481,0],[34.8250723,48.5847554,0],[34.8109961,48.5919373,0],[34.805932,48.5951447,0],[34.7999668,48.5995439,0],[34.796319,48.6009913,0],[34.787178,48.6026373,0],[34.7817707,48.6044819,0],[34.7720718,48.6083979,0],[34.7669649,48.6110084,0],[34.759326,48.6165411,0],[34.7493267,48.6239312,0],[34.7446918,48.6274486,0],[34.7403359,48.6301716,0],[34.7343278,48.6328944,0],[34.7239208,48.6360992,0],[34.7179985,48.6386799,0],[34.7112393,48.6427067,0],[34.7018409,48.6475554,0],[34.6975923,48.6495401,0],[34.6846747,48.653807,0]]},"properties":{"name":"Р - 52","tessellate":true,"description":"http://routes.in.ua/dnepropetrovsk-reshetilovka-r-52/"}},
{"type":"Feature","geometry":{"type":"LineString","coordinates":[[34.6831512,48.6545157,0],[34.7006607,48.6661378,0],[34.6926141,48.6716786,0],[34.6886659,48.6740025,0],[34.6831512,48.6796274,0],[34.6784949,48.6838917,0],[34.6740317,48.6878866,0],[34.668324,48.6937083,0],[34.6608353,48.6999966,0],[34.6596336,48.7008888,0],[34.6504498,48.7054346,0],[34.6456432,48.7077144,0],[34.6307087,48.7128542,0],[34.6281981,48.7138877,0],[34.6261811,48.712033,0],[34.6228337,48.7122312,0],[34.6201301,48.7123869,0],[34.6191645,48.7128258,0],[34.6170616,48.714808,0],[34.614315,48.7180359,0],[34.6118903,48.7208814,0],[34.6107745,48.7243071,0],[34.6103024,48.7258358,0],[34.6098518,48.7260198,0],[34.6083069,48.7265294,0],[34.6043372,48.7279448,0],[34.6001959,48.7303652,0],[34.597857,48.7323891,0],[34.5936084,48.7364508,0],[34.5878792,48.7420829,0],[34.583416,48.7464269,0],[34.5781159,48.7515627,0],[34.5738459,48.7557927,0],[34.5696831,48.7597535,0],[34.5623231,48.7670661,0],[34.5576024,48.7718887,0],[34.5556283,48.774618,0],[34.5526457,48.7790157,0],[34.5509505,48.7811932,0],[34.5452642,48.7885168,0],[34.5415735,48.7930122,0],[34.537797,48.7974083,0],[34.5336986,48.8023551,0],[34.5292783,48.8070048,0],[34.5227337,48.8133496,0],[34.512949,48.8226323,0],[34.5092154,48.8261358,0],[34.5059967,48.8291023,0],[34.5053959,48.8302606,0],[34.5084858,48.8375488,0],[34.5092154,48.8399497,0],[34.509387,48.8433108,0],[34.5086575,48.8442428,0],[34.5067692,48.8453725,0],[34.4992161,48.852009,0],[34.4959545,48.8563011,0],[34.4938517,48.8580517,0],[34.4887018,48.8604234,0],[34.4831228,48.8627385,0],[34.4803333,48.8648841,0],[34.4804192,48.8655617,0],[34.4837236,48.8686388,0],[34.4811916,48.8708688,0],[34.4755912,48.874623,0],[34.4725871,48.8770645,0],[34.4675016,48.8816225,0],[34.4616222,48.8858415,0],[34.4591117,48.8877886,0],[34.4584894,48.8888186,0],[34.4587255,48.8903564,0],[34.4599271,48.8914851,0],[34.4611073,48.8925432,0],[34.4623518,48.8938834,0],[34.463017,48.8958443,0],[34.4631028,48.8965355,0],[34.4624162,48.897791,0],[34.4620085,48.9006686,0],[34.4603777,48.9037859,0],[34.4593906,48.9060285,0],[34.4582534,48.9075658,0],[34.4582105,48.9085248,0],[34.4600129,48.9114159,0],[34.4629955,48.9157311,0],[34.4623089,48.9188897,0],[34.4638538,48.9222737,0],[34.4687462,48.9265597,0],[34.4742393,48.9309018,0],[34.4779301,48.9345669,0],[34.4841957,48.9374424,0],[34.4923496,48.9448841,0],[34.4917488,48.9458988,0],[34.4900322,48.946237,0],[34.4874573,48.9458988,0],[34.4832516,48.9463497,0],[34.4763851,48.9474771,0],[34.4664288,48.9520428,0],[34.463253,48.9530574,0]]},"properties":{"name":"Р 52","tessellate":true,"description":"http://routes.in.ua/dnepropetrovsk-reshetilovka-r-52/"}},
{"type":"Feature","geometry":{"type":"LineString","coordinates":[[34.4605126,48.9544056,0],[34.4241194,48.9750302,0],[34.4121028,48.9828045,0],[34.403262,48.9909718,0],[34.394507,48.9994193,0],[34.3908162,49.0030232,0],[34.3905587,49.0055007,0],[34.3887562,49.0101175,0],[34.3806879,49.0146213,0],[34.3695296,49.0198002,0],[34.3581138,49.0261323,0],[34.3432218,49.0344613,0],[34.3321493,49.0420576,0],[34.3173431,49.0524372,0],[34.3124078,49.0558122,0],[34.3096182,49.057134,0],[34.3005627,49.0594401,0],[34.2972153,49.0614648,0],[34.2938249,49.0663295,0],[34.2894903,49.0725995,0],[34.2858853,49.0763667,0],[34.2703495,49.0768447,0],[34.2638691,49.0750735,0],[34.2537409,49.0760012,0],[34.24593,49.0795996,0],[34.2360593,49.0874138,0],[34.2288493,49.0963788,0],[34.2252858,49.1067602,0],[34.2148585,49.1121973,0],[34.2105247,49.113293,0],[34.2096656,49.1154279,0],[34.2025415,49.1170008,0],[34.195589,49.1191637,0],[34.1875207,49.1241912,0],[34.1788957,49.1331217,0],[34.1778871,49.1347364,0],[34.1758485,49.1359017,0],[34.1700119,49.1430612,0],[34.1706554,49.1412645,0],[34.1700119,49.1430612,0],[34.1612568,49.1480302,0],[34.156879,49.1527741,0],[34.1550332,49.1560299,0],[34.1552477,49.1582473,0],[34.1555051,49.1608574,0],[34.1560844,49.1646038,0],[34.1535737,49.1670032,0],[34.1501409,49.1734846,0],[34.146192,49.1782825,0],[34.1435099,49.1819715,0],[34.1413425,49.1849871,0],[34.13542,49.1913823,0],[34.1265792,49.201226,0],[34.1152064,49.2124695,0],[34.1113868,49.2164224,0],[34.1034043,49.221384,0],[34.0924606,49.2284191,0],[34.0874393,49.2352571,0],[34.081989,49.2422623,0]]},"properties":{"name":"Р 52","tessellate":true,"description":"http://routes.in.ua/dnepropetrovsk-reshetilovka-r-52/"}},
{"type":"Feature","geometry":{"type":"LineString","coordinates":[[34.0842247,49.2414744,0],[34.0672302,49.2637719,0],[34.0609646,49.2735729,0],[34.0477467,49.2837639,0],[34.0359879,49.2930571,0],[34.0343571,49.2954641,0],[34.0286064,49.3127014,0],[34.024744,49.3231081,0],[34.0181351,49.3369802,0],[34.0140152,49.3457042,0],[34.0097237,49.3685694,0],[34.0062904,49.3866192,0],[33.9850903,49.403322,0],[33.9771938,49.4198516,0],[33.9737606,49.4283934,0],[33.9713573,49.4381058,0],[33.9644051,49.4469793,0]]},"properties":{"name":"Р52","tessellate":true,"description":"http://routes.in.ua/dnepropetrovsk-reshetilovka-r-52/"}},
{"type":"Feature","geometry":{"type":"LineString","coordinates":[[33.9642334,49.4477047,0],[33.9726448,49.4603144,0],[33.9843178,49.4708014,0],[33.9947891,49.4755979,0],[34.0116119,49.4952251,0],[34.0128136,49.5038095,0],[34.030323,49.5164048,0],[34.0562439,49.532562,0],[34.0620804,49.5395804,0],[34.0785599,49.5323392,0],[34.0943527,49.5467092,0],[34.097271,49.5536142,0],[34.0991592,49.5547278,0],[34.0928078,49.5600728,0],[34.0922928,49.5626337,0],[34.0936661,49.5670872,0],[34.1022491,49.5733214,0],[34.1061974,49.5762156,0],[34.109242,49.58131,0]]},"properties":{"name":"Р 52","tessellate":true,"description":"http://routes.in.ua/dnepropetrovsk-reshetilovka-r-52/"}},
{"type":"Feature","geometry":{"type":"LineString","coordinates":[[35.0771141,47.8217997,0],[35.0794315,47.8242201,0],[35.0796032,47.8268133,0],[35.0783157,47.8305588,0],[35.0776291,47.8366662,0],[35.07617,47.8388554,0]]},"properties":{"name":"кусочек новой развязки","tessellate":true}},
{"type":"Feature","geometry":{"type":"LineString","coordinates":[[35.0761271,47.8392875,0],[35.077672,47.8405549,0],[35.0768566,47.8412462,0],[35.0770712,47.8424272,0],[35.0800753,47.8437233,0],[35.0808048,47.8444146,0],[35.0885296,47.8470932,0],[35.0906754,47.8472084,0],[35.088315,47.8472948,0],[35.0899887,47.8480724,0],[35.0947094,47.8496276,0],[35.0982714,47.850866,0]]},"properties":{"name":"заторы в час пик","tessellate":true}},
{"type":"Feature","geometry":{"type":"LineString","coordinates":[[34.9272537,48.0543326,0],[34.8891449,48.0399304,0],[34.8583317,48.0286238,0],[34.8155022,48.0123771,0],[34.7783375,47.99848,0],[34.7252941,47.9783168,0],[34.696455,47.9673416,0],[34.6639252,47.9445216,0],[34.654398,47.9381969,0]]},"properties":{"name":"т0809","tessellate":true}},
{"type":"Feature","geometry":{"type":"LineString","coordinates":[[34.6507072,47.9358968,0],[34.6216965,47.9156517,0],[34.6084785,47.8927514,0],[34.5978355,47.8739863,0],[34.5918274,47.8569422,0],[34.5894241,47.8434641,0],[34.5856476,47.8304435,0],[34.5686531,47.8079667,0],[34.5580101,47.796667,0],[34.5477104,47.7911315,0],[34.5326042,47.7622915,0],[34.5142365,47.7251219,0],[34.4960403,47.6888503,0],[34.4864273,47.6774091,0],[34.4723511,47.6606473,0],[34.4617081,47.6472339,0],[34.4509792,47.6315614,0],[34.4447136,47.6228845,0]]},"properties":{"name":"р73","tessellate":true}},
{"type":"Feature","geometry":{"type":"LineString","coordinates":[[34.7676086,46.7821949,0],[34.83104,46.77896,0],[34.901545,46.780351,0],[34.907915,46.779624,0],[34.921264,46.780206,0],[35.026125,46.790327,0],[35.060973,46.793142,0],[35.101174,46.809004,0],[35.259899,46.826948,0],[35.294891,46.826595,0],[35.296287,46.826427,0],[35.299903,46.824153,0],[35.3023338,46.8246135,0],[35.30646,46.826713,0],[35.309558,46.826644,0],[35.331951,46.828361,0],[35.342887,46.830375,0],[35.344974,46.830879,0],[35.365455,46.840194,0],[35.366821,46.84056,0],[35.368724,46.840595,0]]},"properties":{"name":"Лінія 87","tessellate":true}},
{"type":"Feature","geometry":{"type":"LineString","coordinates":[[28.4020615,49.2359825,0],[28.3244705,49.2088504,0],[28.3076477,49.2032427,0],[28.2729721,49.1958396,0],[28.2225037,49.1855183,0],[28.1946945,49.1796836,0],[28.1322098,49.1525206,0],[28.0906677,49.127814,0],[28.0807114,49.1246686,0]]},"properties":{"name":"м21","tessellate":true}},
{"type":"Feature","geometry":{"type":"LineString","coordinates":[[28.0807114,49.1246686,0],[28.0810547,49.1136583,0],[28.0798531,49.1110739,0],[28.0693817,49.0998357,0],[28.0618286,49.0910682,0],[28.0578804,49.0800504,0],[28.0482674,49.0558702,0],[28.0420876,49.0454072,0],[28.0401993,49.0360674,0],[28.0472374,49.0225609,0],[28.0467224,49.019634,0],[28.0364227,48.9961002,0],[28.0353928,48.9919327,0],[28.0323029,48.9654557,0],[28.0044937,48.9486609,0],[27.9653549,48.9257702,0],[27.9200363,48.9080594,0],[27.8923988,48.8919224,0],[27.8584099,48.8718286,0],[27.855835,48.8691187,0],[27.8556633,48.862795,0],[27.8541183,48.8178287,0],[27.8524017,48.8125159,0],[27.8460503,48.8024541,0],[27.831459,48.7810801,0],[27.8288841,48.7793833,0],[27.811718,48.7764422,0],[27.8045082,48.7735008,0],[27.8017616,48.7706725,0],[27.7816772,48.7384179,0],[27.7806473,48.7350215,0],[27.7820206,48.7306058,0],[27.799015,48.678494,0],[27.7993584,48.6754335,0],[27.7988434,48.6713527,0],[27.7914619,48.6230377,0],[27.7866554,48.6089654,0],[27.7859688,48.6059008,0],[27.7882004,48.6002251,0],[27.7897453,48.5984087,0],[27.7892303,48.5930727,0],[27.7876854,48.5883039,0],[27.7840805,48.5719504,0],[27.755928,48.5168318,0],[27.7482033,48.5019338,0],[27.7487183,48.4990901,0],[27.7512932,48.4969289,0],[27.7548981,48.494995,0],[27.7663994,48.4870314,0],[27.7693176,48.4843007,0],[27.7701759,48.482025,0],[27.7698326,48.4755388,0],[27.7722359,48.4708727,0],[27.7722359,48.4675721,0],[27.7698326,48.4639297,0],[27.7648544,48.4614255,0],[27.7666569,48.461767,0],[27.7664852,48.4601733,0],[27.7705193,48.4597179,0],[27.7773857,48.4554489,0],[27.7851963,48.4490731,0],[27.7906036,48.444974,0],[27.7913761,48.4447747,0]]},"properties":{"name":"м21","tessellate":true}},
{"type":"Feature","geometry":{"type":"LineString","coordinates":[[32.3137951,48.5461032,0],[32.3368835,48.5536599,0],[32.342592,48.555471,0],[32.344261,48.556432,0],[32.3575687,48.5685427,0],[32.359895,48.570693,0]]},"properties":{"name":"м12","tessellate":true,"description":"(http://routes.in.ua/international/stryiy-znamenka-m-12/)"}},
{"type":"Feature","geometry":{"type":"LineString","coordinates":[[30.5406189,50.3364767,0],[30.537717,50.328952,0],[30.53725,50.323867,0],[30.5356407,50.3165312,0],[30.533746,50.306568,0],[30.533752,50.300067,0],[30.5337524,50.2899973,0],[30.53379,50.279649,0],[30.534163,50.276159,0],[30.5349541,50.2732141,0],[30.536791,50.269811,0],[30.538837,50.267063,0],[30.5438805,50.2622415,0],[30.552335,50.255218,0],[30.555768,50.2520896,0],[30.557785,50.2497845,0],[30.5604458,50.2461346,0],[30.5618191,50.2445703,0],[30.562871,50.243782,0],[30.564243,50.242923,0],[30.565639,50.242259,0],[30.5672693,50.2416336,0],[30.5702305,50.2410297,0],[30.5732346,50.2405357,0],[30.5759382,50.2401514,0],[30.5792,50.239425,0],[30.581241,50.238691,0],[30.583027,50.237733,0],[30.584178,50.2369125,0],[30.5853367,50.2355949,0],[30.5862379,50.2343322,0],[30.5870962,50.2323283,0],[30.5878687,50.2299125,0],[30.5898428,50.224092,0],[30.5910873,50.2199184,0],[30.592289,50.2128884,0],[30.5934048,50.206901,0],[30.59478,50.201684,0],[30.5964947,50.1986603,0],[30.5983829,50.1963527,0],[30.601816,50.193744,0],[30.606021,50.191398,0],[30.609636,50.190006,0],[30.6158066,50.1881102,0],[30.6260043,50.1849983,0],[30.6294966,50.1839197,0],[30.6333697,50.1827106,0],[30.6349629,50.1822366,0],[30.6366903,50.181735,0],[30.6386858,50.1811442,0],[30.6418562,50.1802442,0],[30.644753,50.1793991,0],[30.6495166,50.1779597,0],[30.6523061,50.1770768,0],[30.6554067,50.176108,0],[30.6567907,50.175572,0],[30.6577241,50.1752147,0],[30.658292,50.174934,0],[30.6594247,50.1743318,0],[30.660401,50.1737477,0],[30.6609374,50.1734179,0],[30.6618869,50.1726448,0],[30.6626272,50.1719542,0],[30.6632978,50.1712499,0],[30.6635392,50.1709716,0],[30.6643733,50.1699322,0],[30.6651431,50.1688103,0],[30.6658083,50.1677142,0],[30.6665218,50.1664772,0],[30.6670797,50.1655013,0],[30.667659,50.1643261,0],[30.667879,50.1636525,0],[30.6680828,50.1625735,0],[30.668136,50.161464,0],[30.6680667,50.1607933,0],[30.6678575,50.1598586,0],[30.6675571,50.1584873,0],[30.667187,50.1569063,0],[30.6668705,50.1553872,0],[30.6664735,50.1536721,0],[30.6660122,50.1518057,0],[30.6657547,50.1506301,0],[30.6652397,50.1484886,0],[30.6646013,50.1458898,0],[30.6632066,50.1400625,0],[30.6626916,50.1374907,0],[30.6627023,50.1365555,0],[30.662874,50.135799,0],[30.6630349,50.1352901,0],[30.662681,50.137008,0]]},"properties":{"name":"H01","tessellate":true,"description":"http://routes.in.ua/natsionalnyie/kiev-znamyanka-n-01/"}},
{"type":"Feature","geometry":{"type":"LineString","coordinates":[[36.438024,49.9326877,0],[36.4442253,49.9305883,0],[36.4472938,49.9295385,0],[36.4493966,49.9286406,0],[36.4540744,49.9264443,0],[36.4585161,49.9243998,0],[36.4637947,49.9219822,0],[36.4708114,49.9187079,0],[36.4807677,49.9142313,0],[36.4894366,49.9099616,0],[36.4954233,49.9071702,0],[36.5045214,49.9028998,0],[36.5065813,49.9014624,0],[36.5084267,49.8998039,0],[36.5101433,49.8981176,0],[36.510776,49.897686,0],[36.511817,49.8971501,0],[36.5127826,49.8967907,0],[36.5137482,49.8965281,0],[36.5157008,49.8961411,0],[36.5208721,49.8951735,0],[36.5258932,49.8942059,0],[36.53326,49.892726,0],[36.5416646,49.890985,0],[36.5479517,49.8896164,0],[36.5605474,49.8861602,0],[36.574451,49.882408,0],[36.575325,49.882205,0],[36.5768766,49.8819433,0],[36.5812969,49.8816114,0],[36.5900731,49.8808233,0],[36.6021538,49.8797171,0],[36.603614,49.879535,0],[36.6053939,49.8790258,0],[36.6132045,49.8766198,0],[36.6207576,49.8742966,0],[36.6227961,49.873619,0],[36.623802,49.873265,0],[36.6257358,49.8726648,0],[36.6264009,49.8724712,0],[36.627447,49.872011,0],[36.6284609,49.8714063,0],[36.6303492,49.8701616,0],[36.6330743,49.8682669,0],[36.6388249,49.8643112,0],[36.6438675,49.8608117,0],[36.6471076,49.8586261,0],[36.648438,49.8578237,0],[36.649307,49.85731,0],[36.6513991,49.8562882,0],[36.657064,49.8537012,0],[36.6636944,49.8507405,0],[36.6695309,49.848084,0],[36.676048,49.84531,0],[36.678286,49.844467,0]]},"properties":{"name":"м03","tessellate":true,"description":"http://routes.in.ua/international/kiev-harkov-m-03/"}},
{"type":"Feature","geometry":{"type":"LineString","coordinates":[[37.666449,48.872757,0],[37.6596522,48.8780382,0],[37.6566696,48.8802537,0],[37.655293,48.881161,0],[37.6543307,48.881679,0],[37.6516485,48.8829348,0],[37.6477218,48.8847409,0],[37.6403403,48.8881554,0],[37.6284099,48.8936295,0],[37.6234961,48.8958725,0],[37.6209426,48.8970434,0],[37.6081324,48.9030242,0],[37.605536,48.9042231,0],[37.5951505,48.9090043,0],[37.5839925,48.9141235,0],[37.582705,48.9147581,0],[37.58121,48.915593,0],[37.57792,48.9180719,0],[37.5755596,48.9198908,0],[37.5602818,48.9313529,0],[37.558467,48.9325,0],[37.555551,48.933706,0],[37.553319,48.934396,0],[37.543564,48.936146,0],[37.535987,48.937909,0],[37.5210571,48.9432493,0],[37.5164223,48.9449405,0],[37.498821,48.951469,0],[37.495651,48.95293,0],[37.4913168,48.9565236,0],[37.4895787,48.9582143,0],[37.4843431,48.9635398,0],[37.4786997,48.9692591,0],[37.4722838,48.9757243,0],[37.46651,48.98154,0],[37.4620914,48.9856246,0],[37.4591732,48.9879902,0],[37.4554825,48.9898207,0],[37.4525642,48.9910316,0],[37.450118,48.991778,0]]},"properties":{"name":"м03","tessellate":true,"description":"http://routes.in.ua/international/kiev-harkov-m-03/"}},
{"type":"Feature","geometry":{"type":"LineString","coordinates":[[37.4496889,48.9919046,0],[37.4490881,48.9919891,0],[37.442565,48.9936223,0],[37.4324369,48.996241,0],[37.4237251,48.9985216,0],[37.4137259,49.0023788,0],[37.4072886,49.0048845,0],[37.4041128,49.0064891,0],[37.4008083,49.0087975,0],[37.397418,49.0120628,0],[37.3605537,49.0530578,0],[37.3339462,49.0754402,0],[37.3239899,49.0839856,0],[37.318325,49.0943281,0],[37.3099136,49.1091636,0],[37.297554,49.1217477,0],[37.2861385,49.1319139,0],[37.2842503,49.1351149,0],[37.2804737,49.1548783,0],[37.2774696,49.1701446,0],[37.2774696,49.1772148,0],[37.2760963,49.1790664,0],[37.276783,49.1836109,0],[37.2748947,49.1905671,0],[37.2706032,49.1909597,0],[37.2609901,49.1914646,0],[37.2581577,49.1925864,0],[37.2572994,49.1949422,0],[37.2563553,49.1991487,0],[37.2518063,49.2206805,0],[37.2492313,49.2332364,0],[37.2475147,49.2377759,0],[37.244854,49.2411382,0],[37.2370434,49.2483104,0],[37.2241688,49.2604671,0],[37.2211218,49.2635199,0],[37.2191048,49.2665724,0],[37.2172165,49.2725929,0],[37.2147274,49.2808244,0],[37.2124529,49.2888306,0],[37.2125173,49.2914757,0],[37.2129464,49.2942046,0],[37.2137833,49.2987665,0],[37.2145987,49.303202,0],[37.2157145,49.3094699,0],[37.2161436,49.3116802,0],[37.2166586,49.3134708,0],[37.2173023,49.317961,0],[37.2175598,49.320115,0],[37.2183108,49.3240171,0],[37.2194695,49.3307857,0],[37.2207785,49.3382385,0],[37.2211647,49.3403497,0],[37.2212505,49.3429921,0],[37.2209501,49.3460397,0],[37.2204137,49.3536998,0],[37.2196627,49.3644751,0]]},"properties":{"name":"м03","tessellate":true,"description":"http://routes.in.ua/international/kiev-harkov-m-03/"}},
{"type":"Feature","geometry":{"type":"LineString","coordinates":[[37.2196198,49.3651878,0],[37.2188902,49.3762539,0],[37.217989,49.3788804,0],[37.2165298,49.3815067,0],[37.2136545,49.3851386,0],[37.2076464,49.3927368,0],[37.2015095,49.4005013,0],[37.1947718,49.4089349,0],[37.1888924,49.4165852,0],[37.1832275,49.4237319,0],[37.1764898,49.4323568,0],[37.1692371,49.4415103,0],[37.1624994,49.4501042,0],[37.1595597,49.4531173,0],[37.1571994,49.4551119,0],[37.1560621,49.4557814,0],[37.1524143,49.4579992,0],[37.1515775,49.4585571,0]]},"properties":{"name":"м03","tessellate":true,"description":"http://routes.in.ua/international/kiev-harkov-m-03/"}},
{"type":"Feature","geometry":{"type":"LineString","coordinates":[[37.1515775,49.4585571,0],[37.1397114,49.4654187,0],[37.1267939,49.4730324,0],[37.1149492,49.4798362,0],[37.093792,49.4920195,0],[37.088728,49.4951694,0],[37.0854664,49.4976222,0],[37.080574,49.5025554,0],[37.0743084,49.5090765,0],[37.0657682,49.5177143,0],[37.0581722,49.5254869,0],[37.0544386,49.5291917,0],[37.0504045,49.5335926,0],[37.0441818,49.5401931,0]]},"properties":{"name":"м03","tessellate":true,"description":"http://routes.in.ua/international/kiev-harkov-m-03/"}},
{"type":"Feature","geometry":{"type":"LineString","coordinates":[[37.0440745,49.5402697,0],[37.0441818,49.5401931,0],[37.0434737,49.5408197,0],[37.0423311,49.5420589,0],[37.0398527,49.5446382,0],[37.0382434,49.5463715,0],[37.0351481,49.5496606,0],[37.0348263,49.5500643,0]]},"properties":{"name":"м03","tessellate":true,"description":"http://routes.in.ua/international/kiev-harkov-m-03/"}},
{"type":"Feature","geometry":{"type":"LineString","coordinates":[[37.0348263,49.5500643,0],[37.0328093,49.5521908,0],[37.0299017,49.5552776,0],[37.0283407,49.5569201,0],[37.0267636,49.5585974,0],[37.0245266,49.5609705,0],[37.0235503,49.5620005,0],[37.0180678,49.5678109,0],[37.0131004,49.5730779,0],[37.0101178,49.5762086,0],[37.0069635,49.5795548,0],[37.0046031,49.5820521,0],[37.0033264,49.5833877,0],[37.001642,49.5847719,0],[36.99808,49.587422,0],[36.9942069,49.5901415,0],[36.9892287,49.5936605,0],[36.9851303,49.5965952,0],[36.9759464,49.6027979,0],[36.9691443,49.6073867,0],[36.9635439,49.6113217,0],[36.9567847,49.6159793,0],[36.9492102,49.6211925,0],[36.9430089,49.6256128,0],[36.9397044,49.6277951,0],[36.9351125,49.6317423,0],[36.9287181,49.6374402,0],[36.9230318,49.6423871,0],[36.918633,49.6462914,0],[36.9125819,49.6515986,0],[36.8992138,49.6635724,0],[36.8743229,49.6857342,0],[36.8544102,49.7031677,0],[36.8334675,49.7216493,0],[36.8138981,49.7390699,0],[36.7909813,49.7592013,0],[36.7872477,49.7624725,0],[36.7852306,49.7648565,0],[36.7782784,49.7766084,0],[36.7700815,49.790574,0],[36.7678499,49.7943141,0],[36.7602968,49.8015164,0],[36.7494392,49.811764,0],[36.7396975,49.820985,0],[36.7299557,49.8301765,0],[36.7218447,49.8378717,0],[36.7199135,49.839311,0],[36.7169738,49.8410131,0],[36.7153859,49.8416497,0],[36.7111158,49.8428674,0],[36.706202,49.8435731,0],[36.6992283,49.8444034,0],[36.6945291,49.8449984,0],[36.6931558,49.8450814,0],[36.6918468,49.8449569,0],[36.6904736,49.844694,0],[36.6885209,49.8441266,0],[36.6859245,49.8434624,0],[36.6846371,49.8431857,0],[36.6839075,49.8431165,0],[36.6825342,49.8432134,0],[36.6813326,49.8434901,0],[36.678286,49.844467,0]]},"properties":{"name":"м03","tessellate":true,"description":"http://routes.in.ua/international/kiev-harkov-m-03/"}},
{"type":"Feature","geometry":{"type":"LineString","coordinates":[[33.2094383,49.708885,0],[33.2167339,49.6875112,0],[33.2240295,49.6702942,0],[33.2254887,49.6668501,0],[33.2247162,49.663628,0],[33.2244587,49.6615168,0],[33.2216263,49.6570719,0],[33.2180214,49.651682,0],[33.210125,49.642401,0],[33.2002544,49.6286707,0],[33.191843,49.6157152,0],[33.1887531,49.6092083,0],[33.1886244,49.6084852,0],[33.1883883,49.6083045,0],[33.187573,49.608221,0],[33.1871438,49.6075397,0],[33.1871653,49.6065942,0],[33.1868005,49.6057737,0],[33.1849337,49.6026171,0],[33.1835604,49.6015046,0],[33.1816292,49.6008231,0],[33.180728,49.599488,0],[33.1800413,49.5976801,0],[33.1796765,49.5918523,0],[33.1789041,49.5865943,0],[33.1778955,49.5801113,0],[33.1767583,49.5750886,0],[33.1758142,49.5698287,0],[33.1743765,49.5593768,0],[33.1745481,49.5578458,0],[33.1753206,49.5560641,0],[33.1768227,49.5538647,0],[33.1833029,49.5445094,0],[33.1905985,49.5338989,0],[33.1922722,49.5320885,0],[33.1947184,49.5299995,0],[33.1980228,49.5271304,0],[33.1986237,49.5263226,0],[33.1987095,49.5238712,0],[33.1987953,49.5213918,0],[33.1998682,49.5185501,0],[33.2014132,49.5153181,0],[33.2019711,49.5140086,0],[33.2017136,49.5128662,0],[33.2009411,49.5113058,0],[33.1941175,49.5000471,0],[33.1911993,49.4952808,0],[33.1886244,49.4915456,0],[33.1848049,49.4858585,0],[33.1825733,49.4816207,0],[33.1783247,49.4710245,0],[33.1753206,49.4634663,0],[33.175149,49.4607886,0],[33.1759214,49.4531173,0],[33.1772089,49.4419289,0],[33.1792259,49.4314078,0],[33.1793118,49.4307101,0],[33.1789255,49.4298169,0],[33.176136,49.4210799,0],[33.1732178,49.4115316,0],[33.1673813,49.4049417,0],[33.1668663,49.3990211,0],[33.1669521,49.3928206,0],[33.1672096,49.3907535,0],[33.1684971,49.3848872,0],[33.1730461,49.3635947,0],[33.1731319,49.3561038,0],[33.1736469,49.3515473,0],[33.1739044,49.3500935,0],[33.1749773,49.3479688,0],[33.1747198,49.3465709,0],[33.1740761,49.3458999,0],[33.1708145,49.345145,0],[33.1684113,49.3446417,0],[33.1676817,49.343719,0],[33.1687975,49.3398883,0],[33.1708574,49.3384063,0],[33.1750631,49.3357777,0],[33.175621,49.3346591,0],[33.1759214,49.3329811,0],[33.1762218,49.3310514,0],[33.1775093,49.3263247,0],[33.1780887,49.324129,0],[33.1790113,49.322157,0],[33.1801057,49.3198632,0],[33.1810713,49.3188002,0],[33.184011,49.3163804,0],[33.1867576,49.3142961,0],[33.189075,49.3129112,0],[33.1928945,49.310687,0],[33.1943321,49.3098896,0],[33.1955767,49.3089802,0],[33.1973362,49.3075252,0],[33.1992888,49.3058743,0],[33.2029581,49.3027123,0],[33.2047391,49.3012012,0],[33.2066703,49.3000398,0],[33.2105541,49.2978849,0],[33.2127428,49.2969754,0],[33.2146955,49.2964016,0],[33.2179785,49.2959259,0],[33.2233,49.2953661,0],[33.2261968,49.2950442,0],[33.2327199,49.2930711,0],[33.2418394,49.2915316,0],[33.2452726,49.2907199,0],[33.2468176,49.2901181,0],[33.251431,49.2883407,0],[33.2566023,49.2859194,0],[33.262825,49.282812,0],[33.2705927,49.2781927,0],[33.2894325,49.2663484,0],[33.3011055,49.2573862,0],[33.3076286,49.2458451,0],[33.3139801,49.2337408,0],[33.3205032,49.2238758,0],[33.3270264,49.211654,0],[33.3390427,49.1951666,0],[33.3572388,49.174746,0],[33.3726883,49.1533065,0],[33.3763361,49.1480855,0],[33.3829021,49.1429482,0]]},"properties":{"name":"т1716","tessellate":true}},
{"type":"Feature","geometry":{"type":"LineString","coordinates":[[31.0413122,49.9680888,0],[31.0394239,49.9654663,0],[31.0386086,49.9652731,0],[31.0377073,49.9655215,0],[31.0365057,49.9652731,0],[31.0360336,49.964721,0],[31.0325146,49.9642241,0],[31.03127,49.9643069,0],[31.0283518,49.9651351,0],[31.0263348,49.9652731,0],[31.023674,49.9653007,0],[31.021142,49.9651627,0],[31.01964,49.9647762,0],[31.0179663,49.9637824,0],[31.0117865,49.9592271,0],[31.008482,49.9567699,0],[31.0046625,49.9532909,0],[31.0034609,49.9528767,0],[31.0016155,49.9526282,0],[30.9977961,49.9519655,0],[30.9933329,49.9491489,0],[30.9925604,49.9483756,0],[30.9923458,49.9477681,0],[30.9919596,49.9457245,0],[30.9909296,49.9436256,0],[30.988462,49.9383365,0],[30.9867239,49.9361682,0],[30.9847283,49.9340827,0],[30.980823,49.9299252,0],[30.9773898,49.9263614,0],[30.9777331,49.9256155,0],[30.9779048,49.925201,0],[30.9794712,49.9243169,0],[30.9802437,49.9232946,0],[30.9804153,49.9229631,0],[30.9797716,49.9215816,0],[30.9792781,49.9208494,0],[30.9788275,49.920131,0],[30.9777117,49.9193435,0],[30.9768963,49.9178513,0],[30.9761024,49.9158894,0],[30.9734845,49.9108045,0],[30.9723043,49.9082619,0],[30.9705877,49.9047655,0],[30.9694934,49.9035494,0],[30.9677124,49.9024714,0],[30.9653306,49.9013657,0],[30.9584641,49.89809,0],[30.9511256,49.8946206,0],[30.9490657,49.8936391,0],[30.9380364,49.8884552,0],[30.9347749,49.8870727,0],[30.9323072,49.886575,0],[30.9138751,49.8836024,0],[30.9066224,49.8835333,0],[30.905056,49.8831738,0],[30.8882332,49.8762187,0],[30.8623123,49.8683637,0],[30.8397174,49.8612405,0]]},"properties":{"name":"р32","tessellate":true,"description":"http://routes.in.ua/doroga-kremenets-b-tserkov-rzhishhev-r-32/"}},
{"type":"Feature","geometry":{"type":"LineString","coordinates":[[30.8212423,49.8653209,0],[30.8012438,49.8619183,0],[30.7928324,49.860618,0],[30.7603025,49.8551953,0],[30.747385,49.8530648,0],[30.7302189,49.8506851,0],[30.7006931,49.8468387,0],[30.6821322,49.8443757,0],[30.6798577,49.843753,0],[30.6775188,49.842729,0],[30.6760383,49.8416359,0],[30.6715107,49.8379548,0],[30.6697083,49.8365847,0],[30.6684208,49.8359619,0],[30.6671977,49.8357405,0],[30.6661892,49.8359065,0],[30.6593657,49.8371936,0],[30.654645,49.8365985,0],[30.6522632,49.8362664,0],[30.643487,49.8354221,0],[30.6302905,49.8341627,0],[30.618403,49.8329863,0],[30.5992413,49.831187,0],[30.5775905,49.8291523,0],[30.5447173,49.8261208,0],[30.5227876,49.824169,0],[30.5067158,49.8227016,0],[30.4840565,49.8205558,0],[30.464294,49.8187145,0],[30.4570198,49.8180915,0],[30.4562044,49.8181192,0],[30.4553246,49.8184376,0],[30.454402,49.8188807,0],[30.4517412,49.8216772,0],[30.450089,49.8232692,0],[30.4494238,49.8243074,0],[30.4466772,49.8261485,0],[30.4429007,49.8286955,0],[30.4312706,49.8220371,0],[30.4251766,49.8184376,0],[30.4181385,49.8107393,0],[30.4081821,49.8059204,0],[30.4069376,49.805588,0],[30.4056931,49.8058373,0],[30.4049206,49.8064743,0],[30.3974962,49.8149486,0],[30.3967667,49.8154194,0],[30.3954363,49.8146994,0],[30.3932905,49.812124,0],[30.3923893,49.8112101,0],[30.3892565,49.8091331,0],[30.3756523,49.799619,0],[30.372262,49.7971674,0],[30.3664255,49.79376,0],[30.3611577,49.7906155,0],[30.3567374,49.7879835,0],[30.3554821,49.7872561,0],[30.3524244,49.7856422,0],[30.3480577,49.7832938,0],[30.3440452,49.7811671,0],[30.3435194,49.7808692,0],[30.3429294,49.7807791,0],[30.3384769,49.7804743,0],[30.3370929,49.7802734,0],[30.3350866,49.7798369,0],[30.3343785,49.7797607,0],[30.3322327,49.7798577,0],[30.3295934,49.7797122,0],[30.3265893,49.7797954,0],[30.3153133,49.7803011,0],[30.3112578,49.7803981,0],[30.3068697,49.7802318,0],[30.3059578,49.7801625,0],[30.3050995,49.7801764,0],[30.3039086,49.7803219,0],[30.3026962,49.7805436,0],[30.3010225,49.7807376,0],[30.2948856,49.7809246,0],[30.2870643,49.7810354,0],[30.2829337,49.7811394,0],[30.2744901,49.781361,0],[30.2674735,49.7815619,0],[30.2630424,49.7817074,0],[30.2608001,49.7817628,0],[30.2537405,49.7819568,0],[30.2469814,49.7821716,0],[30.2415419,49.7823655,0],[30.2343535,49.7825872,0],[30.226779,49.782899,0],[30.2232063,49.7830444,0],[30.2179062,49.7831691,0],[30.2113616,49.7833977,0],[30.2095485,49.7834393,0],[30.2083039,49.7833631,0],[30.2046025,49.7827604,0],[30.203079,49.7826842,0],[30.200268,49.7827673,0]]},"properties":{"name":"р32","tessellate":true,"description":"http://routes.in.ua/doroga-kremenets-b-tserkov-rzhishhev-r-32/"}},
{"type":"Feature","geometry":{"type":"LineString","coordinates":[[30.1997423,49.7827604,0],[30.1941204,49.7829544,0],[30.1902151,49.7837025,0],[30.1712036,49.7844507,0],[30.1612043,49.7848386,0],[30.150218,49.7856976,0],[30.1440382,49.7838134,0],[30.141592,49.7832315,0],[30.1382875,49.7830375,0],[30.1322365,49.7832315,0],[30.1285028,49.7833423,0],[30.1234818,49.7851434,0],[30.118804,49.7878311,0],[30.1163578,49.7902415,0],[30.1122808,49.7926518,0],[30.1185036,49.7966134,0],[30.1215935,49.7986079,0],[30.1239109,49.8030952,0],[30.1276875,49.8069728,0],[30.124855,49.8073606,0],[30.1137829,49.8116255,0],[30.1087189,49.8133979,0],[30.1035261,49.8200713,0],[30.1021528,49.8211234,0],[30.100565,49.8216495,0],[30.0987196,49.821871,0],[30.0942564,49.8210404,0],[30.0803947,49.8178008,0],[30.0763178,49.8168593,0],[30.0737858,49.8165547,0],[30.0723696,49.8168039,0],[30.0683784,49.8177454,0],[30.0643015,49.8173854,0],[30.054388,49.8164993,0],[30.0462341,49.8155301,0],[30.0343895,49.8140348,0],[30.0201416,49.8121794,0],[30.0180817,49.8119302,0],[30.0142622,49.8108778,0],[30.0070095,49.8086622,0],[29.9996066,49.8067097,0],[29.9985766,49.8064743,0],[29.9973106,49.8064327,0],[29.9939418,49.8062943,0],[29.9876547,49.8056572,0],[29.9848437,49.8054218,0],[29.9305344,49.8003253,0],[29.900322,49.7974444,0],[29.8959446,49.7967796,0],[29.8847866,49.7967796,0],[29.8834991,49.7966688,0],[29.8795509,49.7948958,0],[29.8634148,49.7883021,0],[29.8427296,49.7802942,0],[29.841013,49.7790194,0],[29.8390388,49.776747,0],[29.8369789,49.7750287,0],[29.8353481,49.7741973,0],[29.8325157,49.773061,0],[29.8296833,49.7728947,0],[29.828546,49.7727145,0],[29.826057,49.7711763,0],[29.8227096,49.7695548,0],[29.8174524,49.7670741,0],[29.8163152,49.7668107,0],[29.8136759,49.7666029,0],[29.8085046,49.7664365,0],[29.7876263,49.7656743,0],[29.7779489,49.7653,0],[29.7708464,49.7635675,0],[29.7542167,49.7595617,0],[29.7391963,49.7559437,0],[29.7362995,49.7552089,0],[29.7348189,49.7546406,0],[29.7325659,49.7538642,0],[29.7317076,49.7536701,0],[29.7302485,49.7535315,0],[29.7289395,49.7534206,0],[29.7272229,49.7534067,0],[29.7212362,49.7532958,0],[29.703877,49.752769,0],[29.6980834,49.7525888,0],[29.6950364,49.7517293,0],[29.6867967,49.7490812,0],[29.6841574,49.7478472,0],[29.677527,49.7448384,0],[29.6745443,49.7432161,0],[29.6736002,49.7424951,0],[29.6699953,49.7382933,0],[29.6688795,49.7366569,0],[29.66609,49.7356029,0],[29.6632147,49.7338,0]]},"properties":{"name":"р32","tessellate":true,"description":"http://routes.in.ua/doroga-kremenets-b-tserkov-rzhishhev-r-32/"}},
{"type":"Feature","geometry":{"type":"LineString","coordinates":[[29.6624851,49.7339664,0],[29.6527863,49.7369066,0],[29.6438599,49.7365737,0],[29.6105146,49.7349927,0],[29.6089268,49.7351592,0],[29.6024036,49.735908,0],[29.5929193,49.736962,0],[29.5757961,49.7374058,0],[29.5544243,49.7379328,0],[29.5404768,49.7382656,0],[29.5330524,49.7384875,0],[29.5228815,49.7387094,0],[29.5204353,49.7387926,0],[29.5169592,49.7391254,0],[29.4927979,49.7412332,0],[29.4857168,49.7417879,0],[29.4789362,49.7423148,0],[29.4768333,49.7422593,0],[29.4751167,49.7418988,0],[29.4721985,49.7409559,0],[29.4641733,49.7385152,0],[29.4458485,49.7328569,0],[29.4350338,49.7295837,0],[29.4349158,49.7298125,0],[29.4338858,49.7295005,0],[29.4297767,49.7282521,0],[29.4230068,49.7261576,0],[29.4149172,49.7236538,0],[29.4106042,49.722329,0],[29.4040382,49.7202828,0],[29.3977833,49.7183822,0],[29.3906486,49.7161902,0],[29.3820333,49.7135333,0],[29.3728924,49.7107097,0],[29.3686545,49.7094123,0],[29.3671578,49.7092146,0],[29.3666911,49.7092631,0],[29.3658489,49.7094088,0],[29.3613696,49.7101824,0],[29.3601733,49.7103871,0],[29.3578774,49.7105189,0],[29.3564826,49.7104217,0],[29.3519175,49.7101165,0],[29.3515044,49.7100922,0],[29.3504477,49.7102865,0],[29.3482107,49.7107097,0],[29.3442303,49.7114451,0],[29.340207,49.7121943,0],[29.3354487,49.7130823,0],[29.3321443,49.7136928,0],[29.3279386,49.7141784,0],[29.3222523,49.7148305,0],[29.3160403,49.7155034,0],[29.3097425,49.7162041,0],[29.2951834,49.7177926,0],[29.2898297,49.7183337,0],[29.2860639,49.7187291,0],[29.2839611,49.718951,0],[29.2813003,49.7189649,0],[29.2793691,49.7188609,0],[29.2763007,49.7186597,0],[29.2743158,49.7186805,0],[29.2713869,49.7188262,0],[29.2650354,49.7191453,0],[29.2611945,49.7193325,0],[29.2574394,49.7195892,0],[29.2552185,49.7197071,0],[29.2505729,49.7199152,0],[29.2498112,49.7199846,0],[29.2491782,49.7201372,0],[29.2485988,49.7204493,0],[29.2462385,49.722121,0],[29.2451656,49.7226758,0],[29.2441678,49.7229949,0],[29.2430735,49.7231683,0],[29.241904,49.7232169,0],[29.2410672,49.7231406,0],[29.2355847,49.7225857,0],[29.2332351,49.7223568,0],[29.2288363,49.7221834,0],[29.2255962,49.722003,0],[29.2185688,49.721677,0],[29.2155004,49.7215453,0],[29.2129683,49.7217256,0],[29.2106295,49.7219476,0],[29.2088485,49.7220655,0],[29.2072821,49.7219892,0],[29.2052114,49.721462,0],[29.2041385,49.7211499,0]]},"properties":{"name":"р32","tessellate":true,"description":"http://routes.in.ua/doroga-kremenets-b-tserkov-rzhishhev-r-32/"}},
{"type":"Feature","geometry":{"type":"LineString","coordinates":[[29.2038059,49.7210944,0],[29.1932058,49.7180978,0],[29.1913605,49.7169879,0],[29.1891289,49.7151288,0],[29.1868544,49.7142409,0],[29.1838503,49.7141021,0],[29.17943,49.7145738,0],[29.1717482,49.7152953,0],[29.1403341,49.7146293,0],[29.1128683,49.7140189,0],[29.1114306,49.7140605,0],[29.1100574,49.714338,0],[29.1084909,49.714671,0],[29.0937924,49.717973,0],[29.0771627,49.7216632,0],[29.0496325,49.7278083,0],[29.0473366,49.7282799,0],[29.0452766,49.7285711,0],[29.0426803,49.7284602,0],[29.0401268,49.7279331,0],[29.0380883,49.7271979,0],[29.0363288,49.7261576,0],[29.0350842,49.7249786,0],[29.032402,49.72201,0],[29.0273595,49.7161694,0],[29.024055,49.7125204,0],[29.0229821,49.7112022,0],[29.0222096,49.710564,0],[29.0207291,49.7097939,0],[29.018594,49.7092388,0],[29.0127146,49.7078582,0],[29.0076292,49.7066856,0],[29.0065992,49.7062623,0],[29.0058053,49.7057142,0],[29.0052044,49.7052493,0],[29.0047002,49.7047428,0],[29.0034878,49.7027375,0],[29.0006447,49.6982409,0],[28.9982414,49.6942852,0],[28.9972115,49.6926334,0],[28.9964497,49.6915923,0],[28.9954627,49.690697,0],[28.9944327,49.6900238,0],[28.9932311,49.6894477,0],[28.992008,49.6890035,0],[28.9903343,49.6886009,0],[28.9880919,49.6880387,0],[28.9845622,49.6875528,0],[28.981601,49.6871502,0],[28.971076,49.6857203,0],[28.9645743,49.6848457,0],[28.9611948,49.6845472,0],[28.9568925,49.6841793,0]]},"properties":{"name":"р32","tessellate":true}},
{"type":"Feature","geometry":{"type":"LineString","coordinates":[[28.9567637,49.6841932,0],[28.9436316,49.6829992,0],[28.9299202,49.681833,0],[28.9267874,49.6814859,0],[28.9237618,49.6808334,0],[28.9183545,49.679681,0],[28.9173031,49.6795977,0],[28.9164233,49.6796949,0],[28.915565,49.6799031,0],[28.9138913,49.6804724,0],[28.9064026,49.6830964,0],[28.9050293,49.6833324,0],[28.8978839,49.6842349,0],[28.892498,49.6848596,0],[28.8885713,49.6839988,0],[28.8868117,49.6835823,0],[28.8850951,49.6835962,0],[28.8823056,49.6839017,0],[28.8810396,49.6845403,0],[28.880353,49.685165,0],[28.8741302,49.6893991,0],[28.8715339,49.6904402,0],[28.8572645,49.6956593,0],[28.8559985,49.6960549,0],[28.8544536,49.6962908,0],[28.8513637,49.6962839,0],[28.8427484,49.6960826,0],[28.841815,49.6960549,0],[28.8398945,49.695805,0],[28.8377702,49.6955344,0],[28.8354957,49.6954927,0],[28.8338649,49.6956732,0],[28.83232,49.6961867,0],[28.8316119,49.6963255,0],[28.8303888,49.6964158,0],[28.8261294,49.6967003,0],[28.8244987,49.696728,0],[28.8226748,49.6965129,0],[28.8171816,49.695812,0],[28.8140059,49.6956177,0],[28.8073969,49.6972277,0],[28.7988567,49.700059,0],[28.7974405,49.7008362,0],[28.7928486,49.7059987,0],[28.7831283,49.7176123,0],[28.7790298,49.72244,0],[28.7760258,49.7259912,0],[28.7751353,49.726761,0],[28.7730324,49.7279262,0],[28.7722278,49.728266,0],[28.7712729,49.7283492,0],[28.7655544,49.7290982,0],[28.7538171,49.7306863,0],[28.7469292,49.7316156,0],[28.7414896,49.7323576,0],[28.735975,49.7331204,0],[28.7252784,49.7347154,0],[28.7228966,49.7348818,0],[28.7090135,49.7356446,0],[28.70013,49.7361438,0],[28.6938858,49.7365321,0],[28.6872554,49.7369066,0],[28.6797023,49.7373365,0]]},"properties":{"name":"р32","tessellate":true}},
{"type":"Feature","geometry":{"type":"LineString","coordinates":[[28.6789513,49.7373781,0],[28.6717844,49.7377941,0],[28.6653042,49.739375,0],[28.6635017,49.7410945,0],[28.6624932,49.7422732,0],[28.6616135,49.7427585,0],[28.66009,49.7430081,0],[28.6569142,49.7434102,0],[28.6392546,49.7458368,0],[28.6262941,49.7476115,0],[28.622582,49.7481245,0],[28.6152434,49.7491505,0],[28.6139774,49.7493862,0],[28.6126256,49.7498853,0],[28.6109734,49.7506617,0],[28.6095142,49.7517431,0],[28.6061454,49.7541969,0],[28.6053085,49.7544326,0],[28.6029696,49.7548208,0],[28.5999441,49.7552367,0],[28.5943651,49.7560546,0],[28.5903955,49.7561932,0],[28.5895371,49.756512,0],[28.5886359,49.7568447,0],[28.5876918,49.7574685,0],[28.5804176,49.7619458,0],[28.5786152,49.7627497,0],[28.569839,49.7661455,0],[28.5649681,49.7680442,0],[28.5633373,49.768557,0],[28.5580158,49.7697212,0],[28.5513425,49.7712456,0],[28.5497332,49.7715505,0],[28.5488534,49.7715505,0],[28.5340047,49.7708991,0],[28.5266876,49.7705527,0],[28.5020328,49.7694163,0],[28.4814334,49.76846,0],[28.4778285,49.7682937,0],[28.4745455,49.7683075,0],[28.4623575,49.76846,0],[28.4550834,49.7685709,0],[28.453517,49.7686124,0],[28.437295,49.768751,0],[28.4242272,49.7689173,0],[28.4220171,49.768751,0],[28.4197855,49.7687926,0],[28.417275,49.7691668,0],[28.4140778,49.7696519,0],[28.4100866,49.7702755,0],[28.4081125,49.7706497,0],[28.4032845,49.771398,0],[28.4028983,49.7714673,0],[28.4007311,49.7723127,0],[28.38938,49.7767054,0],[28.3783507,49.7809869,0],[28.365519,49.7859469,0],[28.3551121,49.7899367,0],[28.348546,49.7925272,0],[28.3436108,49.7933721,0],[28.3263373,49.7963779,0],[28.3097291,49.7992312,0],[28.2741952,49.8054357,0],[28.2720923,49.8058373,0],[28.2691956,49.8070005,0],[28.2562137,49.8122625,0],[28.2527161,49.8136194,0],[28.2594966,49.8110716,0]]},"properties":{"name":"р32","tessellate":true,"description":"http://routes.in.ua/doroga-kremenets-b-tserkov-rzhishhev-r-32/"}},
{"type":"Feature","geometry":{"type":"LineString","coordinates":[[28.2527161,49.8136194,0],[28.2209587,49.8259132,0],[28.1881714,49.8365432,0],[28.1800175,49.8392003,0],[28.1661129,49.8407502,0],[28.1437111,49.8435178,0],[28.1023407,49.848333,0],[28.0674934,49.8524284,0],[28.0420017,49.8553613,0],[28.0208874,49.8579067,0],[28.0099869,49.8591794,0],[28.0038071,49.8621949,0],[27.9976702,49.8634675,0],[27.9777575,49.8674509,0],[27.956171,49.8717935,0],[27.9329538,49.87644,0],[27.9041147,49.8822475,0],[27.8838158,49.8862846,0],[27.8597832,49.8911509,0],[27.8315878,49.896846,0],[27.8181553,49.899638,0],[27.8156662,49.9006608,0],[27.8142071,49.9013519,0],[27.8101301,49.9039502,0],[27.7986288,49.9111914,0],[27.7981567,49.9117994,0],[27.7812481,49.9224934,0],[27.7794027,49.9236538,0],[27.7774286,49.9240959,0],[27.7748966,49.9245103,0],[27.7723217,49.9249938,0],[27.7693605,49.9264581,0],[27.7680731,49.9270245,0]]},"properties":{"name":"р32","tessellate":true,"description":"http://routes.in.ua/doroga-kremenets-b-tserkov-rzhishhev-r-32/"}},
{"type":"Feature","geometry":{"type":"LineString","coordinates":[[27.7680731,49.9270245,0],[27.7676439,49.927356,0],[27.7668715,49.9274941,0],[27.7611208,49.9302015,0],[27.75949,49.9306159,0],[27.7582026,49.9306711,0],[27.7561426,49.9302844,0],[27.7509499,49.929649,0],[27.749362,49.9294832,0],[27.7472162,49.9296766,0],[27.7333546,49.9301739,0],[27.7096653,49.9310579,0],[27.7020264,49.9313894,0],[27.6987219,49.9319971,0],[27.6951599,49.9328535,0],[27.681427,49.9360301,0],[27.6621151,49.9404771,0],[27.6595402,49.9408914,0],[27.6574802,49.9409742,0],[27.6537466,49.9408361,0],[27.6267529,49.9399247,0],[27.6023769,49.9390408,0],[27.5812626,49.9374665,0],[27.5609207,49.9359196,0],[27.5346136,49.9338756,0],[27.5276184,49.9332402,0],[27.5007534,49.9329087,0],[27.4974489,49.9328811,0],[27.4940157,49.9334336,0],[27.4904966,49.9341794,0],[27.4742746,49.9374388,0],[27.4717855,49.937715,0],[27.467494,49.9376874,0],[27.4414015,49.9376874,0],[27.4171114,49.9376598,0],[27.4153519,49.9376874,0],[27.4125624,49.9381017,0],[27.4102449,49.9386542,0],[27.3839378,49.9444541,0],[27.3597336,49.949784,0],[27.3344994,49.955417,0],[27.3151875,49.9596965,0],[27.3132133,49.9599174,0],[27.3084927,49.9603591,0],[27.2751045,49.9637272,0],[27.262702,49.9649418,0],[27.2600842,49.9653559,0],[27.2558355,49.9669846,0],[27.2523165,49.9685856,0],[27.2440338,49.9721739,0],[27.2424459,49.972726,0],[27.2382402,49.9737472,0],[27.2296572,49.9759552,0],[27.2271681,49.976728,0],[27.2230053,49.9790738,0],[27.2205591,49.9802881,0],[27.2164392,49.9810884,0],[27.2091007,49.9823302,0],[27.1944666,49.9848137,0],[27.1920633,49.9847585,0],[27.1896172,49.9844274,0],[27.1868706,49.984455,0],[27.1827936,49.9850345,0],[27.1644688,49.9877662,0],[27.133913,49.9923188,0],[27.1035719,49.9968433,0],[27.0810843,50.0001536,0],[27.0768785,50.0007881,0],[27.0473099,50.0052291,0],[27.0277405,50.0081803,0],[27.0262384,50.0085113,0],[27.020359,50.0109659,0],[27.0189857,50.0111865,0],[27.016325,50.0109659,0],[27.0150375,50.0101661,0],[27.0124197,50.0085389,0],[27.0107031,50.0080148,0],[27.0089436,50.007739,0],[26.9982576,50.0073529,0],[26.9700193,50.0064151,0],[26.9531536,50.0058083,0],[26.9353437,50.0036844,0],[26.9198942,50.0018363,0],[26.9182205,50.0019191,0],[26.912899,50.0021122,0],[26.8610144,50.0042637,0],[26.8018341,50.0066082,0],[26.7678881,50.0078769,0],[26.7484903,50.0096972,0],[26.7339849,50.0109659,0],[26.7080212,50.0102488,0],[26.6790962,50.0101937,0],[26.675663,50.0095869,0],[26.6725731,50.0084837,0],[26.6693544,50.0065806,0],[26.6528749,49.9967881,0],[26.6486263,49.9945535,0],[26.6455364,49.9928981,0],[26.6359234,49.9911876,0],[26.6216755,49.9890906,0],[26.6121483,49.9875455,0],[26.6087151,49.9862762,0],[26.5795326,49.9705454,0],[26.5585041,49.9626505,0],[26.5391064,49.9553617,0],[26.5245152,49.9540916,0],[26.5075207,49.9529871,0],[26.4670086,49.9498944,0],[26.4645195,49.9499221,0],[26.4627171,49.950281,0],[26.4606142,49.9513304,0],[26.4485979,49.958813,0],[26.4402723,49.9639756,0],[26.4382982,49.964859,0],[26.4337492,49.9656596,0],[26.4200592,49.9683924,0],[26.4073992,49.970711,0],[26.4052963,49.9712355,0],[26.4005756,49.9738852,0],[26.3987303,49.9744924,0],[26.3969707,49.9747684,0],[26.3905764,49.974382,0],[26.3602781,49.9725052,0],[26.355772,49.9723948,0],[26.3353014,49.9723948,0],[26.3226843,49.9721463,0],[26.3166332,49.9720911,0],[26.3067627,49.9709319,0],[26.2966776,49.9699658,0],[26.2819147,49.9681992,0],[26.2772799,49.9677299,0],[26.2662506,49.9672882,0],[26.2531185,49.9668742,0],[26.2502003,49.9664049,0],[26.2470675,49.9654663,0],[26.2375832,49.9621536,0],[26.2314892,49.9587854,0],[26.2256527,49.9567423,0],[26.2193871,49.9552513,0],[26.2120056,49.9497288,0],[26.2106323,49.9490108,0],[26.2085724,49.9495078,0],[26.2005043,49.9511095,0],[26.1770725,49.9517169,0],[26.155014,49.9582884,0],[26.1458302,49.9609389,0]]},"properties":{"name":"р32","tessellate":true,"description":"http://routes.in.ua/doroga-kremenets-b-tserkov-rzhishhev-r-32/"}},
{"type":"Feature","geometry":{"type":"LineString","coordinates":[[26.1453152,49.9609941,0],[26.1270332,49.963037,0],[26.1133862,49.9644173,0],[26.0955334,49.9654111,0],[26.080513,49.9662945,0],[26.0684967,49.9654663,0],[26.0587978,49.9650246,0],[26.0478973,49.9662393,0],[26.0382843,49.9657424,0],[26.0373402,49.9659632,0],[26.0220623,49.9649694,0],[26.019659,49.9651903,0],[26.0178566,49.9666257,0],[26.0112906,49.9738024,0],[26.0094881,49.9745476,0],[26.0049391,49.9750996,0],[25.997386,49.9759552,0],[25.9860992,49.9770315,0],[25.982151,49.9770591,0],[25.9774303,49.9767004,0],[25.9676027,49.9761484,0],[25.9659719,49.9765624,0],[25.963912,49.9776663,0],[25.96241,49.9786322,0],[25.9513378,49.9855036,0],[25.9366608,49.994719,0],[25.9316826,49.9968709,0],[25.9300089,49.9974778,0],[25.9271765,49.998195,0],[25.9180784,50.0007053,0],[25.9143448,50.0004571,0],[25.9014702,49.9998778,0],[25.8994961,50.0002778,0],[25.8969641,50.0012295,0],[25.8936596,50.0023466,0],[25.8841109,50.0055739,0],[25.881772,50.0065254,0],[25.8790898,50.0076425,0],[25.875442,50.0083044,0],[25.8713007,50.0091318,0],[25.8673096,50.0099454,0],[25.8664298,50.0103591,0],[25.8657002,50.0109797,0],[25.8649063,50.0119036,0],[25.8600783,50.0173638,0],[25.8581471,50.019625,0],[25.8568597,50.0204798,0],[25.8542204,50.021886,0],[25.853641,50.0222307,0],[25.8495212,50.0256771,0],[25.8460236,50.0286409,0],[25.8413672,50.0318388,0],[25.8345866,50.0364974,0],[25.8334494,50.0376413,0],[25.8324194,50.0382891,0],[25.8293939,50.0400117,0],[25.8283639,50.0404527,0],[25.8245444,50.0411694,0],[25.8203816,50.041886,0],[25.8163047,50.0426301,0],[25.8044386,50.0438152,0],[25.8004045,50.0442424,0],[25.7962632,50.0451105,0],[25.7925725,50.0458271,0],[25.789268,50.0462267,0],[25.7882595,50.0464334,0],[25.7869935,50.0470121,0],[25.7846332,50.0486243,0],[25.7809854,50.0508012,0],[25.7792044,50.0513248,0],[25.7711148,50.0537772,0],[25.769763,50.0544248,0],[25.7665658,50.0579929,0],[25.7645488,50.060073,0],[25.7592273,50.0645499,0],[25.7573175,50.0661752,0],[25.7531977,50.0712437,0],[25.7506657,50.0749345,0],[25.7491636,50.0778539,0],[25.7483053,50.0800846,0]]},"properties":{"name":"р32","tessellate":true,"description":"http://routes.in.ua/doroga-kremenets-b-tserkov-rzhishhev-r-32/"}},
{"type":"Feature","geometry":{"type":"LineString","coordinates":[[35.240234,47.84901,0],[35.2441406,47.8502612,0],[35.2819061,47.8682288,0],[35.2958107,47.8749075,0],[35.3371811,47.8948232,0],[35.3467941,47.8994269,0],[35.3512573,47.9035124,0],[35.3637028,47.9175501,0],[35.3668785,47.9238773,0],[35.3691959,47.9257753,0],[35.3733158,47.926753,0],[35.3769207,47.9263504,0],[35.3824997,47.9245099,0],[35.3869629,47.9238198,0],[35.3915977,47.9242224,0],[35.3992367,47.9261204,0],[35.4139996,47.9296286,0],[35.4196644,47.9304913,0],[35.4348564,47.9319865,0],[35.4394484,47.932504,0],[35.4408646,47.9327628,0],[35.4517651,47.9363281,0],[35.4617643,47.9396919,0],[35.4673004,47.942538,0],[35.4706049,47.9457865,0],[35.4721069,47.9467063,0],[35.4736948,47.9472238,0],[35.4767847,47.9475687,0],[35.4882431,47.948776,0],[35.5088425,47.9505868,0],[35.5148935,47.9515066,0],[35.5322742,47.953145,0],[35.5551481,47.9552431,0],[35.5708981,47.9565939,0],[35.5866909,47.9580309,0],[35.5909395,47.9582608,0],[35.5922699,47.9579734,0],[35.596261,47.9565651,0],[35.6096077,47.9561053,0],[35.612011,47.9558466,0],[35.6139851,47.9553006,0],[35.6284904,47.9513342,0],[35.6341124,47.950012,0],[35.6483173,47.9466201,0],[35.652051,47.945614,0],[35.6548405,47.945499,0],[35.6633377,47.9458727,0],[35.6691313,47.9460739,0],[35.6820059,47.945384,0],[35.6848383,47.9450103,0],[35.7048798,47.9387719,0],[35.7094288,47.9380244,0],[35.7169819,47.9372194,0],[35.719986,47.9362994,0],[35.72299,47.9334817,0],[35.7260799,47.9306638,0],[35.7282686,47.929226,0],[35.7312298,47.9278458,0],[35.7345772,47.9269831,0],[35.7383966,47.9262642,0],[35.743804,47.9257753,0],[35.7455635,47.9257753,0],[35.7546186,47.9274432,0],[35.7691669,47.9300312,0],[35.7723427,47.9304625,0],[35.7756901,47.9316127,0],[35.7819128,47.9344592,0],[35.7915258,47.9387719,0],[35.7947874,47.9391744,0],[35.8092499,47.9406119,0],[35.8327675,47.9429118,0],[35.8349562,47.943113,0],[35.8376169,47.9438604,0],[35.8414793,47.9455565,0],[35.8655548,47.956364,0],[35.8769703,47.9614795,0],[35.8978701,47.9709332,0],[35.9037495,47.9731455,0],[35.9054661,47.9729732,0],[35.9117317,47.9720538,0],[35.9189415,47.9690943,0],[35.9243059,47.9683185,0],[35.9436178,47.9655026,0],[35.9629297,47.9584907,0],[35.9772205,47.9537198,0],[35.9853315,47.9523977,0],[36.017518,47.948891,0],[36.0365725,47.9468213,0],[36.0676003,47.9481148,0],[36.0796595,47.9486035,0]]},"properties":{"name":"н15","tessellate":true,"description":"http://routes.in.ua/natsionalnyie/zaporozhe-donetsk-n-15/"}},
{"type":"Feature","geometry":{"type":"LineString","coordinates":[[36.0796595,47.9486035,0],[36.1086273,47.9446654,0],[36.1105585,47.9446654,0],[36.1134338,47.9448953,0],[36.1463499,47.9468788,0],[36.1629152,47.9478561,0],[36.1738586,47.9473387,0],[36.1787081,47.9460452,0],[36.1828709,47.9434005,0],[36.1837292,47.9434867,0],[36.1863899,47.9425955,0],[36.1902094,47.9425955,0],[36.1915398,47.9430555,0],[36.1966467,47.9461889,0],[36.2034702,47.9484598,0],[36.207118,47.9498395,0],[36.2123108,47.9521102,0],[36.2151003,47.9538635,0],[36.2201214,47.9581458,0],[36.2208509,47.9587781,0],[36.2227821,47.9625427,0],[36.2257862,47.9653876,0],[36.2317085,47.9705884,0],[36.2255287,47.9745246,0],[36.217804,47.9809598,0],[36.2254429,47.9843494,0],[36.2291336,47.9845792,0],[36.2363005,47.9881122,0],[36.2400126,47.9884281,0],[36.244669,47.9905105,0],[36.2473726,47.9903812,0],[36.2498832,47.9916162,0],[36.2542391,47.9936266,0],[36.2556124,47.9946749,0],[36.2588954,47.9959672,0],[36.2618995,47.9969005,0],[36.2675858,47.9982072,0],[36.2732291,47.9990687,0],[36.2849236,48.0017249,0],[36.3006735,48.0054864,0],[36.3028193,48.0060894,0],[36.3122392,48.0091041,0],[36.318419,48.0111282,0],[36.329298,48.0144441,0],[36.3385677,48.0170277,0],[36.3492751,48.0200418,0],[36.3764191,48.0264426,0],[36.3828135,48.0286812,0],[36.3995504,48.0328713,0],[36.4172316,48.0368314,0],[36.4318657,48.0398443,0],[36.4664984,48.0477345,0],[36.4907026,48.053386,0],[36.5158081,48.0590943,0],[36.5222025,48.0605284,0],[36.5265369,48.061102,0],[36.5401411,48.0626795,0],[36.547308,48.0633965,0],[36.5510845,48.0623927,0],[36.5576935,48.0604137,0],[36.5631866,48.0587214,0],[36.5893221,48.049169,0],[36.594429,48.0451237,0],[36.6020679,48.0386105,0],[36.6238689,48.0334739,0],[36.650176,48.0271888,0],[36.6750669,48.0241177,0],[36.6845083,48.0229409,0],[36.696825,48.0222807,0],[36.7012882,48.0203289,0],[36.7218876,48.0100229,0],[36.7269087,48.007525,0],[36.7291403,48.0070656,0],[36.7334747,48.0070082,0],[36.7392254,48.0069508,0],[36.7430878,48.0060607,0],[36.7452335,48.0045389,0],[36.7469931,48.0018685,0],[36.7477655,47.9998009,0],[36.7518425,47.9917885,0],[36.7526364,47.99097,0],[36.753602,47.9905392,0],[36.7546964,47.9903094,0],[36.7561555,47.9902663,0],[36.7705965,47.9894908,0],[36.7765832,47.9892611,0],[36.784265,47.9887584,0],[36.7986417,47.9877819,0],[36.8123531,47.9869202,0],[36.8300128,47.9860872,0],[36.8468571,47.9850819,0],[36.8624139,47.9839903,0],[36.8756747,47.9831142,0],[36.8894935,47.9821232,0],[36.9055009,47.9810459,0],[36.9333744,47.9792649,0],[36.9855595,47.9896919,0],[37.0047855,47.9913577,0],[37.0122528,47.9919321,0],[37.022295,47.9944595,0],[37.0257282,47.9960677,0],[37.0314789,48.0004327,0],[37.0343542,48.001409,0],[37.0378304,48.0015239,0],[37.0391607,48.0013229,0],[37.0435381,47.9994564,0],[37.0446539,47.9993128,0],[37.0468426,47.9994564,0],[37.0525932,47.9997866,0],[37.0614338,47.9982646,0],[37.0711327,47.9965703,0],[37.0743084,47.9965128,0],[37.0777845,47.9965559,0],[37.0935774,47.9989395,0],[37.1017313,47.9988533,0],[37.1046066,47.9974749,0],[37.1058941,47.9971303,0],[37.1092415,47.996958,0],[37.1391106,47.9954359,0],[37.1717262,47.9937702,0],[37.1990204,47.9924204,0],[37.2028828,47.9918747,0],[37.2045135,47.9914726,0],[37.2081184,47.9913577,0],[37.2596169,47.9888877,0],[37.2763538,47.9892323,0],[37.2851515,47.9894334,0],[37.2925758,47.9892036,0]]},"properties":{"name":"н15","tessellate":true,"description":"http://routes.in.ua/natsionalnyie/zaporozhe-donetsk-n-15/"}},
{"type":"Feature","geometry":{"type":"LineString","coordinates":[[32.9219484,46.5582701,0],[32.9153824,46.5659125,0],[32.908473,46.5739668,0],[32.9072928,46.5751173,0],[32.9057908,46.5766071,0],[32.9023576,46.5797781,0],[32.8996539,46.5821674,0],[32.898382,46.583153,0],[32.897829,46.5835,0],[32.8965425,46.5839666,0],[32.894711,46.584581,0],[32.893418,46.585056,0],[32.8921866,46.5856478,0],[32.8915,46.5860313,0],[32.8873801,46.5885825,0],[32.883061,46.591208,0],[32.8821766,46.5916422,0],[32.8794301,46.5929914,0],[32.8745357,46.595376,0],[32.8739758,46.5956464,0],[32.8736486,46.5958054,0],[32.8731396,46.5960496,0],[32.872594,46.596315,0],[32.8702676,46.5976876,0],[32.8692269,46.5983216,0],[32.8649998,46.6009164,0],[32.86406,46.601481,0],[32.8628647,46.6021032,0],[32.8594959,46.6038133,0],[32.859209,46.603967,0],[32.8466535,46.6086044,0],[32.845905,46.608816,0],[32.844796,46.60894,0],[32.8418255,46.6089729,0],[32.8401518,46.6089692,0],[32.8370404,46.6089176,0],[32.8356081,46.6089397,0],[32.833704,46.608962,0],[32.8308231,46.6091387,0],[32.8286934,46.6092825,0],[32.828007,46.609257,0],[32.827014,46.609198,0],[32.8243697,46.6090982,0],[32.8223312,46.6090466,0],[32.81775,46.6090024,0],[32.815615,46.608973,0],[32.8151,46.6090097,0],[32.8135872,46.6092014,0],[32.810315,46.609662,0]]},"properties":{"name":"м17","tessellate":true,"description":"http://routes.in.ua/international/herson-kerch-m-17/"}},
{"type":"Feature","geometry":{"type":"LineString","coordinates":[[32.810315,46.609662,0],[32.8095639,46.609791,0],[32.8078097,46.6103143,0],[32.807016,46.610561,0],[32.8027403,46.611921,0],[32.7988994,46.6131665,0],[32.7976549,46.6135571,0],[32.7919042,46.6155248,0],[32.7874839,46.6170503,0],[32.7854562,46.6176251,0],[32.7820551,46.6189736,0],[32.7786434,46.6205064,0],[32.7764976,46.6217149,0],[32.7738261,46.6230338,0],[32.7706182,46.624316,0],[32.7682257,46.6249717,0],[32.7614665,46.6264822,0],[32.756424,46.6273885,0],[32.7532697,46.6279042,0],[32.7515745,46.6283094,0],[32.7473044,46.6294883,0],[32.7451587,46.6299377,0],[32.7429807,46.6302545,0],[32.7401698,46.6304313,0],[32.7365112,46.6304682,0],[32.7303851,46.630424,0],[32.728883,46.6305197,0],[32.7272737,46.6309323,0],[32.7255893,46.6316912,0],[32.7244091,46.632531,0],[32.7236152,46.6334225,0],[32.723068,46.6343654,0],[32.7227354,46.6365902,0],[32.7224994,46.6396399,0],[32.7222204,46.6434702,0],[32.7218449,46.6486481,0],[32.721523,46.6529638,0],[32.721169,46.6575959,0],[32.7207828,46.6622128,0],[32.7203536,46.6686331,0],[32.7197742,46.6752514,0],[32.7194846,46.6785787,0],[32.7192914,46.6814199,0],[32.7198601,46.683341,0],[32.7207613,46.684526,0],[32.722671,46.6862556,0],[32.7243233,46.6876834,0],[32.725203,46.6887358,0],[32.7260399,46.6902151,0],[32.726469,46.6916575,0],[32.7265441,46.6931661,0],[32.7263403,46.6945201,0],[32.7256,46.6961905,0],[32.7245378,46.6986924,0],[32.7234221,46.7013192,0],[32.7222311,46.7041151,0],[32.7213621,46.7062046,0],[32.7204716,46.7083014,0],[32.7192485,46.7112514,0],[32.7185726,46.7127668,0],[32.7170062,46.716489,0],[32.7158582,46.7191517,0],[32.7152574,46.7203286,0],[32.7145278,46.7212921,0],[32.7137661,46.7220644,0],[32.713058,46.7226454,0],[32.7118778,46.7234692,0],[32.7101076,46.7242855,0],[32.7082086,46.7250284,0],[32.7056336,46.7258006,0],[32.701385,46.7270803,0],[32.7006769,46.7272788,0]]},"properties":{"name":"м17","tessellate":true,"description":"http://routes.in.ua/international/herson-kerch-m-17/"}},
{"type":"Feature","geometry":{"type":"LineString","coordinates":[[28.6707115,51.1094499,0],[28.6591244,51.1021746,0],[28.6509705,51.0968386,0],[28.6335468,51.0821748,0],[28.601017,51.0547757,0],[28.5897732,51.0451714,0],[28.5805035,51.03767,0],[28.5690451,51.0280082,0],[28.5633802,51.0233655,0],[28.5541534,51.0154286,0],[28.5443258,51.0071393,0],[28.5405493,51.0039258,0],[28.5403347,51.0037233,0]]},"properties":{"name":"р49","tessellate":true}},
{"type":"Feature","geometry":{"type":"LineString","coordinates":[[28.5403347,51.0037233,0],[28.5379636,51.0017923,0],[28.5372233,51.0011779,0],[28.5365903,51.0004487,0],[28.5345304,50.9987878,0],[28.5316873,50.9965258,0],[28.5279858,50.9934804,0],[28.5249603,50.9909885,0],[28.5243165,50.9902591,0],[28.5236406,50.9893339,0],[28.5095,50.9848022,0],[28.4953165,50.9803172,0],[28.4904671,50.9787771,0],[28.4867549,50.9759264,0],[28.4850168,50.9745078,0],[28.4833217,50.9733593,0],[28.4820986,50.9728189,0],[28.4803605,50.9722108,0],[28.4735584,50.9701435,0],[28.4622288,50.9665896,0],[28.4516501,50.9632787,0],[28.4398699,50.9596026,0],[28.4280682,50.9559533,0],[28.4132624,50.9513168,0],[28.4023833,50.9479643,0],[28.3869123,50.9431378,0],[28.3745527,50.9392438,0],[28.3599401,50.9346327,0],[28.350606,50.9316306,0],[28.3435035,50.9294127,0],[28.3321524,50.9258151,0],[28.3268738,50.9241244,0],[28.3161449,50.9207293,0],[28.3114457,50.9192278,0],[28.3041501,50.9176992,0],[28.2941294,50.9155617,0],[28.2788515,50.9123284,0],[28.2610631,50.90831,0],[28.249712,50.9057662,0],[28.2383394,50.9032223,0],[28.2359791,50.9025998,0],[28.2345843,50.9019232,0],[28.2282329,50.8987971,0],[28.2231474,50.8964017,0],[28.2219028,50.8960904,0],[28.2190704,50.8957385,0],[28.2071829,50.8941415,0],[28.204093,50.8937084,0],[28.2019687,50.8930587,0],[28.1952739,50.8910149,0],[28.1935573,50.8904464,0],[28.1921625,50.8898102,0],[28.1914973,50.8898373,0],[28.1905746,50.889526,0],[28.1895232,50.8891876,0],[28.1879139,50.8888086,0],[28.1864977,50.8886326,0],[28.1831717,50.888592,0],[28.1734943,50.888389,0],[28.1711984,50.8883754,0],[28.1661129,50.8879152,0],[28.1550193,50.8869135,0],[28.1488395,50.8863991,0],[28.1425953,50.885817,0],[28.1412005,50.8852891,0],[28.1404924,50.8846663,0],[28.1391406,50.8833397,0],[28.1328535,50.8770578,0],[28.1284332,50.8726301,0],[28.1275535,50.8718719,0],[28.1263518,50.8711271,0],[28.1251287,50.8706531,0],[28.1229401,50.8700844,0],[28.1144643,50.8682563,0],[28.0998302,50.8650331,0],[28.0880284,50.8624464,0],[28.0804324,50.8608346,0],[28.0547047,50.8551863,0],[28.0451345,50.8527751,0],[28.0401993,50.8494425,0]]},"properties":{"name":"р49","tessellate":true}},
{"type":"Feature","geometry":{"type":"LineString","coordinates":[[28.0401993,50.8494425,0],[28.0365622,50.8469362,0],[28.0243635,50.8385897,0],[28.0207372,50.8363674,0],[28.0196214,50.8357372,0],[28.0155551,50.8328845,0],[28.0141497,50.8319291,0],[28.0105662,50.8295167,0],[28.0060923,50.8263857,0],[27.9994297,50.8217161,0],[27.9908037,50.8156835,0],[27.9826927,50.809989,0],[27.9814804,50.8091484,0],[27.9800534,50.8083145,0],[27.9784012,50.8076162,0],[27.9718459,50.8049923,0],[27.9688418,50.8037718,0],[27.9621363,50.8010935,0],[27.9573727,50.799222,0],[27.9502702,50.7963671,0],[27.9440796,50.793885,0],[27.942878,50.7931118,0],[27.9416978,50.7926574,0],[27.9330826,50.7891714,0],[27.9277289,50.7870755,0],[27.9233086,50.785312,0],[27.9178154,50.7831617,0],[27.9114211,50.7805568,0],[27.9045761,50.7778025,0],[27.8977096,50.775048,0],[27.8899312,50.7719542,0],[27.8817344,50.7686701,0],[27.8730655,50.7651958,0],[27.8708339,50.7642661,0],[27.8691387,50.7633296,0],[27.8615105,50.7591966,0],[27.8528309,50.7543913,0],[27.8472197,50.7512757,0],[27.8420377,50.7484314,0],[27.8378212,50.7461573,0],[27.8321457,50.7431226,0],[27.8267384,50.7404068,0],[27.8234875,50.738689,0],[27.8205264,50.7368625,0],[27.8161061,50.7340514,0],[27.8048301,50.7268936,0],[27.802341,50.7253859,0],[27.796247,50.7228049,0],[27.7947879,50.7220578,0],[27.7926207,50.7204005,0],[27.7907968,50.7187702,0],[27.784853,50.7137977,0],[27.7835011,50.7126428,0],[27.7822351,50.7117596,0],[27.7790594,50.7098845,0],[27.7726007,50.7059846,0],[27.7685022,50.7033618,0],[27.7663136,50.7020164,0],[27.7654767,50.7016834,0],[27.7629876,50.7010719,0],[27.7313375,50.6947178,0],[27.7053738,50.6895253,0],[27.6777363,50.6840058,0],[27.6471376,50.6778602,0],[27.6460969,50.6771532,0],[27.6440585,50.6754398,0],[27.6430714,50.6750115,0],[27.640754,50.674318,0],[27.6366878,50.6731009,0],[27.6341236,50.6723394,0],[27.6317418,50.6716526,0],[27.6240063,50.6693883,0],[27.6192856,50.6680147,0],[27.6182985,50.6676203,0],[27.6174831,50.6671987,0],[27.6153374,50.6657435,0],[27.6135135,50.6645874,0],[27.6128054,50.6639345,0],[27.6123977,50.6632273,0],[27.6123977,50.6624656,0],[27.612505,50.661323,0],[27.6128483,50.6553649,0],[27.6131272,50.6499503,0],[27.6131058,50.6486305,0],[27.6128697,50.6474468,0],[27.6125693,50.6462767,0],[27.6120329,50.6443173,0],[27.6113248,50.6412556,0],[27.61096,50.6402486,0],[27.6101017,50.6393369,0],[27.6081061,50.6375678,0],[27.6039219,50.633689,0],[27.599566,50.6296467,0],[27.5979567,50.6281358,0],[27.5972271,50.6273463,0],[27.5969696,50.6267065,0],[27.5947809,50.6216153,0],[27.5926352,50.616401,0],[27.5911117,50.6126908,0],[27.5909722,50.6124457,0]]},"properties":{"name":"р49","tessellate":true}},
{"type":"Feature","geometry":{"type":"LineString","coordinates":[[34.6628094,49.5699818,0],[34.663893,49.5688198,0],[34.664247,49.5681796,0],[34.6643114,49.5674769,0],[34.6641934,49.5663705,0],[34.6636999,49.5623275,0],[34.66326,49.5590358,0],[34.6632385,49.5586043,0],[34.6636033,49.5580893,0],[34.6639574,49.5578597,0],[34.6674657,49.5563981,0],[34.6687317,49.5558831,0],[34.6692789,49.5555421,0],[34.6698368,49.5550966,0],[34.6703303,49.5545468,0],[34.6708989,49.5537882,0],[34.671725,49.552417,0],[34.6722293,49.551533,0],[34.6725297,49.5507743,0],[34.672873,49.5496188,0],[34.6733236,49.5485051,0],[34.6740103,49.5472939,0],[34.6747613,49.5463472,0],[34.6758556,49.5455675,0],[34.6785808,49.5436044,0],[34.6795893,49.5427411,0],[34.6856189,49.5338293,0],[34.687829,49.5317682,0],[34.6905756,49.5293449,0],[34.6919918,49.5270886,0],[34.6945882,49.5232862,0],[34.6958971,49.5212107,0],[34.6970344,49.5188148,0],[34.7001457,49.51575,0],[34.7020984,49.5140782,0],[34.7041583,49.5125039,0],[34.7061968,49.5113754,0],[34.7075379,49.5108112,0],[34.7112393,49.51001,0],[34.7151661,49.5091532,0],[34.7219682,49.5076414,0],[34.7271502,49.5062968,0],[34.7300577,49.5054538,0],[34.731313,49.5052726,0],[34.7353256,49.5050218,0],[34.7379649,49.5048616,0],[34.7427821,49.5043669,0],[34.7475243,49.5038931,0],[34.7493804,49.5036563,0],[34.7525024,49.5028899,0],[34.761622,49.5013849,0],[34.7646475,49.5003955,0],[34.7698617,49.498542,0],[34.7707093,49.4982702,0],[34.7730374,49.4976919,0],[34.7777367,49.4962216,0],[34.78176,49.4949603,0],[34.7830689,49.4944655,0],[34.7840023,49.4940195,0],[34.8128843,49.4812025,0],[34.8154163,49.4790555,0],[34.8256302,49.4697695,0],[34.8246861,49.468152,0],[34.8253298,49.4677336,0],[34.8278189,49.4672037,0],[34.8310375,49.4670364,0],[34.832325,49.4673989,0],[34.834857,49.4673432,0],[34.8351574,49.4668411,0],[34.8342133,49.4644704,0],[34.8346424,49.4601191,0],[34.8350716,49.4576365,0],[34.8378611,49.4514712,0],[34.8409939,49.4447471,0],[34.8488474,49.434729,0],[34.8514223,49.4213591,0],[34.8558855,49.4015626,0],[34.8563147,49.3834903,0],[34.8568726,49.3692401,0],[34.8569155,49.3668926,0],[34.8565722,49.3608836,0],[34.8558855,49.3576412,0],[34.8524094,49.3474376,0],[34.8492336,49.3379869,0],[34.8485041,49.3365327,0],[34.8472595,49.3351904,0],[34.8391914,49.328814,0],[34.8375607,49.3272477,0],[34.8322821,49.3188282,0],[34.8295355,49.3142681,0],[34.825201,49.3095958,0],[34.8183346,49.3025724,0],[34.816618,49.3013411,0],[34.8137426,49.3000538,0],[34.7963619,49.2918815,0],[34.7940874,49.2907899,0],[34.7935724,49.2897822,0],[34.7935724,49.2889705,0],[34.7944736,49.2877949,0],[34.7959328,49.2861713,0],[34.8176479,49.2628757,0]]},"properties":{"name":"т1735","tessellate":true}},
{"type":"Feature","geometry":{"type":"LineString","coordinates":[[34.8176479,49.2628757,0],[34.8179054,49.2612513,0],[34.8164463,49.2593468,0],[34.7992802,49.237944,0],[34.772501,49.2021772,0],[34.7520733,49.1748582,0],[34.7498417,49.1717719,0],[34.7483826,49.1641958,0],[34.74967,49.1592566,0],[34.7494984,49.1562816,0],[34.7471809,49.1531942,0],[34.745121,49.1506399,0],[34.7431898,49.1485066,0],[34.7413874,49.1470749,0],[34.7392416,49.1458398,0],[34.7354221,49.1442677,0],[34.7313023,49.1427798,0],[34.7296071,49.1418814,0],[34.7253799,49.1400144,0],[34.7246289,49.1399161,0],[34.7230625,49.1400425,0],[34.720552,49.1402671,0],[34.7201014,49.1395371,0],[34.7173762,49.1359853,0],[34.716239,49.1355361,0],[34.7155309,49.1353255,0],[34.7142649,49.1355642,0],[34.7139215,49.1356203,0],[34.7139645,49.1341602,0],[34.7161102,49.1277578,0]]},"properties":{"name":"Лінія 117","tessellate":true}},
{"type":"Feature","geometry":{"type":"LineString","coordinates":[[34.7161102,49.1277578,0],[34.716754,49.1263677,0],[34.7201228,49.1223095,0],[34.7255516,49.1158353,0],[34.7272253,49.1141077,0],[34.7276974,49.1136021,0],[34.7276759,49.1125346,0],[34.7285986,49.1109474,0],[34.7288775,49.1106665,0],[34.7308302,49.1111862,0],[34.7325468,49.1114531,0],[34.7345853,49.1114952,0],[34.7350359,49.1102873,0],[34.7360015,49.1075482,0],[34.7373533,49.1053006,0],[34.7374177,49.1039379,0],[34.7371387,49.1025893,0],[34.7364306,49.1006225,0],[34.7343707,49.0947777,0],[34.7334909,49.092361,0],[34.7330832,49.092094,0],[34.7341132,49.0886372,0],[34.7408724,49.082271,0],[34.7487688,49.0747655,0],[34.7519016,49.0701267,0],[34.7522879,49.0684679,0],[34.7539186,49.0614383,0],[34.7579527,49.0625912,0],[34.7635317,49.0628162,0],[34.7715139,49.0609321,0],[34.7764921,49.0587387,0],[34.7798395,49.0569389,0],[34.7897959,49.0542952,0],[34.7919416,49.0546609,0],[34.7966194,49.0558983,0],[34.7984648,49.0534515,0],[34.7994518,49.0519046,0],[34.805975,49.0444226,0],[34.8185921,49.028583,0],[34.8329258,49.010965,0],[34.8405433,49.0011964,0],[34.8411226,48.9999716,0],[34.8414016,48.9991551,0],[34.8430967,48.9974939,0],[34.8445559,48.9951287,0],[34.8461437,48.9934815,0],[34.8504138,48.9887788,0],[34.8524952,48.9853852,0],[34.8540401,48.9835405,0],[34.8590183,48.9775552,0],[34.8611856,48.9749074,0],[34.863739,48.9709213,0],[34.8762274,48.9553964,0],[34.8779011,48.9525219,0],[34.8811626,48.9495346,0],[34.8851967,48.9446022,0],[34.8869562,48.9423191,0],[34.8901749,48.9378089,0],[34.8983288,48.9272928,0]]},"properties":{"name":"Лінія 118","tessellate":true}},
{"type":"Feature","geometry":{"type":"LineString","coordinates":[[34.8983288,48.9272928,0],[34.9008179,48.926024,0],[34.9062252,48.923599,0],[34.9079847,48.9225275,0],[34.9143791,48.9207509,0],[34.9189711,48.9202433,0],[34.9224472,48.9184949,0],[34.9279833,48.9149132,0]]},"properties":{"name":"Лінія 119","tessellate":true}},
{"type":"Feature","geometry":{"type":"LineString","coordinates":[[34.9279833,48.9149132,0],[34.9348927,48.9106262,0],[34.9451923,48.9045616,0],[34.9459863,48.9038,0],[34.9496984,48.8987785,0],[34.9512005,48.8970011,0],[34.9518657,48.8959431,0],[34.9548483,48.8926843,0],[34.9551487,48.8917672,0],[34.9556422,48.8894676,0],[34.9569082,48.8844023,0],[34.9572086,48.8834851,0],[34.9580455,48.8825115,0],[34.9602342,48.8801832,0],[34.9647188,48.8751593,0],[34.9685812,48.8709253,0],[34.9716711,48.8673402,0],[34.9807692,48.8571482,0],[34.9816275,48.8561882,0],[34.981842,48.8547763,0],[34.9827862,48.8449489,0],[34.9837303,48.8365319,0],[34.9838161,48.8343851,0],[34.9842453,48.8339613,0],[34.9866056,48.8241863,0],[34.9885368,48.8161615,0],[34.9906826,48.8079375,0],[34.9908543,48.8063547,0],[34.9916697,48.8040652,0],[34.9939442,48.7951325,0],[34.9944592,48.7923619,0],[34.9957037,48.7882906,0],[34.9965191,48.7843037,0],[34.9972486,48.7815325,0],[34.998064,48.7785066,0],[34.999094,48.7733028,0],[34.9998236,48.7651284,0],[34.9997807,48.7587633,0],[34.9999523,48.7576034,0],[35.0010681,48.7557644,0],[35.0030422,48.7525955,0],[35.0036001,48.7505299,0],[35.0042439,48.745012,0],[35.0052738,48.7418707,0],[35.0053167,48.7404556,0],[35.0038147,48.7238399,0],[35.0018406,48.7201028,0],[35.0019693,48.7193383,0],[35.0044584,48.7176112,0],[35.0043297,48.7171298,0],[35.0024843,48.7157141,0],[35.0024843,48.7150062,0],[35.0044155,48.7135904,0],[35.0056171,48.7127975,0],[35.0094795,48.7080117,0],[35.0102949,48.7069073,0],[35.0124407,48.7055762,0],[35.0129128,48.7046699,0],[35.0131702,48.7034521,0],[35.0188351,48.6981838,0],[35.0288773,48.6873908,0],[35.0336838,48.6824042,0],[35.0395203,48.6767654,0],[35.0510216,48.6652592,0],[35.0529528,48.66319,0],[35.0562572,48.6628216,0],[35.0599051,48.6597318,0],[35.063982,48.6557064,0],[35.065484,48.6550544,0],[35.0666857,48.6530699,0],[35.0705051,48.6469741,0],[35.0717497,48.6451027,0],[35.0743246,48.6363403,0],[35.0776291,48.6242575,0],[35.0783157,48.6219597,0],[35.0850105,48.6202859,0],[35.0929499,48.6185838,0],[35.0932074,48.618215,0],[35.0924778,48.6171653,0],[35.0919199,48.6162574,0],[35.0911903,48.6049927,0],[35.0911474,48.6044252,0],[35.0914478,48.6039144,0],[35.0912333,48.6032049,0],[35.0911045,48.6022684,0],[35.0917482,48.5928173,0],[35.0911045,48.5908871,0],[35.0902033,48.5879065,0],[35.0901175,48.5839605,0],[35.0901175,48.5826546,0],[35.0909328,48.5812067,0],[35.0909758,48.5793896,0],[35.0902891,48.5780552,0],[35.0914049,48.5772886,0],[35.0953531,48.5755282,0],[35.0970697,48.573143,0],[35.1022625,48.5708145,0],[35.1008463,48.567634,0]]},"properties":{"name":"Лінія 120","tessellate":true}},
{"type":"Feature","geometry":{"type":"LineString","coordinates":[[37.9511976,49.9997399,0],[37.9493093,49.9990364,0],[37.9474425,49.9984571,0],[37.9463267,49.9978502,0],[37.9422283,49.9950639,0],[37.9361451,49.9909806,0],[37.9351795,49.9904633,0],[37.9333127,49.9897045,0],[37.9289138,49.9880214,0],[37.9246974,49.9865107,0],[37.9216397,49.9855795,0],[37.9161358,49.9838341,0],[37.910589,49.9820128,0],[37.9095483,49.9816265,0],[37.9094303,49.9813988,0],[37.9103422,49.9806951,0],[37.9136574,49.9777077,0],[37.9150093,49.9768453,0],[37.9157495,49.9760863,0],[37.9168546,49.9747546,0],[37.9177237,49.9734712,0],[37.918936,49.9718427,0],[37.9200304,49.9704212,0],[37.9207385,49.9696898,0],[37.9220259,49.968075,0],[37.9230988,49.9666947,0],[37.923013,49.9664946,0],[37.9218757,49.966046,0],[37.9185176,49.964721,0],[37.9121447,49.9625815,0],[37.9076171,49.9608284,0],[37.9054284,49.9598345,0],[37.9051495,49.9592409,0],[37.9055142,49.9589649,0],[37.9064369,49.95775,0],[37.906158,49.9575292,0],[37.9013515,49.9554722,0],[37.8905582,49.9508333,0],[37.8887987,49.950143,0],[37.8866959,49.9499773,0],[37.8857088,49.9501154,0],[37.8847647,49.9508885,0],[37.8839493,49.9513304,0],[37.8814602,49.9514408,0],[37.87498,49.9524349,0],[37.8743792,49.9511095,0],[37.87395,49.9495907,0],[37.8731346,49.9490108,0],[37.869916,49.9490108,0],[37.8684568,49.9492317,0],[37.8680706,49.9488727,0],[37.8682852,49.9479614,0],[37.8689504,49.9469396,0],[37.8695941,49.9455312,0],[37.8703237,49.9434599,0],[37.8720617,49.9405599,0],[37.873714,49.9385989,0],[37.876246,49.9361959,0],[37.8791428,49.9335164,0],[37.8848076,49.9286545,0],[37.8875971,49.9253115,0],[37.8863525,49.9248142,0],[37.877512,49.9219684,0],[37.8764391,49.9214987,0],[37.8755808,49.9203106,0],[37.8649378,49.9073775,0],[37.8641224,49.9066312,0],[37.8609467,49.905111,0],[37.8554964,49.9027892,0],[37.8500891,49.899638,0],[37.8398752,49.8942197,0],[37.838974,49.8939294,0],[37.8349614,49.893805,0],[37.8341246,49.893335,0],[37.8326011,49.8921739,0],[37.8320003,49.891925,0],[37.8284597,49.8912477,0],[37.8278589,49.8908468,0],[37.8272796,49.8898238,0],[37.8263998,49.8888975,0],[37.8250694,49.8866026,0],[37.8232026,49.8858422,0],[37.8212714,49.8849297,0],[37.8208423,49.8841417,0],[37.8203487,49.8819571,0],[37.8189969,49.8764676,0],[37.8172159,49.8696637,0],[37.8156495,49.8641867,0],[37.8150487,49.8636473,0],[37.8142333,49.8631493,0],[37.8046417,49.8576854,0],[37.8017235,49.8559147,0],[37.7960587,49.8485544,0],[37.7945995,49.8444587,0],[37.7899647,49.843075,0],[37.7891922,49.8428536,0],[37.7873898,49.8431857,0],[37.7777767,49.8451783,0],[37.7744293,49.8462299,0],[37.7701378,49.845455,0],[37.7667046,49.8455104,0],[37.7652454,49.8459531,0],[37.7612114,49.8440159,0],[37.7564907,49.845372,0],[37.7445173,49.8487204,0],[37.7406979,49.8498273,0],[37.7342176,49.8536458,0],[37.7328873,49.85514,0],[37.7330589,49.855472,0],[37.7349687,49.8572012,0],[37.7350545,49.8575056,0],[37.7349043,49.8577961,0],[37.733767,49.8580866,0],[37.7333164,49.8579067,0],[37.729218,49.8534937,0],[37.7263641,49.8505053,0],[37.7237678,49.850187,0],[37.7182102,49.8493431,0],[37.7125883,49.8484714,0],[37.7069235,49.8469217,0],[37.7056575,49.8465758,0],[37.7035117,49.8463267,0],[37.7017307,49.8463683,0],[37.695744,49.8471569,0],[37.6923966,49.8476966,0],[37.6869035,49.8498412,0],[37.6861417,49.8501109,0]]},"properties":{"name":"р79","tessellate":true}},
{"type":"Feature","geometry":{"type":"LineString","coordinates":[[36.2178042,47.9810744,0],[36.2166883,47.9821085,0],[36.2154867,47.9813616,0],[36.2069036,47.9821085,0],[36.2039854,47.9849236,0],[36.2020113,47.986647,0],[36.1992647,47.991817,0],[36.1965181,48.0035336,0],[36.193514,48.0139845,0],[36.1895658,48.0219074,0],[36.1782361,48.0442915,0],[36.1745454,48.048136,0],[36.1714555,48.0533572,0],[36.1659194,48.0629662,0],[36.1641599,48.0660063,0],[36.1615849,48.0720573,0],[36.1577225,48.081032,0],[36.1524869,48.0920978,0],[36.1516715,48.0925851,0],[36.1492253,48.0937317,0],[36.1322737,48.1014703,0],[36.1277676,48.102674,0],[36.1253643,48.1035338,0],[36.1218023,48.1054825,0],[36.1187553,48.1072879,0],[36.1134338,48.1127036,0],[36.1095285,48.1159986,0],[36.1061811,48.118348,0],[36.1028337,48.1224735,0],[36.1012458,48.1248225,0],[36.0971259,48.1330434,0],[36.0946798,48.1353347,0],[36.0915898,48.1372536,0],[36.0902595,48.1380269,0],[36.0890149,48.1391438,0],[36.0847234,48.1421507,0],[36.0805606,48.1443843,0],[36.0771273,48.1470188,0],[36.0745095,48.1489945,0],[36.0697888,48.1534038,0],[36.0659693,48.156324,0],[36.0645102,48.1576123,0],[36.0602187,48.1616773,0],[36.0536526,48.1680033,0],[36.0455845,48.1747577,0],[36.0385034,48.1805956,0],[36.0356281,48.1829706,0],[36.0309074,48.1874342,0],[36.0262725,48.1922407,0],[36.0255001,48.1929559,0],[36.0240409,48.1948726,0],[36.0226247,48.1969896,0],[36.0224102,48.1980194,0],[36.0224531,48.1987345,0],[36.0217235,48.2005652,0],[36.0203931,48.2033683,0],[36.021981,48.203969,0]]},"properties":{"name":"Лінія 122","tessellate":true}},
{"type":"Feature","geometry":{"type":"LineString","coordinates":[[36.0202861,48.2032394,0],[36.0226893,48.2041118,0],[36.0288477,48.2055562,0],[36.0322809,48.2062283,0],[36.0316157,48.2074725,0],[36.0313153,48.2083734,0],[36.0299206,48.2101751,0],[36.0274959,48.2128776,0],[36.0233974,48.2159803,0],[36.0207796,48.2178533,0],[36.0206079,48.2185539,0],[36.0193419,48.2204839,0],[36.0175395,48.2232431,0],[36.016295,48.2252302,0]]},"properties":{"name":"Лінія 123","tessellate":true}},
{"type":"Feature","geometry":{"type":"LineString","coordinates":[[36.0162842,48.2252766,0],[36.0151845,48.2271421,0],[36.0141277,48.2288682,0],[36.0111451,48.2338066,0],[36.006875,48.2411097,0],[36.0023689,48.2481402,0],[36.0014248,48.2495405,0],[35.9996223,48.2505121,0],[35.9977341,48.2513694,0],[35.9940434,48.2519409,0],[35.9921122,48.2519695,0],[35.9878206,48.2515694,0],[35.9790659,48.2507693,0],[35.9761906,48.250455,0],[35.9746456,48.2506836,0],[35.9733152,48.2514551,0],[35.9691525,48.2553698,0],[35.9672642,48.2570842,0],[35.9637451,48.2593128,0],[35.959754,48.2619128,0],[35.9586811,48.2629413,0],[35.9577799,48.2640555,0],[35.9525871,48.2689976,0],[35.9509563,48.2704544,0],[35.9440041,48.2726253,0],[35.9396696,48.2738536,0],[35.9276104,48.2787948,0],[35.9149504,48.2840211,0],[35.9139204,48.2843638,0],[35.9122896,48.2841639,0],[35.8928919,48.2814794,0],[35.8883429,48.2808796,0],[35.8706617,48.2790804,0],[35.8557272,48.2776523,0],[35.8435392,48.2754245,0],[35.8403635,48.275853,0],[35.831008,48.2778523,0],[35.8195496,48.2803085,0],[35.8086491,48.2820791,0],[35.7850885,48.2870195,0],[35.7771921,48.2886186,0],[35.7668495,48.2914169,0],[35.7638025,48.2957569,0],[35.7623005,48.297841,0],[35.7602406,48.298669,0],[35.7516146,48.3022661,0],[35.7507133,48.303722,0],[35.7494688,48.305606,0],[35.7452631,48.3141689,0],[35.7396412,48.3254412,0],[35.7372808,48.3278381,0]]},"properties":{"name":"Лінія 124","tessellate":true}},
{"type":"Feature","geometry":{"type":"LineString","coordinates":[[35.7372808,48.3278381,0],[35.7364225,48.3283517,0],[35.7347918,48.3289508,0],[35.7325172,48.3294359,0],[35.7300711,48.3294074,0],[35.7274961,48.3290792,0],[35.7221103,48.3280663,0],[35.7206511,48.3278238,0],[35.714922,48.3278095,0],[35.7141495,48.3284373,0],[35.7130766,48.3300779,0],[35.7114029,48.3323746,0],[35.7104158,48.3338011,0],[35.7095361,48.3355699,0],[35.7089567,48.3361405,0],[35.7064891,48.3373815,0],[35.706017,48.33741,0],[35.7050943,48.337139,0],[35.7032061,48.3361833,0],[35.7016182,48.3354415,0],[35.7010603,48.3352561,0],[35.7006526,48.3353845,0],[35.6992149,48.3370106,0],[35.6983781,48.3373101,0]]},"properties":{"name":"Лінія 125","tessellate":true}},
{"type":"Feature","geometry":{"type":"LineString","coordinates":[[35.6983781,48.3373101,0],[35.6950092,48.338494,0],[35.6881213,48.340876,0],[35.6804824,48.343486,0],[35.6734228,48.3459961,0],[35.6642818,48.349162,0],[35.6578231,48.3514294,0],[35.6483388,48.3547376,0],[35.6395841,48.3578317,0],[35.6318378,48.3605407,0],[35.6304002,48.3609256,0],[35.626173,48.3613961,0],[35.6230187,48.3617668,0],[35.6218386,48.3615957,0],[35.6199503,48.3609684,0],[35.6116676,48.3583735,0],[35.6102943,48.3581739,0],[35.6087065,48.3583022,0],[35.6068182,48.3588012,0],[35.6005526,48.3607688,0],[35.5998445,48.3600559,0],[35.5979776,48.3583878,0],[35.596261,48.3571901,0],[35.5923986,48.3558213,0],[35.5895662,48.3549943,0],[35.580554,48.3529695,0],[35.5723143,48.3510586,0],[35.5682373,48.3500319,0],[35.5626154,48.3483064,0],[35.5502987,48.3444986,0],[35.5421448,48.3418886,0],[35.5399346,48.3407476,0],[35.5372095,48.3397777,0],[35.530622,48.3374243,0],[35.5295706,48.3378807,0],[35.5261803,48.3392999,0],[35.5250645,48.3395638,0],[35.5233049,48.3396351,0],[35.5193782,48.3396208,0],[35.5139494,48.3396351,0],[35.5073297,48.3396494,0],[35.4978132,48.3395852,0],[35.4875886,48.3394925,0],[35.4793704,48.3394639,0],[35.4771924,48.3396779,0],[35.4726756,48.3403696,0],[35.4655623,48.3414037,0],[35.4612494,48.3421311,0],[35.4520977,48.34365,0],[35.4448342,48.3448766,0],[35.4395878,48.3457822,0],[35.433408,48.346809,0],[35.430876,48.3473723,0],[35.4287088,48.3481067,0],[35.4258764,48.3491763,0],[35.4214454,48.3512155,0],[35.4180121,48.3527983,0],[35.4158556,48.3535683,0],[35.4110599,48.3546307,0],[35.4059851,48.3556003,0],[35.3982711,48.3569049,0],[35.3910398,48.3581383,0],[35.3850746,48.3591933,0],[35.3773177,48.3604908,0],[35.3738737,48.3612749,0],[35.3721571,48.3617525,0],[35.3717387,48.3620377,0],[35.371331,48.3625295,0],[35.3707194,48.3636843,0],[35.3704941,48.3640051,0],[35.3702044,48.3642617,0],[35.3698397,48.3643686,0]]},"properties":{"name":"Лінія 126","tessellate":true}},
{"type":"Feature","geometry":{"type":"LineString","coordinates":[[35.236747,47.786674,0],[35.25122,47.739341,0],[35.251834,47.738292,0],[35.252841,47.737434,0],[35.2547407,47.7366392,0],[35.2624226,47.7335509,0],[35.2640963,47.7328581,0],[35.270374,47.729412,0],[35.272068,47.728126,0],[35.2746105,47.7257282,0],[35.2795887,47.720676,0],[35.2808762,47.719319,0],[35.2818203,47.7180775,0],[35.2846098,47.7140352,0],[35.28577,47.71265,0],[35.287227,47.711746,0],[35.2896309,47.7111188,0],[35.2917767,47.7106279,0],[35.293895,47.70948,0],[35.301464,47.705215,0],[35.3031921,47.7043468,0],[35.309329,47.7016898,0],[35.3171182,47.6986571,0],[35.318985,47.697879,0],[35.320766,47.6969241,0],[35.321792,47.696189,0],[35.322593,47.695449,0],[35.324283,47.693592,0],[35.3247571,47.6930968,0],[35.325721,47.692279,0],[35.3277397,47.690598,0],[35.328819,47.689857,0],[35.3295422,47.6895003,0],[35.331409,47.6889514,0],[35.3324604,47.6886336,0],[35.3334904,47.688157,0],[35.3341341,47.6875792,0],[35.335722,47.6851668,0],[35.3370309,47.6827689,0],[35.342842,47.672481,0],[35.3443909,47.670416,0],[35.351429,47.6609652,0],[35.3531027,47.6584216,0],[35.3540039,47.6562536,0],[35.3543043,47.6544614,0],[35.3546906,47.651079,0],[35.3551626,47.6476965,0],[35.356079,47.640193,0],[35.35638,47.638935,0],[35.357078,47.637256,0],[35.35707,47.636055,0],[35.356288,47.634475,0],[35.349201,47.625061,0],[35.3440475,47.6181695,0],[35.3418589,47.615132,0],[35.3354645,47.606626,0],[35.3330612,47.6032406,0],[35.332584,47.601676,0],[35.3324604,47.6000864,0],[35.3333616,47.5938934,0],[35.334114,47.588928,0],[35.334177,47.5862523,0],[35.33398,47.582988,0],[35.343574,47.569225,0],[35.3525448,47.5609478,0],[35.361465,47.553062,0],[35.36502,47.548065,0],[35.367259,47.5424,0],[35.366664,47.539127,0],[35.363578,47.52666,0],[35.362583,47.524719,0],[35.3526306,47.5151718,0],[35.3390694,47.5036346,0],[35.3364944,47.5011413,0],[35.3288555,47.4922108,0],[35.31744,47.4788123,0],[35.3164101,47.477507,0],[35.3143501,47.4743163,0],[35.3133631,47.4726049,0],[35.3125,47.471382,0],[35.3072691,47.4653233,0],[35.3043938,47.4620448,0],[35.303836,47.461391,0],[35.303104,47.460842,0],[35.302248,47.4603039,0],[35.2910042,47.4560675,0],[35.288982,47.455154,0]]},"properties":{"name":"м18","tessellate":true,"description":"M 18 (http://routes.in.ua/international/harkov-simferopol-m-18/)"}},
{"type":"Feature","geometry":{"type":"LineString","coordinates":[[35.288723,47.455005,0],[35.287597,47.454067,0],[35.286541,47.4518308,0],[35.2847171,47.447913,0],[35.283768,47.446785,0],[35.2839017,47.4463893,0],[35.284784,47.445542,0],[35.2857685,47.4449817,0],[35.2878714,47.4439658,0],[35.289076,47.443068,0],[35.289824,47.442264,0],[35.290575,47.4410053,0],[35.2910686,47.4400039,0],[35.291841,47.439155,0],[35.292695,47.438481,0],[35.2936435,47.437943,0],[35.295639,47.4371593,0],[35.3022265,47.4348079,0],[35.3096938,47.4321372,0],[35.3137279,47.4307002,0],[35.3185558,47.4288857,0],[35.3198647,47.428276,0],[35.323534,47.4263307,0],[35.334865,47.420475,0],[35.342406,47.4164293,0],[35.3445518,47.4152677,0],[35.3456998,47.4145199,0],[35.3470731,47.4136487,0],[35.3482962,47.4127557,0],[35.3494549,47.4117537,0]]},"properties":{"name":"м18","tessellate":true,"description":"M 18 (http://routes.in.ua/international/harkov-simferopol-m-18/)"}},
{"type":"Feature","geometry":{"type":"LineString","coordinates":[[35.3759766,46.8937215,0],[35.3743887,46.9061545,0],[35.3730154,46.9170895,0],[35.3718567,46.9260587,0],[35.3704834,46.9367553,0],[35.3691959,46.9469225,0],[35.3679514,46.9574098,0],[35.3670073,46.9649372,0],[35.3659773,46.9729321,0],[35.3653336,46.9777929,0],[35.3646469,46.9832973,0],[35.3640246,46.9876887,0],[35.3638744,46.9924749,0],[35.3636813,46.9987681,0],[35.3633809,47.0083674,0],[35.3631234,47.0161803,0],[35.3629303,47.0227632,0],[35.3626299,47.0313637,0],[35.3623724,47.0395972,0],[35.3620934,47.0474201,0],[35.3617716,47.0567621,0],[35.361557,47.0633401,0],[35.361321,47.0698295,0],[35.3611708,47.075003,0],[35.3610206,47.0804682,0],[35.3607416,47.0886649,0],[35.3605485,47.0951512,0],[35.3603339,47.1017683,0],[35.36026,47.104232,0],[35.3603339,47.106442,0],[35.3606129,47.1082238,0],[35.3610206,47.1099325,0],[35.3619003,47.1139046,0],[35.3626299,47.1168981,0],[35.3634882,47.1209135,0],[35.3643465,47.1247826,0],[35.3655052,47.1297902,0],[35.3668785,47.135965,0],[35.3678441,47.1402125,0],[35.3687453,47.144197,0],[35.3694749,47.1474806,0],[35.3706121,47.1525298,0],[35.3717709,47.1577098,0],[35.3739166,47.1672805,0],[35.3763628,47.177958,0],[35.3778005,47.1844189,0],[35.3796244,47.1923955,0],[35.3811479,47.1992483,0],[35.3831434,47.2081847,0],[35.3858042,47.2202239,0],[35.3870273,47.2255285,0],[35.3879929,47.2300457,0],[35.3881001,47.2315028,0],[35.3876281,47.2333823,0],[35.3868341,47.2356843,0],[35.3855038,47.2399239,0],[35.3832507,47.2469599,0],[35.3821135,47.2504557,0],[35.3804398,47.2558446,0],[35.3785086,47.2617863,0],[35.3769851,47.2664169,0],[35.3761697,47.2696057,0],[35.3751397,47.2732456,0],[35.3737879,47.2788796,0],[35.3720927,47.2854592,0],[35.3705907,47.2914267,0],[35.3693998,47.2962148,0],[35.3690779,47.2977356,0],[35.3689063,47.3002167,0],[35.3689384,47.3022466,0],[35.3687453,47.3092307,0],[35.3685951,47.316592,0],[35.3685093,47.320236,0],[35.3684449,47.3237706,0],[35.3683805,47.3274067,0],[35.3683269,47.3307882,0],[35.3681982,47.3324606,0],[35.3678763,47.3354927,0],[35.3675115,47.3388518,0],[35.367462,47.339431,0],[35.36692,47.344696,0],[35.3664494,47.3489423,0],[35.3661919,47.351421,0],[35.3658807,47.3529474,0],[35.3654301,47.3549172,0],[35.3647327,47.3579625,0],[35.3641427,47.3605643,0],[35.363338,47.3641834,0],[35.3628552,47.3667777,0],[35.3624475,47.3694954,0],[35.3619325,47.3727651,0],[35.361122,47.377697,0],[35.3603876,47.3825513,0],[35.3596687,47.3871132,0],[35.3588212,47.3925318,0],[35.3583813,47.3949358,0],[35.3579307,47.3975939,0],[35.35748,47.399838,0],[35.3569221,47.4015663,0],[35.3563428,47.4029533,0],[35.3556883,47.4042677,0],[35.355178,47.405136,0],[35.3542721,47.4065332,0],[35.3534138,47.407695,0],[35.3523624,47.4089439,0],[35.3515363,47.4097716,0],[35.3500879,47.4112165,0],[35.3494549,47.4117537,0]]},"properties":{"name":"м18","tessellate":true,"description":"M 18 (http://routes.in.ua/international/harkov-simferopol-m-18/)"}},
{"type":"Feature","geometry":{"type":"LineString","coordinates":[[31.310117,47.603523,0],[31.3089752,47.6051793,0],[31.3048553,47.6161156,0],[31.2950706,47.6411621,0],[31.2925816,47.6474941,0],[31.291288,47.650875,0],[31.289062,47.654651,0],[31.2853718,47.6592887,0],[31.2816381,47.6641735,0],[31.279712,47.666503,0],[31.27919,47.667533,0],[31.279192,47.6683642,0],[31.2790847,47.6721933,0],[31.27902,47.67834,0],[31.278827,47.679995,0],[31.2781835,47.6830578,0],[31.277818,47.684951,0],[31.2776256,47.6876225,0],[31.277025,47.690497,0],[31.2762737,47.6933134,0],[31.2754583,47.6967941,0],[31.2752652,47.6978917,0],[31.2752223,47.6986282,0],[31.275351,47.7012276,0],[31.2752438,47.7017908,0],[31.274997,47.702134,0],[31.273581,47.703654,0],[31.2717462,47.7064406,0],[31.2711024,47.7074224,0],[31.2705445,47.7080289,0],[31.269968,47.708502,0],[31.2666607,47.7102669,0],[31.2643433,47.7114653,0],[31.2634635,47.7119562,0],[31.262265,47.712698,0],[31.261734,47.713256,0],[31.2550735,47.7223505,0],[31.233388,47.760741,0],[31.225982,47.773788,0],[31.2121582,47.8035855,0],[31.211471,47.804599,0],[31.203913,47.808704,0],[31.196344,47.81263,0],[31.195386,47.81394,0],[31.194332,47.819824,0],[31.193152,47.822129,0],[31.190379,47.82426,0],[31.177402,47.830608,0],[31.176452,47.831638,0],[31.1750793,47.8348225,0],[31.170442,47.851615,0],[31.170897,47.854693,0],[31.174681,47.860986,0],[31.176452,47.86692,0],[31.1750793,47.9029945,0],[31.174312,47.920555,0],[31.167738,47.954048,0],[31.155939,47.97953,0],[31.151519,47.984479,0],[31.148987,47.985613,0],[31.145977,47.986049,0],[31.141857,47.98579,0],[31.1373138,47.9865899,0],[31.130683,47.988421,0],[31.123838,47.99171,0],[31.1208344,47.9948615,0],[31.116897,48.000641,0],[31.113496,48.0024,0],[31.1084747,48.0031319,0],[31.101951,48.003986,0],[31.0964584,48.0056587,0],[31.078128,48.01246,0]]},"properties":{"name":"Р 06","tessellate":true}},
{"type":"Feature","geometry":{"type":"LineString","coordinates":[[36.017452,49.770698,0],[36.0185051,49.7696241,0],[36.032238,49.7646902,0],[36.0609055,49.7574269,0],[36.064167,49.7564289,0],[36.0650253,49.7547653,0],[36.0653687,49.7539335,0],[36.0693169,49.752769,0],[36.0760117,49.7516045,0],[36.0860538,49.7500517,0],[36.0911179,49.7486098,0],[36.0939074,49.7461973,0],[36.096139,49.7446998,0],[36.1006451,49.7437569,0],[36.1063099,49.7441174,0],[36.1098289,49.7436737,0],[36.1124897,49.7433409,0],[36.1205578,49.741566,0],[36.1284542,49.7386816,0],[36.1354065,49.7358803,0],[36.1367369,49.7354365,0],[36.1453629,49.7336059,0],[36.1501265,49.7326905,0],[36.1565208,49.7302494,0],[36.1614132,49.7281966,0],[36.1659622,49.7257831,0],[36.1709833,49.7231475,0],[36.1743736,49.7213718,0],[36.1766911,49.7204563,0],[36.181283,49.7190412,0],[36.1872053,49.7171544,0],[36.1911106,49.7153231,0],[36.1965179,49.7126314,0],[36.1976767,49.7117989,0],[36.1983633,49.7112439,0],[36.2008524,49.7103003,0],[36.2036419,49.709329,0],[36.2066889,49.7083577,0],[36.2077618,49.7082744,0],[36.2106371,49.7093568,0],[36.2151432,49.709662,0],[36.221838,49.7096898,0],[36.2267303,49.70944,0],[36.2281895,49.708885,0],[36.2307215,49.7078859,0],[36.2371159,49.7051383,0],[36.2394762,49.7039171,0],[36.2467718,49.7010583,0],[36.2526941,49.6990042,0],[36.2574148,49.6968391,0],[36.2596893,49.6958397,0],[36.2627363,49.6947293,0],[36.2663841,49.6938688,0],[36.2704182,49.693258,0],[36.272006,49.6930915,0],[36.2777138,49.6937855,0],[36.2840223,49.6938688,0],[36.2873268,49.6940909,0],[36.2920475,49.6948404,0],[36.2929916,49.6947016,0],[36.2988281,49.6928694,0],[36.3011456,49.6920643,0],[36.3035917,49.6904263,0],[36.3087416,49.6877333,0],[36.3109732,49.6866782,0],[36.311059,49.6857342,0],[36.311059,49.6849845,0],[36.3120031,49.6838739,0],[36.3133335,49.683263,0],[36.3175821,49.6830409,0],[36.3240623,49.6828743,0],[36.3345766,49.6812638,0],[36.3371515,49.6809028,0],[36.3429022,49.6809861,0],[36.3467216,49.6808473,0],[36.3508844,49.6809306,0],[36.3547039,49.6804585,0]]},"properties":{"name":"т2101","tessellate":true}},
{"type":"Feature","geometry":{"type":"LineString","coordinates":[[29.999873,48.769763,0],[29.995734,48.770806,0],[29.994859,48.77086,0],[29.9824619,48.7748584,0],[29.97449,48.777524,0],[29.9468422,48.7869051,0],[29.9381733,48.7897891,0],[29.93628,48.790312,0],[29.9337959,48.7905242,0],[29.9267578,48.7907504,0],[29.921608,48.7908635,0]]},"properties":{"name":"m12","tessellate":true}},
{"type":"Feature","geometry":{"type":"LineString","coordinates":[[30.271647,48.719928,0],[30.259819,48.721796,0],[30.257206,48.722297,0],[30.247587,48.723804,0],[30.2469707,48.7239815,0],[30.243725,48.724251,0],[30.2413702,48.7243354,0],[30.2384949,48.7242646,0],[30.2344179,48.7239957,0],[30.2305126,48.7237409,0],[30.2163506,48.7227358,0],[30.2118444,48.7224385,0],[30.2096987,48.7223536,0],[30.2076602,48.7223819,0],[30.205059,48.722649,0],[30.202404,48.723169,0],[30.1996565,48.723939,0],[30.19772,48.724719,0],[30.1944852,48.7260481,0],[30.1913095,48.7273645,0],[30.1881981,48.7284969,0],[30.1837778,48.7299122,0],[30.1776838,48.7318371,0],[30.1740146,48.7329269,0],[30.1713967,48.7335355,0],[30.16824,48.734015,0],[30.165893,48.734229,0],[30.1643157,48.7342572,0],[30.1589298,48.7341865,0],[30.1450682,48.7339459,0],[30.1336312,48.733677,0],[30.1327729,48.7337477,0],[30.1314211,48.734045,0],[30.1292753,48.7346677,0]]},"properties":{"name":"m12","tessellate":true}},
{"type":"Feature","geometry":{"type":"LineString","coordinates":[[32.265048,48.455871,0],[32.260494,48.432689,0],[32.256118,48.416362,0],[32.252555,48.410373,0],[32.244808,48.399662,0],[32.2428131,48.3964993,0],[32.235668,48.379112,0],[32.2222137,48.3484918,0],[32.220399,48.344097,0],[32.217359,48.339286,0],[32.2167206,48.3340008,0],[32.2158623,48.3156245,0],[32.215259,48.309291,0],[32.215519,48.2753103,0],[32.216087,48.271357,0],[32.218004,48.267704,0],[32.241955,48.241681,0],[32.243393,48.238766,0],[32.243671,48.23616,0],[32.2416115,48.2307335,0],[32.2325134,48.2130063,0],[32.2301102,48.207401,0],[32.218742,48.179793,0],[32.2095108,48.1608184,0],[32.197623,48.135678,0],[32.1964,48.13121,0],[32.193461,48.124422,0],[32.178934,48.100983,0],[32.175569,48.093954,0],[32.171638,48.089145,0],[32.168295,48.079415,0],[32.166328,48.073768,0]]},"properties":{"name":"H14","tessellate":true,"description":"Н 14 (http://routes.in.ua/natsionalnyie/aleksandrovka-nikolaev-n-14/)"}},
{"type":"Feature","geometry":{"type":"LineString","coordinates":[[32.139299,47.751696,0],[32.140685,47.753474,0],[32.144373,47.762113,0],[32.1508884,47.7755599,0],[32.154987,47.78269,0],[32.1613598,47.793611,0],[32.1687412,47.8054302,0],[32.1691704,47.8065255,0],[32.1711445,47.8215116,0],[32.1725178,47.8287149,0],[32.1739769,47.8470932,0],[32.1756077,47.8690924,0],[32.1760368,47.8754256,0],[32.176015,47.880794,0],[32.174916,47.895075,0],[32.1733761,47.9082304,0],[32.172247,47.911028,0],[32.168918,47.915227,0],[32.1677971,47.9170323,0],[32.1641064,47.9272131,0],[32.1622181,47.9316989,0],[32.155824,47.944421,0],[32.1519184,47.9521677,0],[32.149601,47.9569962,0],[32.1448803,47.969238,0],[32.1397305,47.9819365,0],[32.137455,47.987883,0],[32.1377563,47.990094,0],[32.141463,48.003149,0],[32.142149,48.004175,0],[32.1554375,48.015535,0],[32.163227,48.022123,0],[32.17741,48.037719,0],[32.177539,48.0396,0]]},"properties":{"name":"H14","tessellate":true,"description":"Н 14 (http://routes.in.ua/natsionalnyie/aleksandrovka-nikolaev-n-14/)"}},
{"type":"Feature","geometry":{"type":"LineString","coordinates":[[35.351944,47.4117102,0],[35.3836155,47.4180409,0],[35.3902245,47.4190863,0],[35.3976059,47.4186798,0],[35.404129,47.4175182,0],[35.4098797,47.4157178,0],[35.4326248,47.4094449,0],[35.4627514,47.4010217,0],[35.4666996,47.3990464,0],[35.4771709,47.3930039,0],[35.5157948,47.3705126,0],[35.550127,47.3506287,0],[35.5782795,47.3342275,0],[35.593214,47.3218942,0],[35.598793,47.3170648,0],[35.6007671,47.3154355,0],[35.6063461,47.312526,0],[35.6302071,47.3007696,0],[35.6369019,47.2967533,0],[35.6551838,47.2854592,0],[35.6585312,47.2836543,0],[35.6723499,47.277715,0],[35.6936359,47.2672906,0],[35.6974983,47.2667664,0],[35.702219,47.26764,0],[35.7165527,47.2715421,0],[35.7211876,47.2717168,0],[35.7253075,47.2706103,0],[35.7419586,47.2659509,0],[35.7534599,47.2629804,0],[35.758009,47.2587282,0],[35.7595539,47.2548251,0],[35.7586956,47.245678,0],[35.7578373,47.2322167,0],[35.7579231,47.2295357,0],[35.7595539,47.2274957,0],[35.7690811,47.2232406,0],[35.7871914,47.2138549,0],[35.8210945,47.1963031,0],[35.8549118,47.1790373,0],[35.8773994,47.1672513,0],[35.8816051,47.161299,0],[35.8853817,47.158381,0],[35.8948231,47.1523693,0],[35.9251213,47.1321697,0],[35.9312153,47.1289581,0],[35.9703541,47.1086327,0],[35.9763622,47.1056534,0],[35.9798813,47.1037839,0],[35.983057,47.1016806,0],[35.9974766,47.0922149,0],[36.0196209,47.0778964,0],[36.0342121,47.0683095,0],[36.0358429,47.0666726,0],[36.0389328,47.0625215,0],[36.0403919,47.0605921,0],[36.0421085,47.0596565,0],[36.0504341,47.0560897,0],[36.0858822,47.0407671,0],[36.1176395,47.0270782,0],[36.1203003,47.0259081,0],[36.1256218,47.022339,0],[36.146307,47.007592,0],[36.1526585,47.002968,0],[36.1705971,46.9948899,0],[36.1809826,46.9900892,0],[36.18536,46.9884498,0],[36.2080193,46.9827703,0],[36.2163448,46.9758603,0],[36.2360859,46.9660794,0],[36.2433815,46.9635607,0],[36.2608051,46.961862,0],[36.2732506,46.9605147,0],[36.2798595,46.957527,0],[36.2884426,46.9530745,0],[36.29076,46.9509653,0],[36.3147068,46.9336785,0],[36.3174534,46.9316857,0],[36.3226891,46.9305721,0],[36.3806248,46.9183793,0],[36.3894653,46.916386,0],[36.3980484,46.9132786,0],[36.4413071,46.8985015,0],[36.48242,46.8844829,0],[36.492548,46.8810804,0],[36.5155506,46.8707541,0],[36.5198421,46.8695805,0],[36.5279961,46.8657662,0],[36.5425014,46.8585477,0],[36.5629292,46.8493324,0],[36.5659332,46.848217,0],[36.5709114,46.8455167,0],[36.5796661,46.8421116,0],[36.5824127,46.841231,0],[36.5902233,46.8411723,0],[36.5985489,46.8382954,0],[36.6077328,46.8350074,0],[36.611681,46.8335981,0],[36.6317654,46.8199737,0],[36.6407776,46.8135714,0],[36.6494465,46.8092832,0],[36.6585445,46.8048771,0]]},"properties":{"name":"P37","tessellate":true}},
{"type":"Feature","geometry":{"type":"LineString","coordinates":[[36.2317085,47.9705884,0],[36.2360001,47.9667094,0],[36.2449265,47.9388869,0],[36.2373734,47.9048358,0],[36.2303352,47.8883773,0],[36.2298203,47.8773254,0],[36.2208939,47.8659256,0],[36.215744,47.8592458,0],[36.2064743,47.8377032,0],[36.2064743,47.8325178,0],[36.2095642,47.8158059,0],[36.2085342,47.8073902,0],[36.2071609,47.8001263,0],[36.2020111,47.7910162,0],[36.1942863,47.7866335,0],[36.1882782,47.7849034,0],[36.1874199,47.7821351,0],[36.1881065,47.7702529,0],[36.1898232,47.750751,0],[36.1905098,47.742902,0],[36.1951447,47.7315881,0],[36.1968613,47.727085,0],[36.1975479,47.7228124,0],[36.2033844,47.7121872,0],[36.2232971,47.698556,0],[36.2411499,47.6837656,0],[36.2437248,47.6812231,0],[36.2509346,47.6777558,0],[36.2526512,47.6786805,0],[36.2578011,47.6782181,0],[36.2681007,47.669549,0],[36.2607193,47.666081,0],[36.2617493,47.6638844,0],[36.2541962,47.6628439,0],[36.2528229,47.652669,0],[36.2590027,47.6269917,0],[36.2559128,47.595051,0],[36.260376,47.5684188,0],[36.2548828,47.550811,0],[36.2552261,47.5243882,0],[36.2538528,47.5178963,0],[36.2620926,47.5000396,0],[36.2524796,47.4831048,0]]},"properties":{"name":"T0401","tessellate":true}},
{"type":"Feature","geometry":{"type":"LineString","coordinates":[[25.605998,48.4303681,0],[25.613122,48.4276913,0],[25.6177998,48.4258972,0],[25.6254387,48.4225082,0],[25.6273699,48.4209133,0],[25.6290007,48.4192898,0],[25.6375837,48.411998,0],[25.6419611,48.4082662,0],[25.6494713,48.4018275,0],[25.6505871,48.4008303,0],[25.6506729,48.4003459,0],[25.65063,48.3999755,0],[25.6508446,48.3996051,0],[25.6522179,48.3994911,0],[25.6530762,48.3986933,0],[25.6650496,48.3885487,0],[25.6740189,48.3807964,0],[25.683074,48.3730428,0],[25.6889963,48.3679112,0],[25.6900692,48.3669988,0],[25.6910992,48.3663146,0]]},"properties":{"name":"н10","tessellate":true}},
{"type":"Feature","geometry":{"type":"LineString","coordinates":[[34.5635891,49.6590722,0],[34.5593834,49.6766819,0],[34.5527744,49.7029457,0],[34.551294,49.710373,0],[34.548501,49.721353,0],[34.5476246,49.7248676,0],[34.544815,49.737251,0],[34.5425606,49.7463914,0],[34.540329,49.7557635,0],[34.5386124,49.7618072,0],[34.5369816,49.7692915,0],[34.5350075,49.7776061,0],[34.533157,49.785493,0],[34.5332,49.786861,0],[34.533554,49.787679,0],[34.534324,49.788609,0],[34.5356512,49.789909,0],[34.544141,49.797416,0],[34.546467,49.799483,0],[34.547604,49.800272,0],[34.548479,49.80069,0],[34.5501995,49.8013225,0],[34.552001,49.802028,0],[34.553073,49.802795,0],[34.5536327,49.8035938,0],[34.555467,49.806454,0],[34.5556927,49.8070559,0],[34.5557731,49.8070386,0],[34.555859,49.8071701,0],[34.5568031,49.808593,0],[34.55712,49.809064,0]]},"properties":{"name":"H 12","tessellate":true,"description":"Н 12 (http://routes.in.ua/natsionalnyie/sumyi-poltava-n-12/)"}},
{"type":"Feature","geometry":{"type":"LineString","coordinates":[[35.4412937,49.3925412,0],[35.4355431,49.3933513,0],[35.4324102,49.3935468,0],[35.4262304,49.3932396,0],[35.4140854,49.392653,0],[35.4052448,49.392234,0],[35.4034853,49.3925412,0],[35.3892803,49.3953623,0],[35.3851604,49.3962003,0],[35.3718567,49.3994401,0],[35.3439617,49.4056677,0],[35.309844,49.4133744,0],[35.301733,49.4152172,0],[35.2989864,49.4163618,0],[35.2946949,49.4182324,0],[35.2928495,49.4187349,0],[35.2901459,49.4191257,0],[35.2786446,49.4206612,0],[35.2649546,49.4224757,0],[35.2584743,49.4235644,0],[35.2488184,49.4254067,0],[35.2189064,49.431045,0],[35.1858187,49.4372965,0],[35.1718283,49.4399476,0],[35.1683092,49.4407848,0],[35.1660347,49.4418173,0],[35.1592541,49.4454726,0],[35.15522,49.4478722,0],[35.1474094,49.4513317,0],[35.1381397,49.4537868,0]]},"properties":{"name":"p11","tessellate":true}},
{"type":"Feature","geometry":{"type":"LineString","coordinates":[[24.6728253,50.39826,0],[24.6713448,50.396263,0],[24.6691561,50.3913931,0],[24.6651649,50.3828286,0],[24.6628046,50.377711,0],[24.6612167,50.3743446,0],[24.6598864,50.3734414,0],[24.6570969,50.3716349,0],[24.656496,50.3705948,0],[24.6563673,50.3678301,0],[24.6557665,50.3669815,0],[24.6547365,50.3665435,0],[24.6547365,50.3652295,0],[24.653492,50.3643809,0],[24.6528912,50.3626288,0],[24.6507025,50.3558115,0],[24.6501875,50.3542507,0],[24.6436644,50.3443102,0],[24.6437502,50.3436255,0],[24.6440506,50.3412701,0],[24.6440506,50.3384489,0],[24.6440935,50.3364767,0],[24.644866,50.3318473,0],[24.6445656,50.3308336,0],[24.6406603,50.3198469,0],[24.6391582,50.3130783,0],[24.6360254,50.2983044,0],[24.6339226,50.2887086,0],[24.6279573,50.2840197,0],[24.6274424,50.283197,0],[24.6268415,50.2822098,0],[24.6243095,50.2754632,0],[24.6247387,50.2747775,0],[24.627142,50.2727752,0],[24.624052,50.270526,0],[24.619031,50.2671795,0],[24.6069288,50.2597449,0],[24.5904064,50.2494826,0],[24.5776176,50.2414963,0],[24.5677471,50.2352655,0],[24.5575762,50.2288967,0],[24.5563316,50.2278809,0],[24.5553017,50.2264258,0],[24.5538425,50.221209,0],[24.5533276,50.2203577,0],[24.5521688,50.2194516,0],[24.5489931,50.2175294,0],[24.5346594,50.2096201,0],[24.5241451,50.2038521,0],[24.520154,50.2024238,0],[24.5049191,50.1971219,0],[24.5023012,50.196023,0],[24.497366,50.1937427,0],[24.4757366,50.1834113,0],[24.4556522,50.1739023,0],[24.4338942,50.1636216,0],[24.4222212,50.1580955,0],[24.4080591,50.1513313,0],[24.4017076,50.1478114,0],[24.3940687,50.1435486,0],[24.3900776,50.1418159,0],[24.3835545,50.1390654,0],[24.3690062,50.1329313,0],[24.3511534,50.1253657,0],[24.3495655,50.1244577,0],[24.3484926,50.1233296,0],[24.3482351,50.1218713,0],[24.348321,50.1184318,0],[24.3477631,50.1175512,0],[24.3465614,50.1167257,0],[24.3423986,50.1146342,0],[24.3415403,50.1133958,0],[24.3403816,50.1120198,0],[24.338665,50.1095153,0],[24.3378067,50.1089649,0],[24.3374634,50.1081116,0],[24.3384933,50.1063776,0],[24.3384933,50.1051941,0],[24.3393087,50.1040105,0],[24.3410683,50.1032122,0],[24.3418837,50.1022213,0],[24.3426991,50.099496,0],[24.3442011,50.099441,0],[24.3439007,50.0986427,0],[24.3417549,50.0967707,0],[24.3372059,50.0926961,0]]},"properties":{"name":"н17","tessellate":true,"description":"http://routes.in.ua/natsionalnyie/lvov-lutsk-n17/"}},
{"type":"Feature","geometry":{"type":"LineString","coordinates":[[35.7574081,47.2603592,0],[35.7613564,47.2643201,0],[35.784874,47.2810923,0],[35.7986069,47.2913394,0],[35.8020401,47.2932023,0],[35.8228111,47.3001876,0],[35.8600616,47.313457,0],[35.8957672,47.3261414,0],[35.9100151,47.3311445,0],[35.9139633,47.334402,0],[35.9158516,47.334751,0],[35.9240913,47.3338203,0],[35.9381676,47.3351001,0],[35.9570503,47.3371941,0],[35.9646034,47.3375431,0],[35.9687233,47.33859,0],[35.9762764,47.3413819,0],[35.9968758,47.3458019,0],[36.02005,47.3555713,0],[36.0253716,47.363246,0],[36.0330963,47.370687,0],[36.033268,47.3821953,0],[36.0413361,47.3889364,0],[36.0509491,47.3883553,0],[36.0691452,47.3939335,0],[36.1103439,47.4063662,0],[36.1192703,47.4088059,0],[36.1230469,47.4107808,0],[36.1252785,47.4113617,0],[36.1352348,47.4185636,0],[36.1398697,47.4198413,0],[36.1422729,47.4201897,0],[36.1592674,47.4321517,0],[36.1803818,47.4467811,0],[36.1999512,47.4567639,0],[36.2021828,47.4592013,0],[36.2136841,47.4756796,0],[36.2191772,47.489137,0]]},"properties":{"name":"T0401","tessellate":true}},
{"type":"Feature","geometry":{"type":"LineString","coordinates":[[35.514336,50.174816,0],[35.5100441,50.178712,0],[35.5054092,50.182477,0],[35.4995728,50.1871485,0],[35.4956675,50.1903633,0],[35.4927492,50.1921767,0],[35.4910755,50.1937427,0],[35.4892731,50.1959406,0],[35.4881573,50.1981659,0],[35.4881144,50.1996768,0],[35.488801,50.2008031,0],[35.4910326,50.2018469,0],[35.4921055,50.2028083,0],[35.4930067,50.2037423,0],[35.4929638,50.2080821,0],[35.4930496,50.2102793,0],[35.4924488,50.2125039,0],[35.4912901,50.2157719,0],[35.490346,50.2183532,0],[35.4883718,50.2216757,0],[35.4835224,50.2300223,0],[35.4839087,50.2311204,0],[35.487771,50.2383399,0],[35.4909468,50.2443507,0],[35.494895,50.2517328,0],[35.4982424,50.258181,0],[35.5021477,50.2655335,0],[35.5029631,50.2669326,0],[35.5033922,50.2697306,0],[35.5029202,50.2706906,0],[35.500474,50.2739547,0],[35.499444,50.2754906,0],[35.4992723,50.2764505,0],[35.4991865,50.2781235,0],[35.5007744,50.2810305,0],[35.5033493,50.2844584,0],[35.505023,50.2863231,0],[35.5061817,50.2878312,0],[35.5064821,50.288736,0],[35.5057526,50.2903263,0],[35.5021906,50.2979755,0]]},"properties":{"name":"P45","tessellate":true,"description":"http://routes.in.ua/harkov-sumyi-p-46-p-45/"}},
{"type":"Feature","geometry":{"type":"LineString","coordinates":[[35.5021048,50.2980714,0],[35.5015469,50.2993873,0],[35.499723,50.3018818,0],[35.4988647,50.3031428,0],[35.4979205,50.3044722,0],[35.4962897,50.3065416,0],[35.4947662,50.3088439,0],[35.4942298,50.3095565,0],[35.4946804,50.3109132,0],[35.4960537,50.3144896,0],[35.4984355,50.3197921,0],[35.5000877,50.323272,0],[35.5003881,50.3240255,0],[35.5008173,50.3269982,0],[35.5011606,50.334299,0],[35.5015898,50.3418589,0],[35.5020833,50.3497599,0],[35.5023837,50.3564549,0],[35.502727,50.3633132,0],[35.503006,50.3702526,0],[35.5034566,50.3760142,0],[35.5037141,50.3802836,0],[35.5037141,50.381515,0],[35.5035639,50.3821855,0],[35.5029202,50.383458,0],[35.502491,50.3841831,0],[35.5017185,50.385524,0],[35.5004954,50.3873984,0],[35.4980707,50.3908869,0],[35.4952598,50.3950319,0],[35.4913759,50.4007767,0],[35.4882646,50.4054815,0],[35.485003,50.4103226,0],[35.4839516,50.4118815,0],[35.483222,50.4131942,0],[35.4830074,50.4150948,0],[35.4829001,50.4158332,0],[35.4822779,50.4174192,0],[35.4819775,50.4182806,0],[35.482471,50.4195384,0],[35.4826641,50.4204134,0],[35.4830074,50.4227923,0],[35.484488,50.4255264,0]]},"properties":{"name":"P45","tessellate":true,"description":"http://routes.in.ua/harkov-sumyi-p-46-p-45/"}},
{"type":"Feature","geometry":{"type":"LineString","coordinates":[[29.2015743,48.7408519,0],[29.1968536,48.7411632,0],[29.1860819,48.7417575,0],[29.1722202,48.7415311,0]]},"properties":{"name":"Лінія 147","tessellate":true}},
{"type":"Feature","geometry":{"type":"LineString","coordinates":[[35.7132912,47.2648443,0],[35.7045364,47.2590194,0],[35.7033348,47.2561067,0],[35.6950092,47.2529026,0],[35.6938934,47.2498731,0],[35.6916618,47.2474843,0],[35.6792164,47.2399676,0],[35.6727791,47.2369373,0],[35.6455708,47.2194515,0],[35.64394,47.21916,0],[35.6401634,47.2194515,0],[35.631237,47.2224245,0],[35.6302071,47.2222496,0],[35.6265163,47.2205591,0],[35.6041145,47.2149043,0],[35.6009388,47.2087241,0],[35.5918407,47.2023099,0],[35.5817127,47.1941452,0],[35.5796528,47.1869126,0],[35.579052,47.1792707,0],[35.5713272,47.1715109,0],[35.5643749,47.1563966,0],[35.5551052,47.1480498,0],[35.5513287,47.1432045,0],[35.5438614,47.1331039,0],[35.5400848,47.1244615,0],[35.5317593,47.1182123,0],[35.5281544,47.1157592,0],[35.5245495,47.1116703,0],[35.5213737,47.108107,0],[35.5205154,47.1062376,0],[35.5182838,47.0937927,0],[35.5127048,47.0880074,0],[35.5090141,47.0829229,0],[35.5076408,47.0814618,0],[35.5028343,47.0774872,0],[35.5012035,47.0770196,0],[35.5011177,47.0752076,0],[35.4994869,47.0736293,0],[35.4982853,47.0697126,0],[35.4982853,47.0681342,0],[35.4931355,47.0640417,0],[35.4914188,47.0620538,0],[35.4836941,47.0563821,0],[35.4709053,47.0477271,0],[35.4703903,47.0458556,0],[35.4723644,47.044218,0],[35.4755402,47.0425803,0],[35.4764843,47.0388368,0],[35.4764843,47.0253815,0],[35.4731369,47.0192963,0],[35.4730511,47.0184771,0],[35.471077,47.0150245,0],[35.4704762,47.0122155,0],[35.4667854,47.0079431,0],[35.474081,46.9895623,0],[35.4568291,46.9861664,0],[35.4541683,46.9844684,0],[35.4448128,46.9735763,0],[35.4402637,46.970648,0],[35.4221535,46.9758018,0],[35.4183769,46.9739863,0],[35.4148579,46.9729907,0],[35.4019833,46.9639122,0],[35.4010391,46.9562382,0],[35.4001808,46.9542463,0],[35.3998375,46.9480357,0],[35.3992367,46.9447544,0],[35.3988934,46.9414143,0],[35.3958893,46.930279,0],[35.3918552,46.9160342,0],[35.3905678,46.9044832,0],[35.3903961,46.9030172,0],[35.3875637,46.8928124,0],[35.3871346,46.8911114,0],[35.384903,46.8888825,0],[35.3824997,46.8871227,0],[35.376575,46.888435,0]]},"properties":{"name":"Лінія 148","tessellate":true}},
{"type":"Feature","geometry":{"type":"LineString","coordinates":[[33.9437199,50.0272624,0],[33.9427757,50.030295,0],[33.9417458,50.031122,0],[33.9397717,50.0306809,0],[33.9376259,50.0312323,0],[33.9352226,50.0331068,0],[33.9321327,50.0342646,0],[33.9261246,50.0381788,0],[33.9197731,50.0424785,0],[33.9183998,50.0439117,0],[33.9180565,50.0460062,0],[33.9182281,50.0486518,0],[33.9192581,50.0517933,0],[33.9190006,50.0543834,0],[33.9203739,50.0603899,0],[33.9208031,50.0619327,0],[33.9201164,50.0644672,0],[33.9198589,50.0662303,0],[33.9198589,50.0704724,0],[33.9198589,50.0743286,0],[33.9202023,50.075265,0],[33.9202023,50.0781293,0],[33.9208889,50.0808282,0],[33.9204597,50.0834168,0],[33.9201164,50.0847386,0],[33.9180565,50.0884835,0],[33.917284,50.093109,0],[33.9165115,50.10346,0],[33.9168549,50.1201929,0],[33.9173698,50.1215136,0],[33.9199448,50.1231095,0],[33.9384842,50.1363148,0],[33.9405441,50.1374701,0],[33.9403725,50.1390654,0],[33.9412308,50.1403307,0],[33.9439774,50.1439612,0],[33.9454365,50.1457213,0],[33.9465523,50.1457763,0],[33.9511871,50.1517713,0],[33.9524746,50.1535312,0],[33.9549637,50.1543561,0],[33.9577961,50.1565558,0],[33.959341,50.1576006,0]]},"properties":{"name":"Лінія 149","tessellate":true,"description":"https://www.youtube.com/watch?v=hrlcrkcxE9o"}},
{"type":"Feature","geometry":{"type":"LineString","coordinates":[[23.9463329,50.0672495,0],[23.9403677,50.0714778,0],[23.9316988,50.0776336,0],[23.9312267,50.0783221,0],[23.9312696,50.0793686,0],[23.9310122,50.08036,0],[23.9298964,50.0813514,0],[23.9268494,50.0834719,0],[23.9196825,50.0870792,0],[23.9083958,50.0926961,0],[23.8881826,50.102992,0],[23.8676262,50.1131481,0],[23.864665,50.1147993,0],[23.8635492,50.1166156,0],[23.863678,50.1197251,0],[23.863678,50.1207432,0],[23.8629913,50.1219814,0],[23.8610172,50.1233296,0],[23.8570261,50.1253932,0],[23.8454819,50.1318034,0],[23.8420916,50.133619,0],[23.8411474,50.1342792,0],[23.8404608,50.1350769,0],[23.8387012,50.1363148,0],[23.8273716,50.1440162,0],[23.8140678,50.1531187,0],[23.8011503,50.1620271,0],[23.7844133,50.1734075,0],[23.7674189,50.18517,0],[23.7640715,50.1874233,0],[23.7608099,50.1897588,0],[23.7587929,50.1909678,0],[23.7564325,50.191847,0],[23.7493086,50.1940175,0],[23.7297821,50.2002262,0],[23.7127447,50.2056375,0],[23.6880684,50.2131355,0],[23.6709452,50.2182708,0],[23.6548948,50.2230761,0],[23.65026,50.2244352,0],[23.6333513,50.2295281,0],[23.6260772,50.2317792,0]]},"properties":{"name":"М09","tessellate":true,"description":"http://routes.in.ua/international/lvov-rava-russkaya-m-09/"}},
{"type":"Feature","geometry":{"type":"LineString","coordinates":[[33.2274628,48.1711229,0],[33.230381,48.1564671,0],[33.2357025,48.1569251,0],[33.2375908,48.1540622,0],[33.2367325,48.1495957,0],[33.239994,48.1436398,0],[33.2369041,48.1348191,0],[33.2413673,48.1151105,0],[33.2460022,48.0950503,0],[33.2569885,48.0783083,0],[33.2593918,48.0732617,0],[33.262825,48.0643143,0]]},"properties":{"name":"Лінія 151","tessellate":true}},
{"type":"Feature","geometry":{"type":"LineString","coordinates":[[35.7239342,47.2717751,0],[35.7321739,47.2774821,0],[35.7359505,47.2850517,0],[35.7395554,47.2927366,0]]},"properties":{"name":"Лінія 152","tessellate":true}},
{"type":"Feature","geometry":{"type":"LineString","coordinates":[[35.7395554,47.2927366,0],[35.7453918,47.3050767,0],[35.7513142,47.3168321,0],[35.755949,47.3249196,0],[35.7565498,47.3268395,0],[35.7572365,47.3312026,0],[35.7593822,47.3354491,0],[35.762558,47.3426032,0],[35.7653046,47.34807,0],[35.7694244,47.3580134,0],[35.7712269,47.3612693,0],[35.7818699,47.3772552,0],[35.7829857,47.3788826,0],[35.7835007,47.3806843,0],[35.7865047,47.3842875,0],[35.7975769,47.3964319,0],[35.8012676,47.4003826,0],[35.8053017,47.4026483,0],[35.8100224,47.4054948,0],[35.810709,47.4078184,0],[35.8113956,47.4117683,0],[35.8121681,47.4126395,0],[35.8151722,47.4132203,0],[35.8328533,47.4162986,0],[35.8323383,47.4189121,0],[35.8315659,47.4232676,0],[35.8307076,47.4247774,0],[35.8290768,47.4316872,0],[35.8246994,47.4465489,0],[35.8239269,47.4500896,0],[35.8222961,47.4518308,0],[35.820837,47.4534559,0],[35.8191204,47.4589111,0],[35.8186054,47.4648881,0],[35.8183479,47.469878,0],[35.8137989,47.4777681,0],[35.8080482,47.487629,0],[35.8071899,47.4901809,0],[35.8071899,47.4933127,0],[35.8092499,47.4973141,0],[35.8168888,47.5125631,0]]},"properties":{"name":"Лінія 153","tessellate":true}},
{"type":"Feature","geometry":{"type":"LineString","coordinates":[[36.3846588,46.7638541,0],[36.3951302,46.7785508,0],[36.3959885,46.7804317,0],[36.4037132,46.7833704,0],[36.39925,46.789365,0],[36.4052582,46.7925383,0]]},"properties":{"name":"Лінія 154","tessellate":true}},
{"type":"Feature","geometry":{"type":"LineString","coordinates":[[36.4052582,46.7925383,0],[36.3971901,46.8002945,0],[36.3902807,46.8069921,0],[36.3667631,46.829429,0],[36.3529015,46.8427868,0],[36.3398981,46.8553196,0],[36.336894,46.858489,0],[36.3281393,46.8678494,0],[36.3184834,46.8783816,0],[36.3104582,46.8872107,0],[36.3104582,46.8880319,0],[36.3121748,46.8895277,0],[36.3199854,46.8972406,0],[36.3253069,46.9011406,0],[36.3309717,46.9049817,0],[36.3350058,46.9076497,0],[36.3386965,46.9136011,0],[36.3486528,46.9200794,0],[36.3543177,46.9236554,0]]},"properties":{"name":"Лінія 155","tessellate":true}},
{"type":"Feature","geometry":{"type":"LineString","coordinates":[[36.3851738,47.4401055,0],[36.4009666,47.4392928,0],[36.4097214,47.4383639,0],[36.4207935,47.4360997,0],[36.4503193,47.4297131,0],[36.4557266,47.4277969,0],[36.4604473,47.4251258,0],[36.4612198,47.4243709,0]]},"properties":{"name":"Лінія 156","tessellate":true}},
{"type":"Feature","geometry":{"type":"LineString","coordinates":[[29.2037201,49.7218713,0],[29.200201,49.7257554,0],[29.1985703,49.7275308,0],[29.195652,49.7345767,0],[29.190588,49.7434518,0],[29.1826916,49.7565952,0],[29.1764259,49.7681274,0],[29.1752243,49.7696241,0],[29.1593456,49.7794351,0],[29.1455269,49.7877479,0],[29.1444969,49.788967,0],[29.1381454,49.8076929,0],[29.1366863,49.8125117,0],[29.1367722,49.8171639,0],[29.1371155,49.8361003,0],[29.1376305,49.8522623,0],[29.1379738,49.8552506,0],[29.1377163,49.8572427,0],[29.1376305,49.8582941,0],[29.1396046,49.8624992,0],[29.1377163,49.8655422,0]]},"properties":{"name":"Лінія 157","tessellate":true}},
{"type":"Feature","geometry":{"type":"LineString","coordinates":[[29.1377163,49.8655422,0],[29.1333389,49.864159,0],[29.1280174,49.8634951,0],[29.1266441,49.8628312,0],[29.1255283,49.8621119,0],[29.1229534,49.861116,0],[29.1168594,49.860286,0],[29.1050148,49.8586261,0],[29.0886211,49.8564127,0],[29.0844154,49.855804,0],[29.0707684,49.8513216,0],[29.061327,49.8482777,0],[29.0596962,49.8472815,0],[29.0570354,49.8467834,0],[29.0554047,49.8460638,0],[29.0545464,49.8456211,0],[29.0495682,49.8453997,0],[29.0301704,49.8444587,0],[29.0279388,49.844348,0],[29.0315437,49.8473368,0],[29.0300846,49.8480563,0],[29.0271664,49.8458978,0],[29.0230465,49.8429089,0],[29.0194416,49.8436838,0],[29.0067387,49.8430196,0],[28.9924908,49.842134,0],[28.9870834,49.8415251,0],[28.9841652,49.8421894,0],[28.9604759,49.8476689,0],[28.9560986,49.8487758,0],[28.9547253,49.8489418,0],[28.9382458,49.8530371,0],[28.8976479,49.8628865,0],[28.8933563,49.8628865,0],[28.8882065,49.8624439,0],[28.8744736,49.8620013,0]]},"properties":{"name":"Лінія 158","tessellate":true}},
{"type":"Feature","geometry":{"type":"LineString","coordinates":[[29.4393253,49.960718,0],[29.4370937,49.9625401,0],[29.4314289,49.9648038,0],[29.4252491,49.9671778,0],[29.4205284,49.9683372,0],[29.4143486,49.9694965,0],[29.4033623,49.9712079,0],[29.3767548,49.9757344,0],[29.3679142,49.9771143,0],[29.3641376,49.9782735,0],[29.3623352,49.9799293,0],[29.3500614,49.9905806,0],[29.3488598,49.9915186,0],[29.343195,49.9940569,0],[29.341135,49.995326,0],[29.3401051,49.9970364,0],[29.3347836,50.0095042,0],[29.3280029,50.0252773,0],[29.325943,50.0298539,0],[29.3215656,50.0309015,0],[29.3068027,50.0352019,0],[29.300108,50.0371865,0],[29.2864609,50.0417068,0],[29.2708397,50.046833,0],[29.2668056,50.0478802,0],[29.2527294,50.0510768,0],[29.2145348,50.0598389,0],[29.2056942,50.0618225,0],[29.2014027,50.0622633,0],[29.1959953,50.0629796,0],[29.1859531,50.0641917,0],[29.1821766,50.0646325,0],[29.1663837,50.0675525,0],[29.1638088,50.0679382,0],[29.1615772,50.0677178,0],[29.1546249,50.0667812,0],[29.1461277,50.0655691,0],[29.1431236,50.0653488,0],[29.1404629,50.0657344,0],[29.1376305,50.0665058,0],[29.1339397,50.0681586,0],[29.1247559,50.07207,0],[29.102869,50.0812138,0],[29.0923977,50.0855647,0],[29.0904236,50.0855647,0],[29.0869045,50.0851792,0],[29.0851021,50.085014,0],[29.0816689,50.0852343,0],[29.0769482,50.0855647,0],[29.0617561,50.086556,0],[29.0600395,50.0872168,0],[29.0392685,50.0971836,0],[29.0214157,50.1056069,0],[29.0180683,50.106818,0],[29.0138626,50.1080841,0],[29.0010738,50.1123776,0],[28.9978981,50.1133133,0],[28.9891434,50.1165606,0],[28.9775562,50.1212935,0],[28.9737797,50.1226693,0],[28.9703465,50.1238799,0],[28.9669991,50.1255308,0],[28.9616776,50.1284471,0],[28.9557552,50.1323536,0],[28.9519787,50.1347193,0],[28.9435673,50.1392305,0],[28.9403057,50.1412108,0],[28.9369583,50.1439062,0],[28.9344692,50.1456113,0],[28.91078,50.1538061,0],[28.8918972,50.160295,0],[28.8772202,50.1656834,0],[28.8670921,50.169312,0],[28.8632298,50.1705215,0],[28.8532734,50.173435,0],[28.8472652,50.1752491,0],[28.8423729,50.1765133,0],[28.8388538,50.1783273,0],[28.8357639,50.1794266,0],[28.8344765,50.1798113,0],[28.8313866,50.183219,0],[28.8297558,50.1840434,0],[28.8267517,50.1850326,0],[28.8188553,50.187176,0],[28.8157654,50.1881652,0],[28.8091564,50.1902534,0],[28.8040066,50.1915173,0],[28.7955952,50.1938801,0],[28.7612629,50.2039345,0],[28.7562847,50.2047037,0],[28.7469292,50.2076701,0],[28.7361145,50.2114053,0]]},"properties":{"name":"Лінія 159","tessellate":true}},
{"type":"Feature","geometry":{"type":"LineString","coordinates":[[33.3437634,47.8325178,0],[33.3424759,47.8305012,0],[33.3401585,47.8288878,0],[33.3355236,47.8271591,0],[33.3294296,47.8235862,0],[33.3271122,47.8215692,0],[33.3232498,47.8186876,0],[33.3222198,47.8175926,0],[33.3234215,47.8157482,0],[33.3256531,47.8122323,0],[33.3254814,47.8103877,0],[33.3241081,47.807909,0],[33.3192158,47.7968399,0],[33.3128643,47.7826542,0],[33.3091736,47.774637,0],[33.3076286,47.7732526,0],[33.3044529,47.7710605,0],[33.2966423,47.7658108,0],[33.2896042,47.7610221,0],[33.285656,47.7581949,0],[33.2842827,47.7570986,0],[33.2828236,47.7553675,0],[33.2802916,47.7521648,0],[33.2772446,47.7483849,0],[33.27703,47.7473749,0],[33.2774591,47.7463072,0],[33.2831669,47.7397851,0],[33.2835531,47.7387173,0],[33.2829952,47.7376205,0],[33.2817078,47.7359465,0],[33.2802486,47.7337241,0],[33.2752705,47.7261901,0],[33.2726097,47.722004,0],[33.2712793,47.7185972,0],[33.2708502,47.7170092,0],[33.2855701,47.7101658,0],[33.2874584,47.7086064,0],[33.2888317,47.7049677,0],[33.2898617,47.6996536,0],[33.289175,47.696072,0],[33.2859993,47.6886192,0],[33.2796478,47.6745195,0],[33.2770729,47.6685087,0],[33.2756996,47.6668324,0],[33.272438,47.6653296,0],[33.2658291,47.6646937,0],[33.2559586,47.663422,0],[33.2561731,47.6629017,0],[33.2561731,47.659809,0],[33.2573318,47.653305,0],[33.2593489,47.6428681,0],[33.2614946,47.6337304,0],[33.2634687,47.6259794,0],[33.2640266,47.6188348,0],[33.2641983,47.6102716,0],[33.2657433,47.6006652,0],[33.2667732,47.5953983,0],[33.2666874,47.5828366,0],[33.2667732,47.5766994,0],[33.2668591,47.5711985,0],[33.2684898,47.5687084,0],[33.2788754,47.5567775,0],[33.2809353,47.5542867,0],[33.2866859,47.5467557,0],[33.2924366,47.5407881,0]]},"properties":{"name":"Лінія 160","tessellate":true}},
{"type":"Feature","geometry":{"type":"LineString","coordinates":[[33.3345795,50.4600176,0],[33.3314896,50.4688686,0],[33.328228,50.480012,0]]},"properties":{"name":"Лінія 161","tessellate":true}},
{"type":"Feature","geometry":{"type":"LineString","coordinates":[[31.8739557,49.2664744,0],[31.87517,49.268515,0],[31.8768954,49.2702268,0],[31.878656,49.271558,0],[31.879848,49.272287,0],[31.8820882,49.2732789,0],[31.885699,49.274478,0],[31.8915939,49.2759808,0],[31.8964863,49.2771708,0],[31.900956,49.278283,0],[31.903068,49.278896,0],[31.904254,49.2793686,0],[31.9056487,49.2801105,0],[31.906667,49.28083,0],[31.907598,49.281641,0],[31.9086742,49.282868,0],[31.9091034,49.2834559,0],[31.9095969,49.2845477,0],[31.9102621,49.2863253,0],[31.910595,49.287445,0],[31.910925,49.289093,0],[31.911121,49.290883,0],[31.911099,49.2929311,0],[31.9108629,49.2954221,0],[31.9106913,49.2970733,0],[31.910611,49.298238,0],[31.9106483,49.2998299,0],[31.9107771,49.3009353,0],[31.9112277,49.3034399,0],[31.9120216,49.3069796,0],[31.9126225,49.3097636,0],[31.9137812,49.3150235,0],[31.914206,49.316553,0],[31.9151545,49.3188002,0],[31.916399,49.321122,0],[31.9178581,49.323192,0],[31.9200897,49.3254437,0],[31.9211841,49.3263667,0],[31.92245,49.327462,0],[31.923131,49.328266,0],[31.9250035,49.3298069,0],[31.9288874,49.3329951,0],[31.9346595,49.3377072,0],[31.9400239,49.3419435,0],[31.9431782,49.3443481,0],[31.9449162,49.3456762,0],[31.9504309,49.3500376,0],[31.9540143,49.3528472,0],[31.958417,49.356361,0],[31.9623828,49.3596258,0],[31.9659019,49.3624208,0],[31.9708586,49.3663895,0],[31.9758153,49.3704417,0],[31.9821024,49.3755274,0],[31.9868445,49.3795509,0],[31.9889259,49.3813251,0],[31.990167,49.382535,0],[31.9909859,49.3832668,0],[31.994295,49.385955,0],[31.9983029,49.3892451,0],[31.9998479,49.3905301,0]]},"properties":{"name":"Н-16","tessellate":true,"description":"http://routes.in.ua/natsionalnyie/zolotonosha-uman-n-16/"}},
{"type":"Feature","geometry":{"type":"LineString","coordinates":[[30.6044769,46.3210301,0],[30.6094551,46.3212079,0],[30.6184673,46.3212672,0],[30.6248617,46.3212672,0]]},"properties":{"name":"Лінія 163","tessellate":true}},
{"type":"Feature","geometry":{"type":"LineString","coordinates":[[30.6248617,46.3212672,0],[30.6251621,46.3181847,0],[30.6253552,46.314702,0],[30.6256127,46.3102852,0],[30.6260633,46.3066389,0],[30.6263208,46.304534,0]]},"properties":{"name":"Лінія 164","tessellate":true}},
{"type":"Feature","geometry":{"type":"LineString","coordinates":[[30.6263208,46.304534,0],[30.6270289,46.2977444,0],[30.6282949,46.2865501,0],[30.6300545,46.2698805,0],[30.6298828,46.2690202,0],[30.6264496,46.2615141,0],[30.6224585,46.2527014,0],[30.6205273,46.2484577,0],[30.6170082,46.2443027,0],[30.6134462,46.2399693,0],[30.611558,46.2379509,0],[30.6104851,46.2370307,0],[30.6091118,46.2367042,0],[30.6081247,46.2367338,0],[30.6077385,46.2353981,0]]},"properties":{"name":"Лінія 165","tessellate":true}},
{"type":"Feature","geometry":{"type":"LineString","coordinates":[[24.2583275,50.8652363,0],[24.2490578,50.8682698,0],[24.2452812,50.8701115,0],[24.2389297,50.8718448,0],[24.2318916,50.8709781,0],[24.2209053,50.8690282,0],[24.2133522,50.8675114,0],[24.2035675,50.8665364,0],[24.1838264,50.8649113,0],[24.1659737,50.8633944,0],[24.1582489,50.8624193,0],[24.1505241,50.8604689,0],[24.1470909,50.8603606,0],[24.1465759,50.8578683,0],[24.1433144,50.8560262,0],[24.1412544,50.8567847,0]]},"properties":{"name":"Лінія 167","tessellate":true,"description":"http://routes.in.ua/natsionalnyie/ustilug-rovno-n-22/"}},
{"type":"Feature","geometry":{"type":"LineString","coordinates":[[36.4612198,47.4243709,0],[36.4749527,47.4124072,0],[36.4886856,47.4000921,0]]},"properties":{"name":"Лінія 167","tessellate":true}},
{"type":"Feature","geometry":{"type":"LineString","coordinates":[[35.3759766,46.8937215,0],[35.3764915,46.8876506,0],[35.3734016,46.8758001,0],[35.3682518,46.8580782,0],[35.3706551,46.8530304,0],[35.3723717,46.8511521,0],[35.3771782,46.8499781,0],[35.3759766,46.84763,0],[35.3725433,46.8434032,0],[35.372955,46.839725,0],[35.3720284,46.8382954,0],[35.3690243,46.8358294,0],[35.3608704,46.8298988,0],[35.3588963,46.8283719,0],[35.3460217,46.8224405,0],[35.3319454,46.8143938,0],[35.3302288,46.8134539,0],[35.3049946,46.796064,0],[35.3013039,46.793596,0]]},"properties":{"name":"м18","tessellate":true,"description":"M 18 (http://routes.in.ua/international/harkov-simferopol-m-18/)"}},
{"type":"Feature","geometry":{"type":"LineString","coordinates":[[31.995986,47.016349,0],[31.9991398,47.0178919,0],[32.0077229,47.0260251,0],[32.0100403,47.0270197,0],[32.0111561,47.0338646,0],[32.013216,47.0352686,0],[32.0144176,47.036614,0],[32.0172501,47.0420539,0],[32.0217133,47.046265,0],[32.0302963,47.0536922,0],[32.0333862,47.056499,0],[32.0392227,47.0644509,0],[32.0487499,47.0783055,0],[32.0602512,47.094786,0],[32.069006,47.1070554,0],[32.0787048,47.122943,0],[32.0878029,47.1370743,0],[32.0986176,47.1541787,0],[32.1017075,47.1582642,0],[32.1053982,47.1611239,0],[32.1108913,47.1653257,0],[32.1125221,47.1667262,0],[32.1147537,47.1691186,0],[32.1183586,47.1742532,0],[32.1278858,47.1873793,0],[32.139473,47.2031263,0],[32.1416187,47.2061002,0],[32.1430779,47.2091905,0],[32.1425629,47.211756,0],[32.1399879,47.2213752,0],[32.1359539,47.2359466,0],[32.1321774,47.2490574,0],[32.1251392,47.2747451,0],[32.1205902,47.2920962,0],[32.1152687,47.3107801,0],[32.1102905,47.3279449,0],[32.1053123,47.3453367,0],[32.1034241,47.3522569,0],[32.1028233,47.354641,0],[32.1026516,47.3571412,0],[32.1029949,47.3612693,0],[32.1045399,47.3667341,0],[32.1083164,47.3797544,0],[32.1093464,47.3832995,0],[32.1099472,47.3902148,0],[32.110033,47.3931782,0],[32.1084881,47.3978263,0],[32.1060848,47.403694,0],[32.10145,47.4135107,0],[32.0930386,47.4318614,0],[32.0866871,47.4455622,0],[32.0822239,47.4565318,0],[32.0792198,47.4638436,0],[32.0785332,47.4659905,0],[32.0773315,47.4707483,0],[32.0742416,47.4845549,0],[32.0715809,47.4966182,0],[32.0718384,47.4993437,0],[32.0732117,47.5036926,0],[32.0742416,47.5078091,0],[32.0749283,47.5172587,0],[32.0752287,47.5194904,0],[32.0759583,47.5208815,0],[32.0768166,47.521693,0],[32.0796919,47.5243592,0],[32.0802069,47.5253155,0],[32.0808077,47.5296042,0],[32.0820093,47.5403825,0],[32.0828247,47.5480013,0],[32.0827389,47.5497393,0],[32.0819664,47.552462,0],[32.0812368,47.5550108,0],[32.0812368,47.5570092,0],[32.0819235,47.5591233,0],[32.0842409,47.5631197,0],[32.0850563,47.5641333,0],[32.0874596,47.5654363,0],[32.0916653,47.5676081,0],[32.0945835,47.5710827,0],[32.0953131,47.5720092,0],[32.0957422,47.5741227,0],[32.0961714,47.5755993,0],[32.0971155,47.577539,0],[32.0977592,47.5791891,0],[32.0982313,47.5855866,0],[32.0986605,47.5901309,0],[32.0992184,47.5970189,0],[32.1002913,47.6057001,0],[32.1002913,47.6078991,0],[32.1002054,47.6100691,0],[32.0993042,47.6192687,0],[32.098875,47.6237523,0],[32.0990467,47.6254877,0],[32.099905,47.6275124,0],[32.1020937,47.6312432,0],[32.1035099,47.6338171,0],[32.1038961,47.6357547,0],[32.104497,47.6389356,0],[32.1050978,47.640844,0],[32.1062136,47.6424054,0],[32.1087885,47.6452679,0],[32.1090889,47.6463955,0],[32.1092176,47.6495179,0],[32.1096468,47.6577278,0],[32.110076,47.6621503,0],[32.109561,47.6641735,0],[32.113472,47.674713,0]]},"properties":{"name":"Н-14","tessellate":true,"description":"Н 14 (http://routes.in.ua/natsionalnyie/aleksandrovka-nikolaev-n-14/)Николаевская область, трассы H11 и H14 убиты в хлам, местами скорость 3-5 км/час, а отмечено бледно красным, там дороги толком и нет, на ютубе полно видео, даже сам асфальт на этих трассах далеко не везде, а ямы достигают 1,5 метр!!"}},
{"type":"Feature","geometry":{"type":"LineString","coordinates":[[32.113472,47.674713,0],[32.1138954,47.6757332,0],[32.1138096,47.6768601,0],[32.1148396,47.6795184,0],[32.1162987,47.6835345,0],[32.1172857,47.6870303,0],[32.1189165,47.6933567,0],[32.1206331,47.6995669,0],[32.1229935,47.7084909,0],[32.1257401,47.7189148,0],[32.127285,47.7249198,0],[32.128787,47.7319633,0],[32.1300316,47.7348786,0],[32.1334219,47.7423248,0],[32.1362972,47.7484426,0],[32.1372414,47.7498276,0],[32.139299,47.751696,0]]},"properties":{"name":"Н 14 ","tessellate":true,"description":"(http://routes.in.ua/natsionalnyie/aleksandrovka-nikolaev-n-14/)"}},
{"type":"Feature","geometry":{"type":"LineString","coordinates":[[33.151206,49.22142,0],[33.152793,49.220199,0],[33.166523,49.21328,0],[33.202087,49.195381,0],[33.2169056,49.1879306,0],[33.220096,49.186573,0],[33.2225704,49.1858549,0],[33.226619,49.184848,0],[33.2289219,49.1845085,0],[33.2459164,49.1834987,0],[33.255967,49.182841,0],[33.258831,49.182212,0],[33.260845,49.181344,0],[33.263855,49.1797397,0],[33.29074,49.164783,0],[33.2960415,49.1621191,0],[33.298174,49.161275,0],[33.299667,49.160983,0],[33.302762,49.160862,0],[33.315681,49.160443,0],[33.318386,49.160203,0],[33.321988,49.159664,0],[33.335766,49.15711,0],[33.340737,49.155723,0],[33.350963,49.152004,0],[33.3570671,49.1501627,0],[33.371139,49.14599,0],[33.3761215,49.1446607,0],[33.382624,49.142903,0],[33.387482,49.140784,0],[33.389448,49.139783,0],[33.392081,49.137014,0],[33.392793,49.135483,0],[33.3950043,49.1290496,0],[33.397327,49.122245,0],[33.399921,49.11639,0],[33.401096,49.114898,0],[33.406188,49.109916,0]]},"properties":{"name":"Н08","tessellate":true,"description":"Н08 (http://routes.in.ua/natsionalnyie/borispol-zaporozhe-n-08/)"}},
{"type":"Feature","geometry":{"type":"LineString","coordinates":[[28.8090706,51.3458398,0],[28.8075256,51.3512006,0],[28.805294,51.3554888,0],[28.8056374,51.3578472,0],[28.8076973,51.362242,0],[28.8082123,51.3673865,0],[28.8205719,51.377031,0],[28.8260651,51.3848523,0],[28.8293266,51.3904228,0],[28.8317299,51.3956713,0],[28.8303566,51.4023114,0],[28.8288116,51.4077727,0],[28.829155,51.4094859,0],[28.8308716,51.4115203,0],[28.8305283,51.4313237,0],[28.8315582,51.432822,0],[28.8341331,51.4342133,0],[28.8500977,51.4398847,0],[28.8514709,51.4415968,0],[28.8528442,51.4464114,0],[28.8566208,51.449407,0],[28.8591957,51.4513326,0],[28.8650322,51.459462,0],[28.8669205,51.4606385,0],[28.8694954,51.461922,0],[28.881855,51.4697287,0],[28.9165306,51.4824519,0],[28.9343834,51.4889725,0],[28.9445114,51.4927135,0],[28.9546394,51.5007287,0],[28.9628792,51.5051097,0],[28.9644241,51.5098109,0],[28.968544,51.5107724,0],[28.9767838,51.5115202,0],[28.9800453,51.5124817,0],[28.9822769,51.513924,0],[28.9874268,51.5186242,0],[29.0192699,51.5462817,0],[29.0258789,51.552633,0],[29.0275955,51.5526864,0],[29.0289688,51.5524729,0],[29.0317154,51.5539673,0],[29.0327454,51.5548211,0],[29.0426159,51.5583965,0],[29.0442467,51.5601041,0],[29.0502548,51.5696013,0],[29.0595245,51.5841099,0],[29.0798664,51.6156183,0],[29.0879345,51.6279811,0]]},"properties":{"name":"р28","tessellate":true,"description":"Р28 от Овруча на Белорусию-жесть. Красный уровень. Р49 от Коростеня до Новограда Волынского – ” ПОЛНАЯ ЖЕНЯ” 3 красных уровня да по жирней. Пожалейте машину, пешком-быстрее.Некоторые ямы объехать нереально.(до 30см.),а вот сотрудникам пропускного пункта Выступовичи-респект, 5 баллов. все бы были такими."}},
{"type":"Feature","geometry":{"type":"LineString","coordinates":[[23.6528778,48.726218,0],[23.6533713,48.7268408,0],[23.6539507,48.7277467,0],[23.6551523,48.7279024,0],[23.6566114,48.7278033,0],[23.6585212,48.7283553,0],[23.6603236,48.7287658,0],[23.6625552,48.728695,0],[23.6640573,48.7292187,0],[23.6644435,48.7297141,0],[23.6641216,48.7306624,0],[23.6643362,48.7315824,0],[23.6659026,48.7320919,0],[23.6673617,48.7326721,0],[23.6695933,48.7350922,0],[23.6704516,48.7355026,0],[23.6730695,48.7366772,0],[23.67764,48.7377386,0],[23.6804938,48.7388141,0],[23.6810088,48.7395217,0],[23.6817813,48.7414603,0],[23.6823392,48.7426914,0],[23.684485,48.7436111,0],[23.6861157,48.7449978,0],[23.6870813,48.7464835,0],[23.6884117,48.7474597,0],[23.6903644,48.7488039,0],[23.6923814,48.7499074,0],[23.6940336,48.7521852,0],[23.6957073,48.7550146,0],[23.6966944,48.7569951,0],[23.6971235,48.7583107,0],[23.6966944,48.7598101,0],[23.6963296,48.7609134,0],[23.6964369,48.7623986,0],[23.6970592,48.7648173,0],[23.6972952,48.7656517,0],[23.6984754,48.7667408,0],[23.6988187,48.7672499,0],[23.6984324,48.7686218,0],[23.6988616,48.7693997,0],[23.7013721,48.7716624,0],[23.7038827,48.7729069,0],[23.7051916,48.773713,0],[23.707788,48.7750564,0],[23.7135172,48.7792702,0],[23.7153196,48.7801469,0],[23.7176371,48.7826071,0],[23.7197828,48.7836533,0],[23.723259,48.7864527,0],[23.7267351,48.7870747,0],[23.7275934,48.7873009,0],[23.7295675,48.7888561,0],[23.7320995,48.7900153,0],[23.7332153,48.7907787,0],[23.7375927,48.7916834,0],[23.7405109,48.792786,0],[23.7467766,48.7932384,0],[23.7496519,48.7942561,0],[23.7527847,48.7934645,0],[23.7560034,48.7920509,0],[23.7575912,48.7915986,0],[23.7624836,48.792164,0],[23.766861,48.7917682,0],[23.7691784,48.7913441,0],[23.7699938,48.7915138,0],[23.7713671,48.7929556,0],[23.7725258,48.7962633,0],[23.7772894,48.7987793,0],[23.7791777,48.8002775,0],[23.7800789,48.8025106,0],[23.7811518,48.8032738,0],[23.7846708,48.8038109,0],[23.7869453,48.8040087,0],[23.7893057,48.8051393,0],[23.7920952,48.8061851,0],[23.7943268,48.8065526,0],[23.7955284,48.8071178,0],[23.8006783,48.807994,0],[23.8044977,48.8094919,0],[23.8078022,48.8131377,0],[23.8108063,48.8157658,0],[23.8136816,48.8168962,0],[23.8147545,48.8177439,0],[23.8162136,48.8204849,0],[23.8189602,48.8224063,0],[23.8224363,48.8232257,0],[23.8276291,48.8255142,0],[23.8294744,48.825938,0],[23.8324356,48.8261641,0],[23.8412333,48.8262771,0],[23.8429928,48.8261923,0],[23.8502455,48.8269552,0],[23.8529062,48.8298933,0],[23.8541937,48.8309104,0],[23.8561249,48.8331139,0],[23.8597298,48.8365884,0],[23.8608456,48.8370121,0],[23.8622189,48.837464,0],[23.8681841,48.8400909,0],[23.8696861,48.8408535,0],[23.8715744,48.8428871,0],[23.8751793,48.8448924,0],[23.8763809,48.8465587,0],[23.8813591,48.848818,0],[23.8825607,48.8504841,0],[23.8852215,48.8519525,0],[23.8913584,48.8542398,0],[23.8953495,48.8578258,0],[23.903718,48.8662392,0],[23.9083958,48.8709253,0],[23.9099407,48.8729577,0],[23.9110565,48.8758085,0],[23.9117002,48.8840778,0],[23.9124298,48.8928535,0],[23.9130735,48.9004712,0],[23.9137173,48.906649,0],[23.9139748,48.9080594,0],[23.9149189,48.9119236,0],[23.9159918,48.9138133,0],[23.915391,48.9154773,0],[23.9126015,48.9185231,0],[23.9104557,48.9221891,0],[23.9090824,48.9237118,0],[23.9068508,48.9257702,0],[23.9059067,48.9271518,0],[23.9064217,48.9280259,0],[23.9077091,48.9303097,0],[23.9085031,48.9322269,0],[23.9093828,48.932833,0],[23.912065,48.9342286,0],[23.9186954,48.9377243,0],[23.9191246,48.9383868,0],[23.9201546,48.9400922,0],[23.9217639,48.9414312,0]]},"properties":{"name":"р21","tessellate":true}},
{"type":"Feature","geometry":{"type":"LineString","coordinates":[[32.8529835,47.3121768,0],[32.8607082,47.3175885,0],[32.8673172,47.3217778,0],[32.8698921,47.3264323,0],[32.8774452,47.3370777,0],[32.883625,47.3452785,0],[32.8844833,47.3464998,0],[32.8848267,47.3487678,0],[32.8861141,47.3521988,0],[32.890234,47.3562109,0],[32.8957272,47.3617344,0],[32.8938389,47.3701639,0],[32.8910065,47.3838807,0],[32.8874016,47.398814,0],[32.8824234,47.4194348,0],[32.8769302,47.4428339,0],[32.8753853,47.449335,0],[32.8759003,47.4517728,0],[32.8783035,47.4531077,0],[32.8981304,47.4634374,0],[32.8979588,47.4655263,0],[32.8936672,47.4824087,0],[32.8886032,47.5041564,0],[32.8847408,47.5212583,0],[32.8832817,47.5245041,0],[32.8833675,47.5266485,0],[32.8799343,47.5427581,0],[32.8784752,47.549131,0],[32.8763294,47.5569512,0],[32.8718662,47.5762362,0],[32.869463,47.5925621,0],[32.8698921,47.5967295,0],[32.8651714,47.6061052,0],[32.8645706,47.6080727,0],[32.864399,47.6121232,0],[32.8682613,47.6236944,0],[32.8722095,47.6350896,0],[32.872982,47.6537676,0],[32.8683472,47.668104,0],[32.8671455,47.6705316,0],[32.866888,47.6725545,0],[32.8680038,47.6748663,0],[32.8686047,47.6808764,0],[32.8659439,47.6885036,0],[32.8647423,47.7009244,0],[32.8636265,47.7124759,0],[32.8604507,47.7262189,0],[32.8593349,47.7319922,0],[32.8601074,47.7337818,0],[32.858305,47.73586,0],[32.8578758,47.7454992,0],[32.8570175,47.7486157,0],[32.8564167,47.7512703,0],[32.857275,47.7664454,0],[32.8582191,47.7738294,0],[32.856245,47.7869795,0],[32.8545284,47.7925731,0],[32.8534985,47.7956291,0],[32.8518677,47.8034702,0],[32.8510094,47.8042196,0],[32.8435421,47.8080243,0],[32.831951,47.820049,0]]},"properties":{"name":"Т1512","tessellate":true,"description":"Трасса Т1512 Березноватое – Казанка – как в фильме ужасов!!! Мы 61 км ехали около 3 часов. Яма на яме, местами дорожного покрытия нет совсем и дорога такими страшными буграми и волнами, кусты и деревья так заросли что царапают машину с обеих сторон одновременно – и это при том что мы ехали на Матизе!!! По бокам трассы брошенные села в руинах и нет других машин на тассе! Видимо больше не нашлось больше дураков!!! Ехали со скоростью 10-20 км в час и молились чтоб доехать и довезти ребенка! Самое страшное путешествие за 30 лет моей жизни! Однозначно, цвет трассе КРАСНЫЙ! Но можно и черный – дорога смерти!!! Ехали мы 27.08.2016."}},
{"type":"Feature","geometry":{"type":"LineString","coordinates":[[31.66852,51.1377322,0],[31.6731548,51.1307845,0],[31.6835403,51.1172091,0],[31.688261,51.1097194,0],[31.6931534,51.1027135,0],[31.7031956,51.0911246,0],[31.7150402,51.0781307,0],[31.72019,51.0736009,0],[31.7268848,51.069556,0],[31.7357254,51.0655108,0],[31.7522907,51.0578508,0],[31.7655087,51.0520241,0],[31.7671394,51.0513227,0],[31.7706585,51.0507832,0],[31.7837048,51.0492184,0],[31.7985535,51.0475997,0],[31.8036175,51.0459269,0]]},"properties":{"name":"р67","tessellate":true}},
{"type":"Feature","geometry":{"type":"LineString","coordinates":[[25.605998,48.4303681,0],[25.5777168,48.4410453,0],[25.5665588,48.446625,0],[25.5646706,48.4467389,0],[25.5581474,48.449927,0],[25.5509377,48.4540258,0],[25.5387497,48.4585796,0],[25.5195236,48.4659786,0],[25.5030441,48.4683688,0],[25.4839897,48.4711003,0],[25.4779816,48.4717832,0],[25.4541206,48.4731489,0],[25.4294014,48.4744007,0],[25.3971291,48.4762216,0],[25.3756714,48.4775871,0],[25.3370476,48.476563,0],[25.3214264,48.4757664,0],[25.3097534,48.4730351,0]]},"properties":{"name":"н10","tessellate":true}},
{"type":"Feature","geometry":{"type":"LineString","coordinates":[[25.2756786,48.4689948,0],[25.2596283,48.4762216,0],[25.2421188,48.4840162,0],[25.219202,48.4944262,0],[25.2092457,48.4988058,0],[25.197401,48.5012513,0],[25.1727676,48.5063126,0],[25.1483917,48.5113735,0],[25.1289082,48.5153535,0],[25.1182652,48.5173435,0],[25.0907135,48.5229717,0]]},"properties":{"name":"н10","tessellate":true}},
{"type":"Feature","geometry":{"type":"LineString","coordinates":[[24.9753571,48.5789921,0],[24.9686623,48.5862032,0],[24.9605083,48.594719,0],[24.9522686,48.6036873,0],[24.950552,48.6061846,0],[24.9491787,48.6082844,0],[24.9450588,48.6123136,0],[24.939909,48.6172504,0],[24.9387074,48.619293,0],[24.9385357,48.621676,0],[24.9398232,48.6258743,0],[24.9435997,48.6386941,0],[24.9457455,48.6456131,0],[24.9463463,48.6475412,0],[24.9487495,48.6513972,0],[24.9486637,48.6540055,0],[24.9472904,48.6569538,0],[24.9443722,48.6631333,0],[24.9402523,48.6743,0],[24.9392223,48.6753202,0],[24.9351883,48.6777572,0],[24.9336433,48.6787773,0],[24.9322701,48.6800808,0],[24.9296951,48.6809308,0],[24.9252319,48.6831409,0],[24.9092674,48.6902805,0],[24.9075508,48.6915836,0],[24.9057484,48.6940199,0],[24.9042034,48.696456,0],[24.9019718,48.6985521,0],[24.9012852,48.7000249,0],[24.9014568,48.7014411,0],[24.9024868,48.7030272,0],[24.9030018,48.7045566,0],[24.9030018,48.7056895,0],[24.901886,48.7077852,0],[24.8976803,48.7149779,0],[24.8959637,48.715884,0],[24.8914146,48.7173564,0],[24.8881531,48.7189986,0],[24.8864365,48.721207,0],[24.8844624,48.7223395,0],[24.8808575,48.7235285,0],[24.8787975,48.7236984,0],[24.8764801,48.7244911,0],[24.874506,48.7255669,0],[24.873991,48.7265294,0],[24.8735619,48.728511,0],[24.8719311,48.7300962,0],[24.8679829,48.7330967,0],[24.8659229,48.7338327,0],[24.8636913,48.7349082,0],[24.8626614,48.7368612,0],[24.8621035,48.7375688,0],[24.861331,48.7377103,0],[24.8589277,48.7373141,0],[24.8573828,48.7370027,0],[24.8524046,48.7373141,0],[24.8518896,48.7377103,0],[24.8518896,48.7396915,0],[24.8521471,48.7467099,0],[24.8521471,48.7484926,0],[24.8528767,48.7526804,0],[24.853735,48.7576317,0],[24.8548079,48.7634594,0],[24.855752,48.7688057,0],[24.8569107,48.7752826,0],[24.8578548,48.7804579,0],[24.8590994,48.7876402,0],[24.860301,48.7941148,0],[24.8605156,48.7960937,0],[24.8600435,48.7976203,0],[24.8586273,48.7994012,0],[24.854207,48.8043762,0],[24.8484135,48.8110746,0],[24.8426199,48.81797,0],[24.8417187,48.8188177,0],[24.8397017,48.8192981,0],[24.8385859,48.8195241,0],[24.8318052,48.823706,0],[24.8291445,48.8254012,0],[24.8280716,48.825712,0],[24.8234797,48.8268139,0],[24.8142529,48.8289045,0],[24.8117208,48.8295826,0],[24.8100042,48.8302606,0],[24.8071718,48.8320686,0],[24.8040283,48.8338836,0],[24.8025155,48.834604,0],[24.8003697,48.8351125,0],[24.7989213,48.8354797,0]]},"properties":{"name":"н10","tessellate":true}},
{"type":"Feature","geometry":{"type":"LineString","coordinates":[[36.9040203,48.7025741,0],[36.9039345,48.698722,0],[36.9013596,48.6993452,0],[36.8846226,48.7024041,0],[36.8823051,48.6979289,0],[36.8750954,48.6969658,0],[36.8677998,48.6952663,0],[36.8516636,48.691017,0],[36.8284035,48.6864275,0],[36.7974186,48.6805341,0],[36.7842007,48.678834,0],[36.7527008,48.6755469,0],[36.7254925,48.672373,0],[36.7217159,48.6722029,0]]},"properties":{"name":"Лінія 178","tessellate":true}},
{"type":"Feature","geometry":{"type":"LineString","coordinates":[[36.7217159,48.6722029,0],[36.6854095,48.6688587,0],[36.6809464,48.6661378,0],[36.6761398,48.6640971,0],[36.6672134,48.6618295,0],[36.6576004,48.6568404,0],[36.6509914,48.6538354,0],[36.6435242,48.6508301,0],[36.6384602,48.6483351,0],[36.6347694,48.6468607,0],[36.6285038,48.6427776,0],[36.6245556,48.6414164,0],[36.6165733,48.6372761,0],[36.6138268,48.6341565,0],[36.6114235,48.6306396,0],[36.6103935,48.6284272,0],[36.6070461,48.6257609,0],[36.5996647,48.6226973,0],[36.5972614,48.6218462,0],[36.5919399,48.6196902,0],[36.5809536,48.6131081,0],[36.5734005,48.6086817,0],[36.5710831,48.6074331,0],[36.5630579,48.6047373,0],[36.5546894,48.6018711,0],[36.5461493,48.5979262,0],[36.5472221,48.5968477,0],[36.5530586,48.5888149,0],[36.5446472,48.5791057,0],[36.5395832,48.5733134,0],[36.5315151,48.5654188,0],[36.5264511,48.5592841,0],[36.5255928,48.5573526,0],[36.5177822,48.5499101,0],[36.5147781,48.5471828,0],[36.5105724,48.5441713,0],[36.5062809,48.5371815,0],[36.501646,48.5303044,0],[36.4931488,48.5189922,0],[36.4884281,48.5092127,0],[36.486454,48.5040379,0],[36.4828491,48.5007395,0],[36.4801884,48.4981801,0],[36.4713478,48.4924354,0],[36.4689445,48.4908427,0],[36.4602757,48.4876571,0],[36.4552116,48.4836749,0],[36.4548683,48.4808871,0],[36.4465427,48.4769044,0],[36.432724,48.4676859,0],[36.4302349,48.4662062,0],[36.4290333,48.46632,0],[36.421566,48.4537981,0],[36.4171886,48.444974,0],[36.4146137,48.4280045,0],[36.4141846,48.4254415,0]]},"properties":{"name":"Лінія 179","tessellate":true}},
{"type":"Feature","geometry":{"type":"LineString","coordinates":[[32.50983,47.6926,0],[32.507511,47.69131,0],[32.498329,47.683841,0],[32.497821,47.682979,0],[32.498069,47.680488,0],[32.490089,47.673278,0],[32.488796,47.671825,0],[32.488544,47.671218,0],[32.492149,47.661441,0],[32.4917221,47.6583927,0],[32.4903488,47.651744,0],[32.4877739,47.6411043,0],[32.487372,47.639026,0],[32.488124,47.630111,0],[32.4868298,47.6239837,0],[32.484771,47.615688,0],[32.484545,47.613823,0],[32.485199,47.5889152,0],[32.4853706,47.5819103,0],[32.486656,47.572521,0],[32.4891472,47.559384,0],[32.4894047,47.5575884,0],[32.4888039,47.5533019,0],[32.488891,47.55149,0],[32.4895763,47.5500579,0],[32.4926662,47.5463502,0]]},"properties":{"name":"н-11","tessellate":true,"description":"http://routes.in.ua/natsionalnyie/dnepropetrovsk-nikolaev-n-11/"}},
{"type":"Feature","geometry":{"type":"LineString","coordinates":[[33.9144516,47.5125631,0],[33.9135933,47.5034026,0],[33.9017487,47.4923848,0],[33.9036369,47.4824087,0],[33.8941956,47.4739392,0],[33.8772011,47.4665128,0],[33.8751411,47.4511924,0],[33.8684464,47.4371447,0],[33.8682747,47.4258807,0],[33.8746262,47.4084574,0],[33.8785744,47.3859146,0],[33.8842392,47.3617344,0],[33.8826942,47.3430103,0],[33.8790894,47.324396,0],[33.8708496,47.3049603,0],[33.8665581,47.2884285,0],[33.8499069,47.2632716,0],[33.8452721,47.2569806,0],[33.8131714,47.2320419,0],[33.7961769,47.2188686,0],[33.7692261,47.1914623,0],[33.7625313,47.1827126,0],[33.7544632,47.1794457,0],[33.7407303,47.1701106,0],[33.7338638,47.1659092,0],[33.7103462,47.1472325,0],[33.6892319,47.1299508,0],[33.6815071,47.121191,0],[33.6636543,47.0994604,0],[33.6483765,47.0836827,0],[33.6379051,47.0751491,0],[33.6310387,47.069888,0],[33.6227989,47.0663803,0],[33.6176491,47.0587795,0],[33.5961914,47.0298865,0],[33.5845184,47.020174,0],[33.575592,47.0101086,0],[33.5673523,47.004724,0],[33.5544777,46.9943044,0],[33.5314751,46.9800181,0],[33.5148239,46.9644394,0],[33.5125923,46.9613933,0],[33.5012627,46.9517856,0],[33.490448,46.9377223,0],[33.4707069,46.9121646,0],[33.4477043,46.8712235,0],[33.4162903,46.8587825,0],[33.3991241,46.8446948,0],[33.3876228,46.8296639,0],[33.3840179,46.8283719,0],[33.3544922,46.8235563,0],[33.3405876,46.8207373,0],[33.3308029,46.8196801,0],[33.325124,46.817287,0]]},"properties":{"name":"т1403","tessellate":true,"description":"20.10.2016 дорога Т0403 Херсон- Днепропетровск. Участок дороги от Берислава до Нововоронцовка (90 км.) опасен для жизни и здоровья!!!!! Превернутые грузовики, оторваные колеса и т.д В случае поломки ждать помощь- безнадежная затея.<br>Категорически объезжать указаный участок!!!!"}},
{"type":"Feature","geometry":{"type":"LineString","coordinates":[[34.7880363,46.1685378,0],[34.7638321,46.1781664,0],[34.7313881,46.1913584,0],[34.7279549,46.1919526,0],[34.7125912,46.1981315,0],[34.6883869,46.2082301,0],[34.6689034,46.2163077,0]]},"properties":{"name":"p47","tessellate":true}},
{"type":"Feature","geometry":{"type":"LineString","coordinates":[[34.6338844,46.2318655,0],[34.5835876,46.2535916,0],[34.5495987,46.2680709,0],[34.5171547,46.2812413,0],[34.4708061,46.2979668,0],[34.4464302,46.3030665,0],[34.431324,46.3060312,0],[34.4227409,46.3082842,0],[34.4012833,46.317177,0],[34.3916702,46.3210893,0],[34.3719292,46.3405284,0],[34.355278,46.3573543,0],[34.3396568,46.3712139,0],[34.3364811,46.3739381,0],[34.3338203,46.3742934,0],[34.3109894,46.3754777,0],[34.3047237,46.3805702,0],[34.286871,46.3950159,0],[34.270134,46.4086884,0],[34.2580318,46.4185116,0],[34.247818,46.426854,0],[34.2339134,46.4381526,0],[34.2284203,46.4422929,0],[34.2228842,46.4465512,0],[34.216876,46.4511048,0],[34.2086792,46.4573431,0],[34.2017698,46.4626349,0],[34.1879511,46.4732168,0],[34.180398,46.478832,0],[34.1743898,46.4809302,0],[34.1733599,46.482526,0],[34.1732311,46.4862492,0],[34.1722441,46.4876675,0],[34.169755,46.489204,0],[34.1574812,46.4966197,0],[34.1385555,46.508022,0],[34.1165829,46.5210166,0],[34.0983868,46.5321186,0],[34.0767574,46.5452254,0],[34.0468884,46.5633455,0],[34.0442276,46.5643487,0],[34.0396786,46.565765,0],[34.0119553,46.5752058,0],[33.9896393,46.5826983,0],[33.9484406,46.5966186,0],[33.9117908,46.609533,0],[33.8717937,46.6249202,0],[33.8541126,46.6315806,0],[33.8390064,46.6403618,0],[33.8224411,46.6499075,0],[33.8118839,46.6547976,0],[33.7833023,46.6678159,0],[33.7809849,46.6691117,0],[33.7793541,46.6712908,0],[33.7784958,46.6752956,0],[33.7757492,46.687308,0],[33.7739468,46.6894276,0],[33.7705994,46.6910761,0],[33.755064,46.6989647,0],[33.7260532,46.713267,0],[33.7052822,46.7234471,0]]},"properties":{"name":"Лінія 185","tessellate":true}},
{"type":"Feature","geometry":{"type":"LineString","coordinates":[[30.3568983,50.4553729,0],[30.3301191,50.4536788,0],[30.2522278,50.4481589,0],[30.2243328,50.4461845,0]]},"properties":{"name":"M-06","tessellate":true,"description":"http://routes.in.ua/international/kiev-chop-m-06/"}},
{"type":"Feature","geometry":{"type":"LineString","coordinates":[[30.2243328,50.4461845,0],[30.2109861,50.4452348,0],[30.1845074,50.4430211,0],[30.1702595,50.4419552,0],[30.1479006,50.4400967,0],[30.1319361,50.4388394,0],[30.1028824,50.436516,0],[30.0751591,50.4343019,0],[30.0431871,50.431787,0],[30.0166655,50.429682,0],[29.9991989,50.4283697,0],[29.982934,50.4271668,0],[29.9716365,50.4265722,0],[29.9567235,50.4257246,0],[29.9368322,50.4245353,0],[29.9230242,50.4236809,0],[29.9112976,50.4230383,0],[29.9099672,50.423134,0],[29.906652,50.4229358,0],[29.8976612,50.4224163,0],[29.882673,50.4215003,0],[29.8699701,50.4207757,0],[29.8607969,50.4201947,0],[29.858458,50.4200648,0],[29.8575354,50.4195043,0],[29.855969,50.4197504,0],[29.8482335,50.4192855,0],[29.8354125,50.4185677,0],[29.8229885,50.4181712,0],[29.8009944,50.4174466,0],[29.7808886,50.4168313,0],[29.7599673,50.4161887,0],[29.7563839,50.4162297,0],[29.7526288,50.4165852,0],[29.7490454,50.4170364,0],[29.7421789,50.4185267,0],[29.7340035,50.4203724,0],[29.7233176,50.4227923,0],[29.7211719,50.4232161,0],[29.7181463,50.4234348,0],[29.7049284,50.4236535,0],[29.6783423,50.4240226,0],[29.6734071,50.4240637,0],[29.6695662,50.4236672,0],[29.6640301,50.4229153,0],[29.6569276,50.4217943,0],[29.6464992,50.4197845,0],[29.6348047,50.4174466,0],[29.6263075,50.4157922,0],[29.6142268,50.413454,0],[29.598434,50.4103773,0],[29.5816541,50.4071226,0]]},"properties":{"name":"M-06","tessellate":true,"description":"http://routes.in.ua/international/kiev-chop-m-06/"}},
{"type":"Feature","geometry":{"type":"LineString","coordinates":[[29.5815253,50.407109,0],[29.5709038,50.4050166,0],[29.5589733,50.4027189,0],[29.5379877,50.398643,0],[29.5250702,50.3961262,0],[29.508934,50.3930894,0],[29.4765759,50.3870153,0],[29.4413853,50.380393,0],[29.4062805,50.3736877,0],[29.3744373,50.3676932,0],[29.3516064,50.3634775,0],[29.3377876,50.3611504,0],[29.2875767,50.3527995,0],[29.2739725,50.3505815,0],[29.24891,50.3463915,0],[29.2320442,50.3435159,0],[29.2018747,50.3384215,0],[29.173336,50.3334361,0],[29.1368151,50.327053,0],[29.1101217,50.3223678,0],[29.1071928,50.3222171,0],[29.1038668,50.3225801,0],[29.1005516,50.3234706,0],[29.0984917,50.3244638,0],[29.0967751,50.3256009,0],[29.0950048,50.3273132,0],[29.0930521,50.3293817,0],[29.0909708,50.331498,0],[29.0882134,50.334299,0],[29.0858531,50.3367369,0],[29.083482,50.3391063,0],[29.0814114,50.3403183,0],[29.0765512,50.3414755,0],[29.0690839,50.3435775,0],[29.0638483,50.3450154,0],[29.0603077,50.3457069,0],[29.0554047,50.3458027,0],[29.0497398,50.3449743,0],[29.0421009,50.3437829,0],[29.0338826,50.3425436,0],[29.0244412,50.3409277,0],[29.0147853,50.3391268,0],[29.0053332,50.3373875,0],[28.9969647,50.3357919,0],[28.9865685,50.3338813,0],[28.9778459,50.3322787,0],[28.9694881,50.3306761,0],[28.9657867,50.3298611,0],[28.9629006,50.3287173,0],[28.9607441,50.3274913,0],[28.9585125,50.3256351,0],[28.9577186,50.3246077,0],[28.9563131,50.3224363,0],[28.9540279,50.319018,0],[28.9513564,50.3149555,0],[28.9486098,50.3112215,0],[28.9383316,50.3015118,0],[28.9274311,50.2921359,0],[28.9260149,50.2913408,0],[28.9243841,50.2906005,0],[28.921895,50.2899151,0],[28.9179039,50.2891473,0],[28.9124107,50.2882973,0],[28.9070034,50.2881876,0],[28.8848591,50.2877763,0],[28.8540459,50.2872554,0],[28.8292837,50.2867344,0],[28.8161516,50.2864602,0],[28.8104868,50.2863505,0]]},"properties":{"name":"M-06","tessellate":true,"description":"http://routes.in.ua/international/kiev-chop-m-06/"}},
{"type":"Feature","geometry":{"type":"LineString","coordinates":[[28.8102508,50.286419,0],[28.8098645,50.2865424,0],[28.8059807,50.2870634,0],[28.8010883,50.2889828,0],[28.7987709,50.2905183,0],[28.7954021,50.2934794,0],[28.7919474,50.2963717,0],[28.7876773,50.3010046,0],[28.7808752,50.3081724,0],[28.7745881,50.3147363,0],[28.7719917,50.3165175,0],[28.7690091,50.3179699,0],[28.764739,50.3192852,0],[28.7603402,50.3197647,0],[28.7538171,50.3198469,0],[28.7437105,50.3200661,0],[28.7333035,50.3202305,0],[28.7281537,50.3200935,0],[28.7233257,50.3196688,0],[28.712275,50.3186823,0],[28.7053442,50.3180658,0],[28.701396,50.3180521,0],[28.6976838,50.3183398,0],[28.6941218,50.3189701,0],[28.6857319,50.3206415,0],[28.6765909,50.3223952,0],[28.665905,50.3245323,0],[28.6541891,50.3268886,0],[28.6505198,50.3275598,0],[28.6480737,50.3276694,0],[28.6417007,50.3274502,0],[28.6353064,50.3271762,0],[28.6182475,50.3266557,0],[28.6044073,50.326231,0],[28.590889,50.3257653,0],[28.5863614,50.3256283,0],[28.5826492,50.3252995,0],[28.5783362,50.3245871,0],[28.5712767,50.3230665,0],[28.5608268,50.3208334,0],[28.5478878,50.3180247,0],[28.5373735,50.3157776,0],[28.5334253,50.3147363,0],[28.5294342,50.3133386,0],[28.525486,50.3115024,0],[28.5201859,50.3088165,0],[28.5138559,50.3055686,0],[28.5115814,50.3045133,0],[28.5087061,50.303691,0],[28.5048437,50.3030468,0],[28.501389,50.3030194,0],[28.4983206,50.303362,0],[28.4966469,50.3037321,0]]},"properties":{"name":"M-06","tessellate":true,"description":"http://routes.in.ua/international/kiev-chop-m-06/"}},
{"type":"Feature","geometry":{"type":"LineString","coordinates":[[28.4965825,50.3037321,0],[28.4837723,50.3060894,0],[28.4688377,50.3087206,0],[28.4500408,50.3123383,0],[28.4302568,50.3160379,0],[28.4172535,50.3182576,0],[28.3970404,50.3220938,0],[28.3740377,50.3263406,0],[28.3629656,50.3283954,0],[28.3610773,50.3289707,0],[28.3585453,50.3302309,0],[28.3484602,50.3365041,0],[28.3364439,50.3439267,0],[28.3215523,50.3532102,0],[28.2935286,50.3705948,0],[28.2773495,50.3805846,0],[28.2526731,50.3957706,0],[28.237009,50.4054815,0],[28.2240486,50.4134403,0],[28.209157,50.4226282,0],[28.1887722,50.4351766,0],[28.1834936,50.4384567,0],[28.1819487,50.4391674,0],[28.1773996,50.4405886,0],[28.1602335,50.4457541,0],[28.1539249,50.4476944,0],[28.1434965,50.4507823,0],[28.1283903,50.4552362,0],[28.1125546,50.4599903,0],[28.0919123,50.466137,0],[28.0690384,50.4729658,0],[28.0531597,50.4776907,0],[28.0390406,50.4818963,0],[28.0171537,50.4883406,0],[27.9920053,50.4957122,0],[27.9712343,50.5019361,0],[27.953124,50.5073678,0],[27.918148,50.5175744,0],[27.8901672,50.5257326,0],[27.8493977,50.5378445,0],[27.8163099,50.5475264,0],[27.8009892,50.552053,0],[27.7978134,50.55328,0],[27.7851963,50.5590329,0],[27.7682877,50.5669387,0],[27.7660131,50.5677564,0],[27.7582455,50.5692011,0],[27.7362728,50.5730715,0],[27.7027988,50.578931,0],[27.6864052,50.5819014,0],[27.6806116,50.5828824,0]]},"properties":{"name":"M-06","tessellate":true,"description":"http://routes.in.ua/international/kiev-chop-m-06/"}},
{"type":"Feature","geometry":{"type":"LineString","coordinates":[[22.3365569,48.5763019,0],[22.3405802,48.5737251,0],[22.3439062,48.571567,0],[22.3485839,48.568564,0],[22.3535299,48.5653478,0],[22.3577249,48.5626143,0],[22.3591518,48.5615847,0],[22.3602891,48.5604202,0],[22.3612869,48.5586592,0],[22.361834,48.5572035,0],[22.3627353,48.5555347,0],[22.3643768,48.5540292,0],[22.3655784,48.5533404,0],[22.367413,48.5525947,0],[22.3687863,48.5521899,0],[22.3708034,48.5518987,0],[22.3746443,48.5518064,0],[22.3772621,48.5514087,0],[22.3794079,48.5507482,0],[22.3833346,48.5493704,0],[22.384783,48.5488803,0]]},"properties":{"name":"M-06","tessellate":true,"description":"http://routes.in.ua/international/kiev-chop-m-06/"}},
{"type":"Feature","geometry":{"type":"LineString","coordinates":[[22.384783,48.5488803,0],[22.388227,48.5476978,0],[22.3898846,48.5471686,0],[22.3911774,48.546881,0],[22.3924059,48.5467815,0],[22.3935431,48.5467922,0],[22.3950291,48.5469449,0],[22.3959035,48.5470834,0],[22.3974109,48.5474811,0],[22.3992348,48.5478256,0],[22.4003613,48.5479215,0],[22.402035,48.5478469,0],[22.4033439,48.547712,0],[22.4047065,48.5473604,0],[22.4057204,48.5469627,0],[22.4063641,48.5466395,0],[22.4077374,48.5459257,0],[22.4095881,48.54491,0],[22.411589,48.5438872,0],[22.413075,48.5433189,0],[22.4145824,48.5429247,0],[22.4171358,48.5423422,0],[22.4195015,48.541845,0],[22.4213576,48.5415999,0],[22.4232298,48.5414969,0],[22.4252898,48.541568,0],[22.4265504,48.5417029,0],[22.427575,48.5419018,0],[22.4301124,48.5424168,0],[22.4331218,48.5430241,0],[22.4345058,48.5431804,0],[22.4354768,48.543152,0],[22.4370861,48.5429105,0],[22.4398381,48.542431,0],[22.4419945,48.5420617,0]]},"properties":{"name":"M-06","tessellate":true,"description":"http://routes.in.ua/international/kiev-chop-m-06/"}},
{"type":"Feature","geometry":{"type":"LineString","coordinates":[[22.4419945,48.5420617,0],[22.4470961,48.541259,0],[22.4513876,48.5405273,0],[22.4540806,48.5399875,0],[22.4575138,48.5393481,0],[22.4622774,48.5384886,0],[22.466011,48.5378706,0],[22.4685538,48.5377072,0],[22.4746263,48.537558,0],[22.4805593,48.537352,0],[22.485956,48.537487,0],[22.4881876,48.537082,0],[22.4908376,48.5362296,0],[22.4954081,48.5347874,0],[22.4995065,48.5335228,0],[22.5021136,48.5325495,0],[22.503562,48.5316401,0],[22.5050211,48.5304892,0],[22.5063515,48.5289687,0],[22.5070703,48.5275761,0],[22.5086796,48.523462,0],[22.5099671,48.5200724,0],[22.5111043,48.5171942,0],[22.5121021,48.5146357,0],[22.5124991,48.512731,0],[22.5128961,48.5109897,0],[22.513572,48.5096392,0],[22.5145805,48.5086014,0],[22.5166082,48.5071301,0],[22.5180137,48.5063695,0],[22.518636,48.5057653,0]]},"properties":{"name":"M-06","tessellate":true,"description":"http://routes.in.ua/international/kiev-chop-m-06/"}},
{"type":"Feature","geometry":{"type":"LineString","coordinates":[[27.6806116,50.5828824,0],[27.67735,50.5840268,0],[27.6738739,50.5858797,0],[27.6709127,50.5890404,0],[27.6683378,50.5918466,0],[27.6653767,50.5941623,0],[27.6623726,50.5963145,0],[27.6602268,50.598739,0],[27.6585531,50.6017081,0],[27.6578665,50.6046498,0],[27.6585531,50.6073734,0],[27.6607418,50.6138822,0],[27.6620293,50.6179123,0],[27.6619434,50.6197639,0],[27.6613426,50.6213703,0],[27.6597548,50.6232762,0],[27.6561928,50.6252092,0],[27.6527166,50.6259987,0],[27.6498413,50.6261621,0],[27.6458073,50.6256176,0],[27.6410007,50.6247464,0],[27.6212919,50.6210231,0],[27.6141894,50.619689,0],[27.6070333,50.6182799,0],[27.6028275,50.6169184,0],[27.5993729,50.6155297,0],[27.5920129,50.6126295,0],[27.5886226,50.6108049,0],[27.5859618,50.6091709,0],[27.5835156,50.6066925,0],[27.5811338,50.6050038,0],[27.5783873,50.6035739,0],[27.5723147,50.6010271,0],[27.5656629,50.5982214,0],[27.5605345,50.5961238,0],[27.5573373,50.5952521,0],[27.5527024,50.5948298,0],[27.5501275,50.5948979,0]]},"properties":{"name":"M-06","tessellate":true,"description":"http://routes.in.ua/international/kiev-chop-m-06/"}},
{"type":"Feature","geometry":{"type":"LineString","coordinates":[[27.5501275,50.5948979,0],[27.5422311,50.5959263,0],[27.5334764,50.5970909,0],[27.5186276,50.5989296,0],[27.5056243,50.600564,0],[27.4932003,50.6021303,0],[27.4850893,50.6031926,0],[27.4811196,50.603356,0],[27.4724507,50.6036965,0],[27.4560785,50.6043229,0],[27.4328184,50.6051945,0],[27.4065328,50.6062159,0],[27.395246,50.6066789,0],[27.390697,50.6068423,0],[27.3890448,50.6071146,0],[27.3768568,50.6075776,0],[27.3681021,50.6079045,0],[27.365613,50.6079317,0],[27.362802,50.608136,0],[27.3509359,50.6089258,0],[27.3421597,50.6096066,0],[27.336216,50.6100015,0],[27.3178267,50.611227,0],[27.3087287,50.6118125,0],[27.3066258,50.6118806,0],[27.3051453,50.6118125,0],[27.3022914,50.6120576,0],[27.2929144,50.6127112,0],[27.2789669,50.6136371,0],[27.2661781,50.6144949,0],[27.2489691,50.6156522,0],[27.2355795,50.6165372,0],[27.2273183,50.617109,0],[27.2248936,50.6172043,0],[27.2224259,50.6170818,0],[27.2198081,50.6167142,0],[27.2172546,50.6160334,0],[27.2144866,50.6149578,0],[27.2121906,50.6136371,0],[27.2070837,50.6106007,0],[27.2037578,50.6086262,0]]},"properties":{"name":"M-06","tessellate":true,"description":"http://routes.in.ua/international/kiev-chop-m-06/"}},
{"type":"Feature","geometry":{"type":"LineString","coordinates":[[27.2037578,50.6086262,0],[27.1991229,50.6059026,0],[27.1962476,50.6044182,0],[27.1910977,50.6028248,0],[27.1866131,50.6021439,0],[27.1752191,50.6013948,0],[27.1597695,50.6001554,0],[27.1468091,50.5992293,0],[27.1439338,50.5989977,0],[27.1410155,50.5990114,0],[27.1382475,50.599202,0],[27.1346211,50.5998149,0],[27.1303296,50.6010135,0],[27.121017,50.6038054,0],[27.1094084,50.6072781,0],[27.0992374,50.6103147,0],[27.0957184,50.6109955,0],[27.0929718,50.6111317,0],[27.0901823,50.6110228,0],[27.0870495,50.610587,0],[27.0698404,50.6083266,0],[27.0560646,50.6064746,0],[27.0368814,50.6039688,0],[27.0281696,50.6028248,0],[27.0231915,50.6025252,0],[27.0108747,50.6018987,0],[26.9964552,50.6011088,0],[26.9849539,50.6005368,0],[26.9600201,50.599202,0],[26.9399357,50.5981941,0],[26.9265032,50.5974314,0],[26.9034576,50.59626,0],[26.8771076,50.5948434,0],[26.8735027,50.5947617,0],[26.8684816,50.5952793,0],[26.8562078,50.596478,0],[26.8337631,50.59863,0],[26.8141079,50.6005096,0],[26.7985296,50.6020349,0],[26.7687893,50.6048132,0],[26.7572451,50.6059571,0],[26.735487,50.6079726,0],[26.7277193,50.6087079,0],[26.7104673,50.6103692,0],[26.7001247,50.6113223,0],[26.6939449,50.6119215,0],[26.6818428,50.6130108,0],[26.6740322,50.6137733,0],[26.663475,50.6148625,0],[26.6581964,50.6153527,0],[26.6556644,50.6151348,0],[26.6533899,50.6147264,0],[26.6510725,50.6139367,0],[26.6463518,50.6117036,0],[26.6430044,50.6100151,0],[26.6358805,50.6065563,0],[26.6325331,50.6049766,0],[26.6298294,50.6042412,0],[26.6257524,50.6040778,0],[26.6195297,50.604105,0],[26.5994883,50.6039688,0],[26.564641,50.6037237,0],[26.5393209,50.6035058,0],[26.5258884,50.6033151,0],[26.5215111,50.6032062,0],[26.5055466,50.6023346,0],[26.4950752,50.6017353,0],[26.4840031,50.6011088,0],[26.4670515,50.6001827,0],[26.4533615,50.5993655,0],[26.4503145,50.5992293,0],[26.4476109,50.5995289,0],[26.4445639,50.6000737,0],[26.4365387,50.6013812,0],[26.4335775,50.6018987,0],[26.4281273,50.602389,0],[26.4136648,50.6036692,0],[26.4061975,50.6043774,0],[26.3916063,50.6058209,0],[26.3806629,50.6068014,0],[26.3716078,50.6076457,0],[26.3527679,50.609416,0],[26.3371468,50.6108049,0]]},"properties":{"name":"M-06","tessellate":true,"description":"http://routes.in.ua/international/kiev-chop-m-06/"}},
{"type":"Feature","geometry":{"type":"LineString","coordinates":[[26.5143657,50.3304912,0],[26.4963198,50.3347647,0],[26.4894533,50.3378052,0],[26.4852691,50.3396815,0],[26.483252,50.3407086,0],[26.4784026,50.3438035,0],[26.4740896,50.3465422,0],[26.4720941,50.3478019,0],[26.4650774,50.3525941,0],[26.4572453,50.3580156,0],[26.4507437,50.3624508,0],[26.4487696,50.3635596,0],[26.4472032,50.3643398,0],[26.4446282,50.3653253,0],[26.4385557,50.3677206,0],[26.4337492,50.3694314,0],[26.430831,50.3704305,0],[26.4297581,50.3708548,0],[26.4287281,50.3715391,0],[26.425488,50.3742351,0],[26.4244366,50.3747825,0],[26.4196086,50.3763837,0],[26.4157248,50.37767,0],[26.4142442,50.3780121,0],[26.4122701,50.3780668,0],[26.40903,50.3780805,0],[26.4071202,50.37819,0],[26.4041376,50.3786826,0],[26.3958764,50.3802151,0],[26.3867998,50.382076,0],[26.3805771,50.383458,0],[26.3748264,50.3850725,0],[26.3672304,50.3872615,0],[26.3645697,50.3878088,0],[26.3607931,50.3883287,0],[26.3575745,50.3892316,0],[26.3546562,50.3901345,0],[26.3517809,50.391311,0],[26.3498497,50.3920771,0],[26.346674,50.3928979,0],[26.3429403,50.3936913,0],[26.339035,50.394047,0],[26.3355589,50.3942111,0],[26.3316965,50.3943206,0],[26.326375,50.395114,0],[26.3222122,50.3958526,0],[26.3168907,50.3974941,0],[26.3156033,50.3980959,0],[26.3094664,50.4017068,0],[26.3044024,50.404661,0],[26.3029432,50.4055636,0],[26.3019133,50.4064115,0],[26.2996817,50.4090372,0],[26.2942743,50.4151085,0],[26.2913561,50.41839,0],[26.2904119,50.4197025,0],[26.2900257,50.4209056,0],[26.2899399,50.4261279,0],[26.2892962,50.4283697,0],[26.2884808,50.4305295,0],[26.2855196,50.4382107,0],[26.2831163,50.4443603,0],[26.282258,50.4458907,0],[26.2623024,50.4595805,0],[26.2503719,50.4673936,0],[26.2485695,50.4688686,0],[26.2459946,50.471327,0],[26.2421322,50.4752054,0],[26.2407589,50.4774449,0],[26.2399864,50.481869,0],[26.2407589,50.4851459,0],[26.2394714,50.4897877,0],[26.2400723,50.4936646,0],[26.2402439,50.4956849,0],[26.2395573,50.4967768,0],[26.2304592,50.5055118,0],[26.2253952,50.5104518,0],[26.2235069,50.5123895,0],[26.2227774,50.5155005,0],[26.222477,50.5180656,0],[26.2232065,50.5205759,0],[26.2256098,50.5272331,0],[26.2259102,50.5296339,0],[26.2253952,50.5313525,0],[26.2233782,50.5357715,0],[26.2208891,50.541063,0],[26.220417,50.5427539,0],[26.2201595,50.5455629,0],[26.2197304,50.5470083,0],[26.2186146,50.5488899,0],[26.2146235,50.5553522,0],[26.2136793,50.5570154,0],[26.2135077,50.5588421,0],[26.2137222,50.5600962,0]]},"properties":{"name":"Р-05","tessellate":true}},
{"type":"Feature","geometry":{"type":"LineString","coordinates":[[31.4634705,51.5469756,0],[31.4811516,51.560531,0],[31.4892197,51.5709883,0],[31.4909363,51.5732289,0],[31.4938545,51.5746158,0],[31.5111923,51.5865631,0],[31.5290451,51.5979742,0],[31.5347099,51.6067172,0],[31.5503311,51.6299525,0],[31.5563393,51.6370912,0],[31.5592575,51.6398612,0],[31.5621758,51.6411396,0],[31.5625191,51.642631,0],[31.5571976,51.6458266,0],[31.553936,51.6499807,0],[31.5571976,51.6529629,0],[31.5601158,51.6596721,0],[31.5659523,51.6649961,0],[31.5674973,51.6678708,0],[31.5678406,51.6724487,0],[31.5702438,51.6807516,0],[31.5688705,51.6903299,0],[31.5676689,51.6936287,0],[31.5662956,51.6962888,0],[31.5669823,51.7036298,0],[31.5699005,51.7111824,0],[31.5765953,51.7188401,0],[31.5856934,51.7253269,0],[31.5899849,51.7275598,0],[31.5951347,51.7323443,0],[31.5977097,51.7348958,0],[31.6047478,51.7379787,0],[31.609211,51.7418054,0],[31.6104126,51.7486077,0],[31.6117859,51.7526461,0],[31.6138458,51.7547714,0],[31.6143608,51.7610405,0],[31.6123009,51.7714516,0],[31.6186523,51.7782495,0],[31.6181374,51.7937532,0],[31.6104126,51.8041568,0],[31.6095543,51.8127539,0],[31.6038895,51.8266544,0],[31.6002846,51.8386414,0],[31.5963158,51.8494641,0],[31.5933323,51.8605254,0],[31.5932465,51.865044,0],[31.5907362,51.8690851,0],[31.5887833,51.8732056,0],[31.5884614,51.8755503,0],[31.5889549,51.8778686,0]]},"properties":{"name":"Р-13","tessellate":true}},
{"type":"Feature","geometry":{"type":"LineString","coordinates":[[31.5890729,51.8778554,0],[31.5911007,51.8799483,0],[31.5928817,51.8820676,0],[31.5939331,51.8831273,0],[31.5967011,51.8853127,0],[31.5973449,51.8856835,0],[31.6018081,51.8863722,0],[31.602881,51.8867298,0],[31.606679,51.8871669,0],[31.6077304,51.886902,0],[31.6078806,51.8866768,0],[31.6078162,51.8882131,0],[31.6077304,51.8910207,0],[31.607666,51.8924376,0],[31.6072154,51.8937354,0],[31.6090178,51.8941194,0],[31.6099405,51.8943842,0],[31.6129875,51.8955627,0],[31.6167212,51.8971781,0],[31.6170645,51.8971119,0],[31.6201544,51.8985552,0],[31.6219354,51.8993364,0]]},"properties":{"name":"Р-13","tessellate":true}},
{"type":"Feature","geometry":{"type":"LineString","coordinates":[[31.6219354,51.8993364,0],[31.6318274,51.9035334,0],[31.6359472,51.905122,0],[31.6380501,51.9058104,0],[31.6387796,51.9063135,0],[31.6398096,51.9065518,0],[31.6410112,51.9071607,0],[31.6428137,51.9077167,0],[31.6442728,51.9077697,0],[31.6458607,51.9081139,0],[31.6511822,51.9111849,0],[31.6525126,51.9120056,0],[31.6555166,51.9138322,0],[31.6620398,51.9178558,0],[31.6640568,51.9191528,0],[31.6689062,51.9218526,0],[31.6691637,51.9223554,0],[31.6716099,51.9235465,0],[31.6737556,51.9253726,0],[31.6757727,51.9279132,0],[31.6758585,51.9287865,0],[31.6751719,51.9303743,0],[31.6746998,51.9317238,0],[31.675086,51.9348727,0],[31.675086,51.9363808,0],[31.6738415,51.9402437,0],[31.6742277,51.9408257,0],[31.6767168,51.9414342,0],[31.6790771,51.946196,0],[31.6804075,51.9476509,0],[31.6825104,51.9492644,0],[31.6843987,51.9506663,0],[31.6868448,51.9517508,0],[31.6919088,51.9539461,0],[31.6972303,51.9561941,0],[31.699419,51.9570933,0],[31.7054701,51.9587066,0],[31.7143536,51.9635723,0],[31.7188597,51.9660314,0],[31.7203617,51.9671684,0],[31.7213488,51.9674063,0],[31.7241383,51.9674328,0],[31.7243099,51.9678823,0],[31.7256403,51.9687019,0],[31.7261982,51.9688341,0],[31.7276144,51.9704469,0],[31.727314,51.9730643,0],[31.7277431,51.9745976,0],[31.7282581,51.9752056,0],[31.7293739,51.9754171,0],[31.7320347,51.9765274,0],[31.7342663,51.9791444,0],[31.7351246,51.9798317,0],[31.7402315,51.9812326,0],[31.7436218,51.9817348,0],[31.7494154,51.9823956,0],[31.7575693,51.9828185,0],[31.7589855,51.9830564,0],[31.7687273,51.9860431,0],[31.7706585,51.9868888,0],[31.7754221,51.9893202,0],[31.776495,51.9900337,0],[31.7777824,51.9913022,0],[31.7787266,51.9927557,0],[31.7804003,51.9961909,0],[31.7807865,51.9973535,0],[31.7809153,51.9984632,0],[31.7810869,52.0018451,0],[31.7813015,52.0056231,0],[31.7813659,52.0070364,0],[31.7812157,52.0077101,0],[31.7806792,52.0091233,0],[31.7804432,52.0104837,0],[31.779263,52.0130459,0],[31.7790914,52.0138119,0],[31.7792201,52.0155023,0],[31.7796707,52.0187113,0],[31.780014,52.0201902,0],[31.7808294,52.0224746,0],[31.7818594,52.0253398,0],[31.7829537,52.0269637,0],[31.7841983,52.028218,0],[31.7869449,52.0300663,0],[31.7884684,52.031228,0],[31.7891121,52.0317561,0],[31.7908716,52.0338946,0],[31.7955279,52.0392802,0],[31.7989826,52.0428834,0],[31.8030596,52.0461695,0],[31.8074584,52.0496666,0],[31.8123507,52.0534801,0],[31.8160415,52.0563697,0],[31.8161702,52.0566336,0],[31.8157411,52.0570162,0],[31.8126941,52.0598528,0],[31.8102908,52.0627156,0],[31.8072009,52.0664884,0],[31.8029952,52.0716062,0],[31.8011069,52.0738879,0],[31.8001199,52.0746792,0],[31.7951632,52.0781609,0],[31.7904639,52.081484,0],[31.7893696,52.0833829,0],[31.7893696,52.0851498,0],[31.7895412,52.0873912,0],[31.7890692,52.0887097,0],[31.7876101,52.0902127,0],[31.7842197,52.0919793,0],[31.7811298,52.0936141,0],[31.7802286,52.0943259,0],[31.7788982,52.0958815,0],[31.7785978,52.0969361,0],[31.7786837,52.0988342,0],[31.780014,52.1055036,0]]},"properties":{"name":"Р-13","tessellate":true}},
{"type":"Feature","geometry":{"type":"LineString","coordinates":[[23.8308048,49.2529886,0],[23.8276291,49.2538289,0],[23.8213634,49.2559577,0],[23.8084888,49.2604951,0],[23.7975454,49.264332,0],[23.7966442,49.2647241,0],[23.7933826,49.2671325,0],[23.7880611,49.2711648,0],[23.7870312,49.2716969,0],[23.7843275,49.2725929,0],[23.7677622,49.2781087,0],[23.7540722,49.2826721,0],[23.7385368,49.2878508,0],[23.7340736,49.2893904,0],[23.7319279,49.2901741,0],[23.7300825,49.2910138,0],[23.7245893,49.2936728,0],[23.7099123,49.3007534,0],[23.7002993,49.3053707,0],[23.6870813,49.3118061,0],[23.6721039,49.3189401,0],[23.6700869,49.3199471,0],[23.6671686,49.3204786,0],[23.6636925,49.321094,0],[23.6621475,49.322157,0],[23.6544228,49.3272757,0],[23.6476851,49.3317506,0],[23.6380291,49.3382385,0],[23.6303902,49.3432996,0],[23.6277294,49.3449772,0],[23.6258411,49.3453687,0],[23.62185,49.345844,0],[23.6189318,49.3460956,0],[23.6175585,49.3464031,0],[23.6115932,49.3486957,0],[23.6073017,49.3503452,0],[23.6018944,49.350457,0],[23.5968304,49.3505688,0],[23.5826683,49.3534203,0]]},"properties":{"name":"т","tessellate":true}},
{"type":"Feature","geometry":{"type":"LineString","coordinates":[[28.5505486,49.8910956,0],[28.5320091,49.8849574,0],[28.5119247,49.8781546,0],[28.5096931,49.8768825,0],[28.5055733,49.8732318,0],[28.4890079,49.8581834,0],[28.4837723,49.8535352,0],[28.4821415,49.8531478,0],[28.4708977,49.8515429,0],[28.4681511,49.8510448,0],[28.4593105,49.8477796,0],[28.4563923,49.8469494,0],[28.4466934,49.8451229,0],[28.428669,49.8401413,0],[28.39571,49.8311177,0],[28.3746815,49.8255256,0],[28.3722782,49.8244736,0],[28.367815,49.8213726,0],[28.3660984,49.8205974,0],[28.3479881,49.8138963,0],[28.3103943,49.7998267,0]]},"properties":{"name":"р31","tessellate":true}},
{"type":"Feature","geometry":{"type":"LineString","coordinates":[[28.3081627,49.798968,0],[28.2923269,49.7928735,0],[28.2879496,49.7912666,0],[28.2729721,49.7844507,0],[28.2487679,49.7733104,0],[28.2266235,49.7630547,0],[28.2182121,49.7592844,0],[28.2133198,49.7567893,0],[28.2060671,49.7534899,0],[28.1906605,49.7462805,0],[28.1801462,49.7413164,0],[28.1710911,49.737073,0],[28.1700611,49.7367401,0],[28.1677008,49.7355475,0],[28.1502771,49.7273921,0],[28.137145,49.7192354,0],[28.1364155,49.718403,0],[28.1355143,49.715656,0],[28.1329393,49.7072753,0],[28.1301498,49.6978384,0]]},"properties":{"name":"р31","tessellate":true}},
{"type":"Feature","geometry":{"type":"LineString","coordinates":[[28.1308794,49.7003366,0],[28.1299353,49.6972555,0],[28.1288624,49.6953401,0],[28.1283045,49.6943129,0],[28.1236696,49.6907595,0],[28.1190348,49.6870392,0],[28.1168461,49.6849845,0]]},"properties":{"name":"р31","tessellate":true}},
{"type":"Feature","geometry":{"type":"LineString","coordinates":[[28.1168246,49.6849359,0],[28.1150222,49.6831589,0],[28.1091213,49.6774039,0],[28.0990362,49.6674056,0],[28.0925131,49.6607667,0],[28.0864191,49.6546271,0],[28.0832434,49.6511263,0],[28.0765915,49.6435959,0],[28.0708408,49.6371761,0],[28.0657339,49.6318674,0],[28.0645323,49.6307555,0],[28.0638027,49.629727,0],[28.0622149,49.6281981,0],[28.0538893,49.6200804,0],[28.0442333,49.6105431,0],[28.0325174,49.5989735,0],[28.0216599,49.5881245,0],[28.0143642,49.5807235,0],[28.0088282,49.5752973,0]]},"properties":{"name":"р31","tessellate":true}},
{"type":"Feature","geometry":{"type":"LineString","coordinates":[[32.7892971,47.0538091,0],[32.7862072,47.046382,0],[32.7860355,47.0444519,0],[32.787838,47.0397727,0],[32.7929878,47.0269027,0],[32.7937603,47.0248549,0],[32.793417,47.0198814,0],[32.7893829,47.0183015,0],[32.7871513,47.0167216,0],[32.7868938,47.0139126,0],[32.7834606,47.0070652,0],[32.7825165,47.0010949,0],[32.7810574,46.9958851,0],[32.7804565,46.9804866,0],[32.7799416,46.9700037,0],[32.7787399,46.9645565,0],[32.7779675,46.9612762,0],[32.7767658,46.9547735,0],[32.7713585,46.9442856,0],[32.7717018,46.9428793,0],[32.7781391,46.9246519,0],[32.7779675,46.9121646,0],[32.7762508,46.909702,0],[32.77565,46.9078843,0],[32.7735901,46.905011,0],[32.7629471,46.8914047,0],[32.7619171,46.8856562,0],[32.7600288,46.8752134,0],[32.7606297,46.8677614,0],[32.7614021,46.8600149,0],[32.7611446,46.8532065,0],[32.760458,46.8520326,0],[32.7583981,46.8494498,0],[32.7562523,46.8436381,0],[32.7455235,46.8272562,0]]},"properties":{"name":"т15-05","tessellate":true}},
{"type":"Feature","geometry":{"type":"LineString","coordinates":[[24.161253,49.9205592,0],[24.1639137,49.9198961,0],[24.1683769,49.919675,0],[24.1757584,49.9198961,0],[24.1844273,49.9189014,0],[24.1876459,49.9185698,0],[24.19065,49.9184454,0],[24.1918623,49.9181967,0],[24.1932571,49.9177823,0],[24.1943085,49.9175888,0],[24.1958535,49.9177373,0],[24.196583,49.9177823,0],[24.1971785,49.9177097,0],[24.1983962,49.917461,0],[24.1993457,49.9173159,0],[24.2002308,49.9172365,0],[24.2016417,49.9171502,0],[24.203133,49.9171502,0],[24.204576,49.9171605,0],[24.2053002,49.9171709,0],[24.206298,49.9172918,0],[24.2073816,49.9174507,0],[24.2084974,49.9175094,0],[24.2093772,49.9174299,0],[24.210332,49.917309,0],[24.2116624,49.9172469,0],[24.2135185,49.917164,0],[24.2147362,49.9170845,0],[24.2167318,49.9169394,0],[24.2187005,49.9168358,0],[24.2204976,49.9167909,0],[24.2244673,49.9166286,0],[24.229424,49.9163937,0],[24.2343271,49.916145,0],[24.2377925,49.9159792,0],[24.2398524,49.9158825,0]]},"properties":{"name":"M-06","tessellate":true}},
{"type":"Feature","geometry":{"type":"LineString","coordinates":[[24.2400026,49.9158894,0],[24.2536283,49.9151985,0],[24.2572546,49.9150465,0],[24.2602587,49.9153782,0],[24.263413,49.9163039,0],[24.2723393,49.9192329,0],[24.2753434,49.9199652,0],[24.278605,49.9205731,0],[24.2827034,49.9208632,0],[24.2900634,49.9210013,0],[24.3028307,49.9212638,0],[24.3098044,49.9212915,0],[24.3123579,49.921623,0],[24.3148685,49.9222447,0],[24.3180227,49.9232946,0],[24.3237305,49.9240683,0],[24.3255973,49.924013,0],[24.3324852,49.922673,0],[24.3425274,49.920656,0],[24.3481493,49.9195507,0],[24.3502736,49.9192329,0],[24.3525481,49.9191362,0],[24.3557024,49.9193711,0],[24.3580413,49.9197718,0],[24.3598008,49.9201586,0],[24.3613458,49.9209599,0],[24.3622041,49.9219684,0],[24.362998,49.9240268,0],[24.3646932,49.9297871,0],[24.3659592,49.9332402,0],[24.366281,49.9349943,0],[24.3669677,49.9370659,0],[24.3698001,49.9391099,0],[24.377439,49.9444127,0],[24.3822241,49.9477129,0],[24.3831038,49.9485828,0],[24.3846059,49.9513994,0],[24.3856788,49.9534704,0],[24.3880391,49.9562315,0],[24.3896914,49.9579847,0],[24.3907642,49.9585369,0],[24.3921375,49.958951,0],[24.3930602,49.9595032,0],[24.393661,49.9604005,0],[24.394455,49.9618637,0],[24.3959355,49.9645968,0],[24.397738,49.9662807,0],[24.4018793,49.9680888,0],[24.4084454,49.9705454,0],[24.4131446,49.97314,0],[24.4189382,49.976383,0],[24.4228864,49.9785632,0],[24.4242597,49.978922,0],[24.4268131,49.979129,0],[24.4304395,49.979474,0],[24.4341087,49.9794464,0],[24.4369626,49.9793636,0],[24.4386148,49.978922,0],[24.4423699,49.9778457,0],[24.4454384,49.9774179,0],[24.4514251,49.9768246,0]]},"properties":{"name":"M-06","tessellate":true,"description":"http://routes.in.ua/international/kiev-chop-m-06/"}},
{"type":"Feature","geometry":{"type":"LineString","coordinates":[[24.4514251,49.9768246,0],[24.4546974,49.9766107,0],[24.4589782,49.9757482,0],[24.4637418,49.9744648,0],[24.4736338,49.9724638,0],[24.4883323,49.9695517,0],[24.491787,49.9690273,0],[24.4948983,49.9689307,0]]},"properties":{"name":"M-06","tessellate":true}},
{"type":"Feature","geometry":{"type":"LineString","coordinates":[[24.4950485,49.9689445,0],[24.4962287,49.9690135,0],[24.498353,49.9693309,0],[24.4997263,49.9692481,0],[24.5022154,49.9688617,0],[24.5126224,49.9674125,0],[24.5186949,49.9659632,0],[24.5195746,49.9655353,0],[24.5232224,49.9631336,0],[24.5261192,49.9618085,0],[24.5274282,49.9612425,0],[24.5291233,49.9610631,0],[24.5315909,49.9609803,0],[24.5358181,49.9613392,0],[24.5391655,49.9615738,0],[24.5444012,49.9619465,0],[24.5511818,49.9634373,0],[24.5539927,49.9640584,0],[24.5550656,49.9641413,0],[24.5563102,49.9640446,0],[24.5605159,49.9636029,0],[24.5678544,49.9628162,0],[24.5753002,49.9620294,0],[24.5775104,49.962057,0],[24.579742,49.9624297,0],[24.5817804,49.9628438,0],[24.5843124,49.9638928,0],[24.5867586,49.9653835,0],[24.5930028,49.9691239,0],[24.5999551,49.9736368,0],[24.6013069,49.974658,0],[24.6021008,49.9759138,0],[24.6028304,49.9772523,0],[24.6038604,49.9783563,0],[24.6055126,49.9792946,0],[24.6076798,49.9798603,0],[24.6108127,49.9800811,0],[24.6194601,49.980771,0],[24.6214557,49.9809504,0],[24.6222496,49.9811712,0],[24.623816,49.9813229,0],[24.6326566,49.9820542,0],[24.6348453,49.9824406,0],[24.6371627,49.9829787,0]]},"properties":{"name":"M-06","tessellate":true}},
{"type":"Feature","geometry":{"type":"LineString","coordinates":[[24.6371627,49.9829787,0],[24.6451235,49.9849517,0],[24.6499085,49.9860692,0],[24.6533418,49.9865245,0],[24.6564317,49.9866073,0],[24.6612167,49.9862486,0],[24.6734476,49.9854208,0],[24.6866226,49.9845102,0],[24.6904635,49.9841791,0],[24.6916866,49.9839445,0],[24.693296,49.9839307,0],[24.7036815,49.9831718,0],[24.7148609,49.9829925,0],[24.720633,49.9829097,0]]},"properties":{"name":"M-06","tessellate":true}},
{"type":"Feature","geometry":{"type":"LineString","coordinates":[[33.075819,48.673504,0],[33.0716801,48.6738466,0],[33.048892,48.673195,0],[33.0441284,48.6728264,0],[33.0087662,48.6694822,0],[32.966819,48.665618,0],[32.964813,48.665702,0],[32.937998,48.673464,0],[32.936871,48.674405,0],[32.935083,48.678942,0],[32.934041,48.67963,0],[32.931356,48.680142,0],[32.928772,48.6798541,0],[32.9122066,48.6778706,0],[32.897974,48.67618,0],[32.89006,48.675609,0],[32.8877449,48.6758303,0],[32.8827667,48.6773605,0],[32.880622,48.678188,0],[32.876327,48.679389,0],[32.8654718,48.6836509,0],[32.864398,48.684112,0],[32.861648,48.685909,0],[32.8535414,48.6891756,0],[32.835989,48.6962577,0],[32.8174067,48.7038486,0],[32.812301,48.705741,0],[32.8104544,48.7060576,0],[32.8089094,48.7061709,0],[32.7945328,48.706709,0],[32.7598572,48.7080401,0],[32.747798,48.7085498,0],[32.7338076,48.7090879,0],[32.728314,48.709385,0],[32.721984,48.710291,0],[32.721401,48.710289,0],[32.7084017,48.7122595,0],[32.7008915,48.7134205,0]]},"properties":{"name":"м-04","tessellate":true,"description":"http://routes.in.ua/international/znamenka-izvarino-m-04/"}},
{"type":"Feature","geometry":{"type":"LineString","coordinates":[[22.518636,48.5057653,0],[22.5201917,48.5031707,0],[22.520535,48.5010949,0],[22.5210714,48.4963743,0],[22.5213289,48.4950235,0],[22.5218225,48.4941561,0],[22.5230026,48.4931464,0],[22.5257063,48.4912267,0],[22.5283027,48.4896055,0],[22.530427,48.4884109,0],[22.5322509,48.4874723,0],[22.5335813,48.487074,0],[22.5372291,48.4862776,0],[22.5394177,48.4858083,0],[22.5555968,48.4820535,0],[22.5626135,48.4804462,0],[22.5670338,48.4793225,0],[22.5738144,48.4777436,0],[22.58008,48.47625,0],[22.5841784,48.4752969,0],[22.5911307,48.4736468,0],[22.6013875,48.4711999,0],[22.6058507,48.4703179,0],[22.6152277,48.4680985,0],[22.6249909,48.4656229,0],[22.6387668,48.4623077,0],[22.6479721,48.4601306,0],[22.6620698,48.456815,0],[22.6751161,48.4537696,0],[22.6831198,48.4518484,0],[22.6845145,48.4515637,0],[22.6866174,48.4516207,0],[22.6888061,48.4522326,0],[22.6950502,48.4542677,0],[22.7012944,48.4562885,0],[22.7053499,48.4574127,0],[22.7085257,48.458238,0],[22.7128601,48.459348,0],[22.7176023,48.4607425,0],[22.7197266,48.461895,0],[22.7238035,48.4658363,0],[22.7253699,48.467942,0],[22.7282238,48.4687529,0],[22.7304339,48.4687814,0],[22.7335453,48.4685111,0],[22.7351975,48.4685822,0],[22.7373004,48.4691655,0],[22.7402401,48.4701898,0],[22.7431154,48.4705455,0],[22.7447248,48.4704032,0],[22.7467418,48.4697915,0],[22.7481794,48.4694643,0],[22.7497888,48.4696777,0],[22.7511406,48.4701898,0],[22.7529216,48.4712995,0],[22.7544665,48.4717263,0],[22.7577925,48.4718259,0],[22.7618265,48.4719966,0],[22.7642512,48.4723807,0],[22.7683067,48.4731062,0],[22.7710104,48.4737037,0],[22.7721262,48.4741305,0],[22.7734137,48.4747848,0],[22.7759886,48.4764492,0],[22.7782631,48.4775587,0],[22.7795506,48.4780708,0],[22.7815247,48.4785971,0],[22.7832198,48.4789527,0],[22.787447,48.4798772,0],[22.7911377,48.4806596,0],[22.796073,48.4817121,0],[22.801652,48.4828642,0],[22.8043342,48.4834758,0],[22.8052783,48.483874,0],[22.8061581,48.4844998,0],[22.8070164,48.4853958,0],[22.8081107,48.4865763,0],[22.8096771,48.4874011,0],[22.8117371,48.4879274,0],[22.814548,48.4884678,0],[22.8164577,48.488482,0],[22.8190541,48.4884251,0],[22.8211355,48.4888233,0],[22.8225517,48.4893068,0],[22.8242898,48.4901743,0],[22.8257918,48.4913689,0],[22.8270578,48.4920941,0],[22.8291607,48.4927341,0],[22.8308773,48.4931038,0],[22.8328085,48.4935588,0],[22.8338385,48.4942129,0],[22.8349328,48.4954074,0],[22.8358555,48.4965023,0],[22.8370786,48.4974123,0],[22.8393531,48.4984787,0],[22.8425932,48.4995025,0],[22.8444815,48.5002845,0],[22.8463912,48.5013366,0],[22.8488588,48.5031423,0],[22.8543305,48.5070661,0],[22.8583002,48.5099519,0],[22.8632355,48.5135768,0],[22.8703165,48.5186795,0],[22.8717327,48.519717,0],[22.8730845,48.5204845,0],[22.8760886,48.5220479,0],[22.8775907,48.5228722,0],[22.8786421,48.5234975,0],[22.8793931,48.5243075,0],[22.8817749,48.5265529,0],[22.882719,48.5274766,0],[22.8831911,48.5277892,0],[22.8836846,48.528244,0],[22.8866243,48.5311854,0],[22.8871393,48.5317254,0],[22.8878045,48.5326348,0],[22.888298,48.5332316,0],[22.8894567,48.534013,0],[22.8909802,48.5349224,0],[22.8921819,48.5357323,0],[22.8929758,48.5359454,0],[22.8979754,48.5367411,0],[22.9037261,48.5376646,0],[22.9063439,48.5380766,0],[22.9076958,48.5381476,0],[22.9094338,48.5378777,0],[22.911365,48.5370963,0],[22.91291,48.5365137,0],[22.9140258,48.5361301,0],[22.9153991,48.535917,0],[22.9169226,48.5358744,0],[22.9184461,48.5360164,0],[22.9195833,48.5363006,0],[22.9212356,48.5369115,0],[22.9264283,48.5390285,0],[22.9275656,48.5396252,0],[22.9285741,48.5404492,0],[22.9292178,48.5411453,0],[22.9295611,48.5423103,0],[22.9295611,48.5436172,0],[22.9291749,48.5448105,0],[22.9289389,48.5457765,0],[22.9292607,48.5467851,0],[22.9313636,48.5496971,0],[22.9328656,48.5514584,0],[22.9362345,48.5542565,0],[22.9381871,48.5556625,0],[22.9391742,48.555904,0],[22.9404616,48.5561738,0],[22.942071,48.5567277,0],[22.9436374,48.5572958,0],[22.9453754,48.5581195,0],[22.9475856,48.5589006,0],[22.9508901,48.5599232,0],[22.9558897,48.5613433,0],[22.9630351,48.5634166,0],[22.9684639,48.5650638,0],[22.9700089,48.565433,0],[22.9714036,48.5654472,0]]},"properties":{"name":"м-06","tessellate":true}},
{"type":"Feature","geometry":{"type":"LineString","coordinates":[[26.3410091,50.6100424,0],[26.34058,50.6037782,0],[26.3393354,50.6005096,0],[26.3372755,50.5978945,0],[26.3312674,50.5928819,0],[26.3271904,50.5894218,0],[26.3262892,50.5884682,0],[26.3249588,50.586234,0],[26.3237572,50.5847353,0],[26.3207531,50.5831549,0],[26.3183069,50.5821466,0],[26.3150454,50.5808114,0],[26.3006258,50.5773504,0],[26.2862492,50.5739164,0],[26.2806702,50.5726082,0],[26.2777519,50.5723083,0],[26.2731171,50.5718995,0],[26.2674952,50.5714089,0],[26.2600279,50.5702369,0],[26.2534618,50.5692829,0],[26.2451363,50.5685469,0],[26.2398148,50.568029,0],[26.2364674,50.5673475,0],[26.2315321,50.5659846,0],[26.2281847,50.5650305,0],[26.2256956,50.5645944,0],[26.2207174,50.5639946,0],[26.2098598,50.5627406,0],[26.2042379,50.5620863,0],[26.2001181,50.5615956,0],[26.1963415,50.5616502,0],[26.1929083,50.5621954,0],[26.1901617,50.5630678,0],[26.1862993,50.564867,0],[26.1799908,50.5681108,0],[26.1705065,50.5727989,0],[26.1654425,50.5754972,0],[26.1628246,50.5772959,0],[26.1561298,50.5824736,0],[26.15201,50.5856345,0],[26.1490488,50.5879233,0]]},"properties":{"name":"м-06","tessellate":true,"description":"http://routes.in.ua/international/kiev-chop-m-06/"}},
{"type":"Feature","geometry":{"type":"LineString","coordinates":[[26.1490488,50.5879233,0],[26.1446714,50.5855255,0],[26.1359167,50.5798303,0],[26.1302519,50.5771324,0],[26.1219263,50.5741617,0],[26.1176348,50.5722538,0],[26.1123133,50.5690375,0],[26.1066914,50.5653031,0],[26.1017561,50.5620591,0],[26.0970354,50.5597691,0],[26.0905123,50.5572063,0],[26.0852766,50.5552159,0],[26.0760498,50.5507442,0],[26.0694408,50.5474719,0],[26.0659003,50.5458697,0],[26.0651171,50.5454129,0]]},"properties":{"name":"М-06","tessellate":true,"description":"http://routes.in.ua/international/kiev-chop-m-06/"}},
{"type":"Feature","geometry":{"type":"LineString","coordinates":[[25.9140873,50.485064,0],[25.9073925,50.4831661,0],[25.8999252,50.4810771,0],[25.8933806,50.4796161,0],[25.8895612,50.4785373,0],[25.8850121,50.4770489,0],[25.8790684,50.4749869,0],[25.8694124,50.4716138,0],[25.8613658,50.468855,0],[25.8540702,50.4664102,0],[25.8473325,50.4641428,0],[25.839715,50.4616568,0],[25.8323121,50.459075,0],[25.8288145,50.4577636,0],[25.8237505,50.455769,0],[25.8210468,50.4547581,0],[25.8158112,50.4532143,0],[25.8090734,50.4513698,0],[25.8016491,50.449293,0],[25.7928944,50.4468745,0],[25.7869506,50.4451802,0],[25.778861,50.4428298,0]]},"properties":{"name":"М-06","tessellate":true}},
{"type":"Feature","geometry":{"type":"LineString","coordinates":[[25.2079153,50.1187207,0],[25.2092028,50.1195325,0],[25.2114558,50.1215549,0],[25.2128077,50.1237011,0],[25.2145457,50.1279656,0],[25.2163267,50.1323673,0],[25.2194381,50.1397943,0],[25.2211547,50.1436311,0],[25.2226138,50.145405,0],[25.2243519,50.1471239,0],[25.2267551,50.1488289,0],[25.2297592,50.1503964,0],[25.2333212,50.1519088,0],[25.2369046,50.1532424,0],[25.2405524,50.1541498,0],[25.2456164,50.1552772,0],[25.2540278,50.1571744,0],[25.2567101,50.1576418,0],[25.2593493,50.157903,0],[25.2631903,50.158068,0],[25.2662587,50.1578755,0],[25.2722239,50.1571607,0],[25.2792192,50.1561983,0],[25.2869868,50.1551535,0],[25.2898407,50.1549198,0],[25.2929306,50.1551397,0],[25.2954841,50.1556072,0],[25.2973723,50.1561846,0],[25.300591,50.1573669,0],[25.3024149,50.1576831,0],[25.3042603,50.1577518,0],[25.3085303,50.1572981,0],[25.3102684,50.1573119,0],[25.3123713,50.1575181,0],[25.3181863,50.158013,0],[25.3247201,50.158611,0],[25.3341293,50.1594221,0],[25.347755,50.1606387,0],[25.3588271,50.1616147,0],[25.3665304,50.1623845,0],[25.3691483,50.1629618,0],[25.3717875,50.1642539,0],[25.376122,50.1666868,0],[25.3843617,50.1713598,0],[25.389812,50.1744245,0],[25.3932238,50.1763072,0],[25.3969789,50.1784097,0],[25.3998542,50.1800037,0],[25.4036093,50.1820236,0],[25.4044032,50.1823946,0]]},"properties":{"name":"М-06","tessellate":true,"description":"http://routes.in.ua/international/kiev-chop-m-06/"}},
{"type":"Feature","geometry":{"type":"LineString","coordinates":[[37.5760585,48.0986258,0],[37.5696373,48.1007825,0],[37.558651,48.1044222,0],[37.5516987,48.1067649,0],[37.5492954,48.1074742,0],[37.5477183,48.1077249,0],[37.5454438,48.1080186,0],[37.54395,48.108368,0],[37.5418496,48.1093439,0],[37.5412649,48.1096054,0],[37.5401625,48.1099958,0],[37.5391459,48.1101785,0],[37.5370538,48.1104901,0],[37.5302088,48.1114715,0],[37.524941,48.1121306,0],[37.521957,48.1123,0],[37.5200486,48.1121019,0],[37.5176454,48.1115145,0],[37.5154352,48.1109414,0],[37.513504,48.1107122,0],[37.5115728,48.1106979,0],[37.5092983,48.1110131,0],[37.5048459,48.11193,0],[37.5030971,48.1122309,0],[37.5011981,48.112367,0],[37.4974537,48.1125962,0],[37.4957156,48.1126893,0],[37.494632,48.1128397,0],[37.4935591,48.1131263,0],[37.4917889,48.1136707,0],[37.4897289,48.114344,0],[37.4873149,48.1151749,0],[37.4849439,48.116013,0],[37.4836564,48.116672,0],[37.4812853,48.118391,0],[37.4793112,48.1195012,0],[37.4780238,48.120024,0],[37.4765539,48.1204681,0],[37.4747622,48.1207402,0],[37.472434,48.1208763,0],[37.4699235,48.1207187,0],[37.4670589,48.1205182,0],[37.461378,48.12011,0],[37.460226,48.1200258,0],[37.4593234,48.1199766,0],[37.4582331,48.1200034,0],[37.4571562,48.1201207,0],[37.4563998,48.1202854,0],[37.4555992,48.1204896,0],[37.454714,48.1207975,0],[37.453495,48.1212684,0],[37.4523725,48.1216812,0],[37.4513747,48.1220536,0],[37.4504681,48.1224018,0],[37.4480823,48.123306,0],[37.445156,48.1243928,0],[37.4433991,48.1250535,0],[37.4412024,48.1258538,0],[37.4388608,48.1267489,0],[37.437273,48.1273326,0],[37.4353471,48.1280648,0],[37.4331799,48.1288615,0],[37.4299881,48.1300717,0],[37.4255919,48.1316972,0],[37.4241114,48.1321841,0],[37.4226952,48.1324276,0],[37.4214935,48.1324849,0],[37.41953,48.132356,0],[37.4154639,48.1318977,0],[37.4128246,48.1315969,0],[37.4042416,48.1306947,0],[37.401495,48.1303796,0],[37.3925793,48.1293628,0],[37.3891997,48.1289832,0],[37.3864961,48.1286861,0],[37.3856539,48.1286073,0],[37.3845005,48.1286323,0],[37.383557,48.128716,0],[37.3821884,48.1289761,0],[37.3812336,48.1292876,0],[37.3795331,48.1298569,0],[37.377398,48.130598,0],[37.3759979,48.1311888,0],[37.3750269,48.1317974,0],[37.3736912,48.1328858,0],[37.3730528,48.1336305,0],[37.3724467,48.134565,0],[37.372098,48.1355101,0],[37.3720175,48.1363908,0],[37.3720604,48.1372965,0],[37.3721731,48.1389683,0],[37.3722106,48.1417891,0],[37.3722857,48.145612,0],[37.3723125,48.1472764,0],[37.3722374,48.1481068,0],[37.3720175,48.1490087,0],[37.3715776,48.1504117,0],[37.3709553,48.1523766,0],[37.3697323,48.1565708,0],[37.3692548,48.1583458,0],[37.368831,48.1606825,0],[37.3684341,48.1626577,0],[37.368139,48.1642499,0],[37.3676616,48.1665076,0],[37.3671627,48.1690443,0],[37.3669213,48.1702965,0],[37.3666102,48.1711587,0],[37.3663312,48.1717454,0],[37.3659557,48.1722283,0],[37.3654836,48.172765,0],[37.3648131,48.1733195,0],[37.364164,48.1737523,0],[37.36359,48.1740385,0],[37.3629302,48.1742818,0],[37.3619914,48.1745823,0],[37.3607844,48.1748291,0],[37.3598671,48.1749007,0],[37.3589283,48.1748864,0],[37.3573834,48.1747969,0],[37.353934,48.1745036,0],[37.350812,48.1742317,0],[37.3466921,48.1738883,0],[37.334826,48.1729116,0],[37.3254383,48.1721031,0]]},"properties":{"name":"М-04","tessellate":true}},
{"type":"Feature","geometry":{"type":"LineString","coordinates":[[29.4399261,45.7598587,0],[29.4402695,45.7385369,0],[29.4388962,45.7337444,0],[29.4364929,45.7311083,0],[29.4430161,45.7191246,0],[29.4474792,45.709296,0],[29.4560623,45.7018635,0],[29.4667053,45.6845971,0],[29.4807816,45.6613271,0],[29.5000076,45.6418879,0],[29.5173454,45.6235225,0],[29.5319366,45.606232,0],[29.5506477,45.582689,0],[29.5655823,45.5640639,0],[29.5736504,45.562141,0],[29.5769119,45.5597372,0],[29.58601,45.5516838,0],[29.6019745,45.5260735,0],[29.6033478,45.5215034,0],[29.6021461,45.5163314,0],[29.6021461,45.5151285,0],[29.6074677,45.512001,0],[29.6086693,45.5067078,0],[29.6081543,45.500211,0],[29.6069527,45.4926304,0],[29.5915031,45.4751792,0],[29.5837784,45.464465,0],[29.5705605,45.4494136,0],[29.5609474,45.4355628,0],[29.5628357,45.4226725,0],[29.5674706,45.4186964,0],[29.5685005,45.4138765,0],[29.5750237,45.4090561,0]]},"properties":{"name":"т1628","tessellate":true}},
{"type":"Feature","geometry":{"type":"LineString","coordinates":[[37.3251486,48.172096,0],[37.3209858,48.1722391,0],[37.3164797,48.1733552,0],[37.3099566,48.1755589,0],[37.3024893,48.17802,0],[37.2993565,48.1786209,0],[37.2956228,48.178764,0],[37.2887993,48.1781917,0],[37.2695732,48.176675,0],[37.2600031,48.1759309,0],[37.2575998,48.1759023,0],[37.2542095,48.1763888,0],[37.2510338,48.1773904,0],[37.2482872,48.1788356,0],[37.2447574,48.1807385,0],[37.2395968,48.1836357,0],[37.2335351,48.1869691,0],[37.2288251,48.1895226,0],[37.2236753,48.1922834,0],[37.2202635,48.1940858,0]]},"properties":{"name":"М04","tessellate":true}},
{"type":"Feature","geometry":{"type":"LineString","coordinates":[[37.2200918,48.1941859,0],[37.2185898,48.1952015,0],[37.2175169,48.1965031,0],[37.2169375,48.1982909,0],[37.2159934,48.2028247,0],[37.2152638,48.2067431,0],[37.213912,48.2122056,0],[37.2125602,48.2182822,0],[37.2110152,48.2255875,0],[37.2098994,48.2308336,0],[37.2084618,48.2373939,0],[37.2073889,48.2423672,0],[37.2052431,48.2520981,0],[37.2043419,48.2554413,0],[37.203784,48.2566556,0]]},"properties":{"name":"М-04","tessellate":true}},
{"type":"Feature","geometry":{"type":"LineString","coordinates":[[35.8586025,48.525075,0],[35.8619499,48.5243928,0],[35.8707905,48.523199,0],[35.8760262,48.522858,0],[35.8780861,48.5218347,0],[35.8899307,48.5143301,0],[35.9037495,48.505744,0],[35.9073544,48.5037536,0],[35.9114742,48.5019906,0],[35.9300137,48.496417,0],[35.9388542,48.4940281,0],[35.9407425,48.4944262,0],[35.9484673,48.497782,0],[35.9543896,48.4999432,0],[35.9567928,48.4997157,0],[35.9601402,48.4972701,0],[35.9629726,48.4959051,0],[35.9969616,48.4815699,0],[36.0049438,48.4780992,0],[36.0080338,48.4760509,0],[36.0106087,48.4730351,0],[36.0203075,48.4589211,0],[36.0273457,48.4486177,0],[36.0294914,48.4464542,0],[36.0316372,48.444917,0],[36.0367012,48.4429243,0],[36.047945,48.4391663,0],[36.07481,48.4302257,0],[36.0939503,48.4239037,0],[36.0960102,48.4225367,0],[36.1020184,48.4150744,0],[36.103735,48.413935,0],[36.1299992,48.401742,0],[36.1390114,48.3975821,0],[36.1424446,48.3968982,0],[36.1457062,48.3966703,0],[36.1488819,48.3970692,0],[36.1578941,48.3987218,0],[36.1601257,48.3987788,0],[36.1620998,48.3983229,0],[36.1649323,48.3964423,0],[36.1679363,48.3950745,0],[36.1722279,48.3945616,0],[36.1833858,48.3946756,0],[36.186347,48.3942482,0],[36.1884928,48.3935358,0],[36.1915398,48.3919685,0],[36.1935997,48.3904581,0],[36.1975479,48.3889477,0],[36.1987925,48.3888622,0],[36.2003803,48.3895461,0],[36.2058735,48.3917405,0],[36.207118,48.3926239,0],[36.2087917,48.3928234,0],[36.2112379,48.3926524,0],[36.2135124,48.3919115,0],[36.2209797,48.3894036,0],[36.2270308,48.3872092,0],[36.2290907,48.3872092,0],[36.2351418,48.3874942,0],[36.2509346,48.3881212,0],[36.2650967,48.3876652,0],[36.2813187,48.3863542,0],[36.3046646,48.3887482,0],[36.3154793,48.3888622,0],[36.3214874,48.3900021,0],[36.3551331,48.3892042,0],[36.3602829,48.3894321,0],[36.3637161,48.390914,0],[36.3796806,48.4001465,0],[36.3934135,48.4115422,0],[36.4131546,48.4243024,0],[36.4169312,48.4262389,0],[36.4213085,48.4269224,0],[36.42869,48.4284602,0],[36.4379597,48.4308522,0],[36.4572716,48.4324467,0],[36.4624214,48.4327315,0],[36.4809608,48.4346677,0],[36.4946079,48.4362622,0],[36.5023327,48.4370025,0],[36.508255,48.4369455,0],[36.512804,48.4362622,0],[36.5288544,48.4318203,0],[36.5562344,48.4243024,0],[36.5610409,48.4228784,0],[36.5713406,48.419005,0],[36.5859318,48.4134223,0],[36.5992355,48.4102888,0],[36.6095352,48.4078389,0],[36.6150284,48.4072121,0],[36.6327953,48.4055028,0],[36.6646385,48.4027107,0],[36.6903019,48.3942197,0],[36.7077255,48.3885202,0],[36.7380238,48.3787156,0],[36.7412853,48.3779174,0],[36.7569065,48.3763211,0],[36.7629147,48.3738125,0],[36.7848015,48.36372,0],[36.7877197,48.3630357,0],[36.7909813,48.3632067,0],[36.7980194,48.3642332,0],[36.8033409,48.3650886,0],[36.8128681,48.3641762,0]]},"properties":{"name":"М-04","tessellate":true}},
{"type":"Feature","geometry":{"type":"LineString","coordinates":[[37.1361923,48.2914169,0],[37.1162796,48.2964421,0],[37.0802307,48.3045498,0],[37.04813,48.3117429,0],[37.0155144,48.3168802,0],[36.9902802,48.3209897,0],[36.9854736,48.3221311,0],[36.9791222,48.3258978,0],[36.9699383,48.3316043,0],[36.9659042,48.3330879,0],[36.9599819,48.3338867,0],[36.9233322,48.3393641,0],[36.8833351,48.3450691,0],[36.8579292,48.3490622,0],[36.8467712,48.3510586,0],[36.8419647,48.3527128,0],[36.8313217,48.3584163,0],[36.8243694,48.3619521,0],[36.8208504,48.3629786,0],[36.8128681,48.3641762,0]]},"properties":{"name":"М-04","tessellate":true}},
{"type":"Feature","geometry":{"type":"LineString","coordinates":[[26.0651171,50.5454129,0],[26.0508585,50.5384719,0],[26.0327482,50.5296611,0],[26.0218906,50.5244776,0],[26.0078144,50.5176835,0],[26.0063124,50.5168376,0],[26.0037374,50.5142998,0],[26.0001755,50.510561,0],[25.998373,50.5090873,0],[25.9965277,50.5078318,0],[25.9931803,50.5061942,0],[25.9920216,50.5052389,0],[25.9907341,50.5038196,0],[25.9892321,50.5017997,0],[25.9883308,50.5007897,0],[25.9873652,50.5000254,0],[25.9845757,50.4987014,0],[25.9812069,50.4971454,0],[25.9747052,50.4944427,0],[25.968461,50.4918627,0],[25.9627748,50.489542,0],[25.9607577,50.488873,0],[25.9583759,50.4883815,0],[25.9562731,50.4882041,0],[25.9537625,50.488245,0],[25.9488916,50.4889686,0],[25.9456944,50.4895693,0],[25.9439778,50.489774,0],[25.9403944,50.4897467,0],[25.9370685,50.4897058,0],[25.9341288,50.4899788,0],[25.9318113,50.4901426,0],[25.9300518,50.4899515,0],[25.9262109,50.4891597,0],[25.9244728,50.4887911,0],[25.9231424,50.4882587,0],[25.9211683,50.487262,0],[25.9197307,50.4866204,0],[25.9172201,50.4858831,0],[25.9142375,50.4850503,0]]},"properties":{"name":"М-06","tessellate":true}},
{"type":"Feature","geometry":{"type":"LineString","coordinates":[[25.7781315,50.4425292,0],[25.7683468,50.4396867,0],[25.7585621,50.4367347,0],[25.7540989,50.4335638,0],[25.7463741,50.4302834,0],[25.7414818,50.4279323,0],[25.7374477,50.4277683,0],[25.734272,50.428315,0],[25.730238,50.4295179,0],[25.7264614,50.4296273,0],[25.7178783,50.4292992,0],[25.7099819,50.4289165,0],[25.7062912,50.4277683,0],[25.7038879,50.4258545,0],[25.7021713,50.4236125,0],[25.7022572,50.4211517,0],[25.7057762,50.4128934,0],[25.7059479,50.4091192,0],[25.7060337,50.4016247,0],[25.7062912,50.397795,0],[25.7070637,50.3942932,0],[25.7080936,50.3870153,0],[25.7094669,50.3819255,0],[25.7090378,50.3809404,0],[25.707407,50.3799004,0],[25.7069778,50.3785868,0],[25.7061195,50.3701021,0],[25.7053471,50.365339,0],[25.7042313,50.3628204,0],[25.7034588,50.360466,0],[25.7034588,50.3581114,0],[25.7001972,50.3542781,0],[25.6969357,50.3509374,0],[25.6925583,50.3475418,0],[25.6853914,50.3406949,0],[25.6824303,50.3379832,0],[25.681572,50.3372163,0],[25.6729889,50.3334635,0],[25.6690407,50.3314911,0],[25.6662083,50.3302857,0],[25.6611443,50.3280119,0],[25.6586981,50.3266146,0],[25.649128,50.3215458,0],[25.6432486,50.3185042,0],[25.6293869,50.3112969,0],[25.6226492,50.3074872,0],[25.6220055,50.306665,0],[25.6216192,50.3055412,0],[25.619688,50.3016214,0],[25.6182718,50.2996751,0],[25.6172419,50.298277,0],[25.616684,50.297345,0],[25.6160402,50.296029,0],[25.6149244,50.2953985,0]]},"properties":{"name":"М-06","tessellate":true,"description":"http://routes.in.ua/international/kiev-chop-m-06/"}},
{"type":"Feature","geometry":{"type":"LineString","coordinates":[[25.6149244,50.2953985,0],[25.6121993,50.2947953,0],[25.6069851,50.2942333,0],[25.6029725,50.2940277,0],[25.594883,50.2935068,0],[25.5923939,50.2931504,0],[25.5892825,50.2923004,0],[25.5862141,50.2908747,0],[25.584476,50.2897094,0],[25.5823517,50.2876118,0],[25.5807209,50.2848697,0],[25.5792189,50.283101,0],[25.5773735,50.2814693,0],[25.5754423,50.2802627,0],[25.5734682,50.2793714,0],[25.5713654,50.2786309,0],[25.5692625,50.2780001,0],[25.5645633,50.2771225,0],[25.5610871,50.2764505,0],[25.5508733,50.2749832,0],[25.5421185,50.2736804,0],[25.5389643,50.272981,0],[25.536561,50.2721032,0],[25.5345225,50.2710198,0],[25.5323768,50.2694151,0],[25.5312181,50.2681259,0],[25.5290508,50.2651632,0],[25.5262828,50.261295,0],[25.5247164,50.2598409,0]]},"properties":{"name":"М-06","tessellate":true,"description":"http://routes.in.ua/international/kiev-chop-m-06/"}},
{"type":"Feature","geometry":{"type":"LineString","coordinates":[[24.0322495,49.8294568,0],[24.0276146,49.8264669,0],[24.0241814,49.8253595,0],[24.0212631,49.8252488,0],[24.0188599,49.8049787,0],[24.0138817,49.7832592,0],[24.0140533,49.7698459,0]]},"properties":{"name":"Лінія 225","tessellate":true}},
{"type":"Feature","geometry":{"type":"LineString","coordinates":[[24.0143108,49.7691252,0],[24.0145254,49.7635259,0],[24.0149117,49.7569556,0],[24.0149975,49.7532958,0],[24.0149117,49.7503013,0],[24.0149546,49.7432854,0]]},"properties":{"name":"М-06","tessellate":true,"description":"http://routes.in.ua/international/kiev-chop-m-06/"}},
{"type":"Feature","geometry":{"type":"LineString","coordinates":[[23.8714457,49.2735169,0],[23.8773251,49.2826161,0],[23.8806295,49.2879348,0],[23.8856077,49.2958279,0],[23.9026451,49.3234997,0],[23.9146614,49.3430759,0],[23.9249611,49.3601289,0],[23.9357758,49.3778466,0],[23.9420843,49.3881417,0],[23.9428568,49.3892591,0],[23.9447665,49.3907116,0],[23.9454532,49.3914798,0],[23.9458609,49.3924016,0],[23.9458179,49.3935468,0],[23.9445305,49.3968706,0],[23.9434791,49.4004176,0],[23.9424706,49.4055281,0],[23.9415693,49.4103589,0],[23.9415693,49.411043,0],[23.9421058,49.4130254,0],[23.9443159,49.4197539,0],[23.9464831,49.4266349,0],[23.947041,49.4282538,0],[23.9488649,49.4338639,0],[23.9510536,49.4407848,0],[23.9529419,49.4465329,0],[23.9544439,49.4509133,0],[23.955152,49.4529778,0],[23.9553022,49.4537589,0],[23.9553452,49.4555164,0],[23.955667,49.4611094,0],[23.9560533,49.469644,0],[23.956182,49.4733949,0],[23.9561605,49.4749286,0],[23.9564824,49.4791949,0],[23.9567614,49.4845482,0],[23.9568686,49.4860676,0],[23.9572978,49.4870295,0],[23.9580488,49.4879634,0],[23.9591432,49.4885906,0],[23.9605594,49.4890367,0],[23.9622116,49.4893015,0],[23.9650011,49.4897615,0],[23.9666963,49.4902215,0],[23.9685202,49.4911971,0],[23.9701939,49.4926327,0],[23.9717388,49.4941659,0],[23.9724684,49.4951694,0],[23.9727473,49.4965073,0],[23.9727688,49.4976361,0],[23.9722109,49.4989322,0],[23.9708805,49.5003676,0],[23.9690566,49.5017054,0],[23.9683056,49.5023325,0],[23.9676619,49.5031128,0],[23.9654303,49.5064292,0],[23.9641857,49.5078365,0],[23.9627695,49.5089651,0],[23.9586282,49.5117377,0],[23.9573193,49.5126293,0],[23.9562249,49.5137299,0],[23.955667,49.5150952,0],[23.9555812,49.5167391,0],[23.9557314,49.5182297,0],[23.9556026,49.5192187,0],[23.9550018,49.5204724,0],[23.9539933,49.5215172,0],[23.9528346,49.5225201,0],[23.9517832,49.5234673,0],[23.9506459,49.5249994,0],[23.9497018,49.5267822,0],[23.9492512,49.5280357,0],[23.9493155,49.5293449,0],[23.9497447,49.53181,0],[23.9500237,49.5329659,0],[23.9509249,49.534637,0],[23.9524055,49.5370322,0],[23.9529204,49.5380348,0],[23.9536929,49.5399424,0],[23.9548302,49.541307,0],[23.9560747,49.5422538,0],[23.9579844,49.5430614,0],[23.960731,49.5436601,0],[23.9647007,49.5444815,0],[23.9668894,49.5452891,0],[23.9711809,49.5471268,0],[23.9773607,49.5502731,0],[23.9801502,49.5516096,0],[23.9845705,49.5534749,0],[23.9865446,49.5547834,0],[23.9878321,49.5563146,0],[23.9884758,49.557456,0]]},"properties":{"name":"М-06","tessellate":true,"description":"http://routes.in.ua/international/kiev-chop-m-06/"}},
{"type":"Feature","geometry":{"type":"LineString","coordinates":[[23.9884758,49.5575395,0],[23.9889586,49.5600867,0],[23.989538,49.5630721,0],[23.9898491,49.5645543,0],[23.9906001,49.5666419,0],[23.9908791,49.5676439,0],[23.9909005,49.5689102,0],[23.9909863,49.5708306,0],[23.9912009,49.5719299,0],[23.9917374,49.573224,0],[23.9927673,49.5754642,0],[23.9945269,49.5789427,0],[23.9962649,49.5820452,0],[23.9979601,49.5852727,0],[24.0004921,49.5898911,0],[24.0025735,49.5936327,0],[24.0029812,49.5946203,0],[24.0031314,49.595566,0],[24.0029812,49.5965535,0],[24.0026593,49.5973741,0],[24.0018439,49.5988205,0],[24.0008354,49.6004476,0],[23.9989471,49.6050646,0],[23.9960933,49.6121559,0],[23.9954066,49.6138105,0],[23.995235,49.6156595,0],[23.9952993,49.6204279,0],[23.9953423,49.6269333,0],[23.9954281,49.6302274,0],[23.9961576,49.6338548,0],[23.9973378,49.6386075,0],[23.9984107,49.6431513,0],[23.9999342,49.6495286,0],[24.0010071,49.6542103,0],[24.0023804,49.6600584,0],[24.0035176,49.6684611,0],[24.0036893,49.6700998,0],[24.003582,49.6716968,0],[24.0031099,49.6734187,0],[24.0027237,49.6750295,0],[24.0027881,49.6762653,0],[24.0033889,49.6775983,0],[24.0046334,49.6789034,0],[24.0151691,49.7427308,0]]},"properties":{"name":"М-06","tessellate":true,"description":"http://routes.in.ua/international/kiev-chop-m-06/"}},
{"type":"Feature","geometry":{"type":"LineString","coordinates":[[31.078128,48.01246,0],[31.0683918,48.0160517,0],[31.0616112,48.0176018,0],[31.053972,48.018577,0],[31.0492516,48.0188649,0],[31.036291,48.019532,0],[31.0320854,48.0194964,0],[31.0101986,48.0187501,0],[31.005741,48.018577,0],[30.9804153,48.0200705,0],[30.9786129,48.0201853,0],[30.9766388,48.0206446,0],[30.974493,48.0217928,0],[30.968555,48.02485,0],[30.966221,48.025241,0],[30.964676,48.02627,0],[30.963635,48.027293,0],[30.960551,48.031605,0],[30.958716,48.032502,0],[30.957016,48.033818,0],[30.9549236,48.0346505,0],[30.952939,48.035418,0],[30.95163,48.036494,0],[30.94943,48.037362,0],[30.944828,48.0396,0],[30.9294319,48.0504886,0],[30.927104,48.05216,0],[30.923735,48.055114,0],[30.920763,48.0558817,0],[30.918451,48.05643,0],[30.907674,48.058227,0],[30.8911514,48.0586353,0],[30.8804226,48.0588648,0],[30.868901,48.058919,0],[30.864608,48.060686,0],[30.852361,48.0507,0],[30.8511543,48.0507755,0],[30.848273,48.051334,0],[30.847518,48.050936,0],[30.846792,48.049427,0],[30.842491,48.048839,0],[30.839133,48.048699,0],[30.828023,48.047982,0],[30.822766,48.049269,0],[30.8064365,48.0553653,0]]},"properties":{"name":"р-06","tessellate":true}},
{"type":"Feature","geometry":{"type":"LineString","coordinates":[[30.2474213,48.3857842,0],[30.252647,48.38586,0],[30.25642,48.38631,0],[30.2939415,48.3872662,0],[30.305351,48.387619,0],[30.308586,48.388163,0],[30.311445,48.388316,0],[30.3155708,48.3877222,0],[30.318918,48.386276,0],[30.325269,48.38396,0],[30.341228,48.382156,0],[30.363121,48.3830481,0],[30.385608,48.383533,0],[30.400199,48.385078,0],[30.402517,48.385158,0],[30.405349,48.384899,0],[30.4113579,48.3828201,0],[30.4199409,48.3795137,0],[30.424661,48.37709,0],[30.433073,48.371617,0],[30.436667,48.370384,0],[30.440326,48.370085,0],[30.445776,48.371061,0],[30.44981,48.371482,0],[30.4529,48.371069,0],[30.457331,48.369102,0],[30.4635429,48.3636629,0],[30.466611,48.360883,0],[30.4699,48.358898,0],[30.473306,48.357468,0],[30.4767609,48.3565342,0],[30.480709,48.35564,0],[30.48397,48.355289,0],[30.4880047,48.3553365,0],[30.492639,48.355545,0],[30.495037,48.355545,0],[30.497697,48.355289,0],[30.49994,48.35469,0]]},"properties":{"name":"р-06","tessellate":true}},
{"type":"Feature","geometry":{"type":"LineString","coordinates":[[23.170681,49.5084913,0],[23.1360054,49.4948906,0],[23.0809021,49.473367,0],[23.0475998,49.460426,0],[23.0333519,49.4550701,0],[23.0316353,49.4538426,0],[23.0306053,49.4526151,0],[23.0266571,49.4521687,0],[23.0220222,49.453173,0],[22.9986763,49.4523919,0],[23.0034828,49.4485976,0],[23.0017662,49.4422358,0],[22.9979897,49.4353151,0],[22.997818,49.4321893,0],[22.996788,49.4293982,0],[22.9916382,49.4241506,0],[22.9911232,49.417674,0],[22.98563,49.4092979,0],[22.9813385,49.4056119,0],[22.9796219,49.4028193,0],[22.9780769,49.4008086,0],[22.9715538,49.398686,0],[22.9796219,49.3973454,0],[22.9825401,49.3910887,0],[22.997818,49.3761142,0],[22.9997063,49.3732082,0],[23.0029678,49.372314,0],[23.0076027,49.3724258,0],[23.0091476,49.3719787,0],[23.0110359,49.3704138,0],[23.0144691,49.3697431,0],[23.0163574,49.3590109,0],[23.0203056,49.3526375,0],[23.020134,49.3505129,0],[23.0177307,49.3485,0],[23.009491,49.3448095,0],[23.0064011,49.3432437,0],[22.9945564,49.3396646,0],[22.9928398,49.3372039,0],[22.987175,49.3329532,0],[22.9767036,49.3271358,0],[22.9703522,49.325122,0],[22.9617691,49.3194156,0],[22.9614258,49.3149396,0],[22.9610825,49.3067698,0],[22.9617691,49.3035238,0],[22.9641724,49.3019568,0],[22.9679489,49.2998299,0],[22.9700089,49.2970313,0],[22.9700089,49.2943445,0],[22.9677773,49.2877389,0],[22.9698372,49.2852755,0],[22.9717255,49.2852755,0],[22.9780769,49.283036,0],[22.9808235,49.2758688,0],[22.9840851,49.2746369,0],[22.9907799,49.2682526,0],[22.9909515,49.2664604,0],[22.9849434,49.2607472,0],[22.9842567,49.254025,0],[22.9797935,49.2526804,0],[22.9780769,49.2489827,0],[22.977047,49.2443882,0],[22.9806519,49.2405778,0],[22.9825401,49.2397933,0],[22.98666,49.2395691,0],[22.998848,49.2297054,0],[22.9990196,49.2263423,0],[23.009491,49.2180456,0],[23.0116367,49.2129436,0],[23.0158424,49.2068317,0],[23.0264854,49.1997657,0],[23.0303478,49.1976905,0],[23.0374718,49.1956153,0],[23.0422783,49.1909036,0],[23.0426216,49.1891086,0],[23.0455399,49.1865281,0],[23.0445957,49.184789,0],[23.046484,49.1818717,0],[23.047514,49.1824888,0],[23.0457115,49.1845085,0],[23.0470848,49.184789,0],[23.0493164,49.1824888,0],[23.0450249,49.1789542,0],[23.0447674,49.176261,0],[23.0514622,49.169864,0],[23.046999,49.1665529,0],[23.0462265,49.1653182,0],[23.0471706,49.1606598,0],[23.0487156,49.1599301,0],[23.0500031,49.1576849,0],[23.0490589,49.154766,0],[23.0492306,49.1504434,0],[23.0473423,49.1465696,0],[23.0451107,49.1462328,0],[23.0400467,49.1444361,0],[23.0384159,49.1402811,0],[23.0373001,49.1374735,0],[23.0385017,49.1327001,0],[23.0377293,49.1322508,0],[23.0364418,49.1322508,0],[23.0336952,49.1329809,0],[23.0323219,49.1325878,0],[23.0317211,49.1311276,0],[23.031292,49.1300605,0],[23.0300903,49.1296674,0],[23.0276871,49.1300605,0],[23.0257988,49.1299482,0],[23.0232239,49.1278701,0],[23.0209923,49.1255111,0],[23.020134,49.1223656,0],[23.0191898,49.1214669,0],[23.0163574,49.1203434,0],[23.0148125,49.1179279,0],[23.0118942,49.116074,0],[23.0109501,49.114501,0],[23.0113792,49.1116357,0],[23.0078602,49.1075903,0],[23.0053711,49.1064665,0],[23.0034828,49.1054551,0],[23.0001354,49.1005663,0],[22.9964447,49.0988804,0],[22.9966164,49.097082,0],[22.9958439,49.0957332,0],[22.9950714,49.0951712,0],[22.9930973,49.0952836,0],[22.9912949,49.0956208,0],[22.9894924,49.0952274,0],[22.9879475,49.0943281,0],[22.9875183,49.092923,0],[22.9873466,49.090731,0],[22.9872608,49.0885388,0]]},"properties":{"name":"н-13","tessellate":true}},
{"type":"Feature","geometry":{"type":"LineString","coordinates":[[23.8702011,49.1106244,0],[23.8763809,49.1275893,0],[23.8758659,49.1302852,0],[23.8719177,49.132307,0],[23.8564682,49.1384842,0],[23.8513184,49.1425271,0],[23.8444519,49.1496013,0],[23.8434219,49.1531942,0],[23.8465118,49.1668896,0],[23.8480568,49.1749704,0],[23.8533783,49.1840597,0],[23.853035,49.1873135,0],[23.8523483,49.1915768,0],[23.8593864,49.2064953,0],[23.8561249,49.2242122,0],[23.8538933,49.2368792,0],[23.8576698,49.240802,0]]},"properties":{"name":"н-10","tessellate":true}},
{"type":"Feature","geometry":{"type":"LineString","coordinates":[[30.3081679,47.9391888,0],[30.306779,47.938762,0],[30.30578,47.938377,0],[30.30474,47.937797,0],[30.303585,47.936901,0],[30.3023314,47.9351924,0],[30.300722,47.933605,0],[30.298318,47.932491,0],[30.2968597,47.9322453,0],[30.2862597,47.9304913,0],[30.272602,47.928321,0],[30.265365,47.927055,0],[30.264051,47.926868,0],[30.2600384,47.926221,0],[30.25594,47.9255021,0],[30.2466917,47.9238916,0],[30.2441382,47.9235034,0],[30.2411127,47.9231152,0],[30.2334952,47.9221949,0],[30.2284098,47.9217635,0],[30.2208567,47.9211308,0],[30.2162433,47.920685,0],[30.2071238,47.9196928,0],[30.2000642,47.9189018,0],[30.1962447,47.9185567,0],[30.192012,47.917995,0],[30.1857948,47.9174925,0],[30.1803017,47.9170323,0],[30.177967,47.91687,0],[30.1751304,47.916529,0],[30.1693368,47.9153785,0],[30.1624274,47.9138109,0],[30.1610112,47.9134945,0],[30.1542306,47.9122145,0],[30.1463771,47.9106611,0],[30.1374078,47.9088776,0],[30.1293612,47.9073242,0],[30.1199412,47.9055694,0],[30.115446,47.904712,0],[30.104363,47.9041309,0],[30.097421,47.903827,0],[30.0921965,47.9039583,0],[30.082562,47.9043755,0],[30.0697088,47.9049221,0],[30.0611043,47.9052673,0],[30.0549245,47.9054255,0],[30.0525427,47.9056701,0],[30.042522,47.9068639,0],[30.0309563,47.9082591,0],[30.0202703,47.9095249,0],[30.0093699,47.9114234,0],[29.9815607,47.9170323,0],[29.9750805,47.9182979,0],[29.961423,47.920925,0],[29.9447823,47.9235897,0],[29.937218,47.924834,0],[29.932153,47.926055,0],[29.923545,47.928566,0],[29.917997,47.93,0],[29.912242,47.931221,0],[29.909849,47.931296,0],[29.90633,47.931785,0],[29.904892,47.93226,0],[29.898696,47.935646,0],[29.89619,47.936927,0],[29.894517,47.937591,0],[29.8920822,47.9377369,0],[29.890773,47.937751,0],[29.8877048,47.9372194,0],[29.8749161,47.9345168,0],[29.8605824,47.9313539,0],[29.8412275,47.9270406,0],[29.836549,47.925968,0],[29.8331594,47.925689,0],[29.8238468,47.9248263,0],[29.8172379,47.9243662,0],[29.8077536,47.9237335,0],[29.8035479,47.9237335,0],[29.796096,47.923702,0],[29.793676,47.923553,0],[29.791585,47.923332,0],[29.7891712,47.9232733,0],[29.780662,47.923027,0],[29.7716618,47.9232733,0],[29.758943,47.923576,0],[29.7481441,47.9233309,0],[29.7296047,47.922842,0],[29.7172022,47.9226119,0],[29.7161293,47.9226119,0],[29.7037697,47.9239923,0],[29.697708,47.924686,0],[29.6956587,47.9247975,0],[29.690889,47.92498,0],[29.685251,47.925785,0],[29.6793938,47.9267243,0],[29.673482,47.927673,0],[29.668659,47.928623,0],[29.6662188,47.9289385,0],[29.659105,47.929958,0],[29.656992,47.9304625,0],[29.6528506,47.9310951,0],[29.6486878,47.9315983,0],[29.644836,47.932045,0],[29.6381521,47.9335823,0],[29.6349227,47.9343299,0],[29.633634,47.934459,0],[29.6302396,47.9351601,0],[29.6287,47.9352571,0],[29.6281207,47.9353074,0],[29.6266133,47.9356057,0]]},"properties":{"name":"р-75","tessellate":true,"description":"http://routes.in.ua/r-75/"}},
{"type":"Feature","geometry":{"type":"LineString","coordinates":[[36.7846298,50.0716844,0],[36.7775917,50.0703622,0],[36.7741585,50.069591,0],[36.7595673,50.0712437,0],[36.7434311,50.0734472,0],[36.7375946,50.0753201,0],[36.7319298,50.0782945,0],[36.7296982,50.0780742,0],[36.7238617,50.0773031,0],[36.715107,50.0771929,0],[36.7103004,50.0759811,0],[36.7063522,50.0730065,0],[36.703434,50.071464,0],[36.6987991,50.0711335,0],[36.6895294,50.0719047,0],[36.6835213,50.0710233,0],[36.6761398,50.0697011,0],[36.6696167,50.0677178,0],[36.6591454,50.0673873,0],[36.6383743,50.0655141,0],[36.6340828,50.066065,0],[36.6275597,50.0669465,0],[36.6203499,50.0688197,0],[36.6141701,50.0683789,0],[36.5946007,50.0716844,0],[36.5880775,50.0717945,0],[36.5812111,50.0708029,0],[36.5710831,50.063751,0],[36.5662766,50.0624286,0],[36.5590668,50.0616572,0],[36.5394974,50.061547,0],[36.531086,50.061547,0],[36.5283394,50.0611062,0],[36.5140915,50.0553754,0],[36.5037918,50.0514075,0],[36.4929771,50.0461164,0],[36.4885139,50.0449038,0],[36.4807892,50.0436912,0],[36.4680862,50.0407146,0],[36.4536667,50.0367455,0],[36.4402771,50.032776,0],[36.433239,50.0292474,0],[36.4287758,50.0258288,0],[36.4243126,50.0209761,0],[36.4207077,50.0171156,0],[36.4150429,50.0135858,0],[36.4085197,50.0101661,0]]},"properties":{"name":"т2104","tessellate":true}},
{"type":"Feature","geometry":{"type":"LineString","coordinates":[[32.67113,49.476553,0],[32.696182,49.477062,0],[32.706664,49.476184,0],[32.714222,49.478456,0],[32.720976,49.480492,0],[32.731737,49.479648,0],[32.734376,49.480387,0],[32.755652,49.490891,0],[32.778826,49.502214,0],[32.784147,49.503503,0],[32.79184,49.503796,0],[32.8099823,49.5028062,0],[32.815282,49.503008,0],[32.826065,49.504088,0],[32.8324699,49.503921,0],[32.855998,49.502576,0],[32.860811,49.501406,0],[32.8683472,49.4973435,0],[32.912046,49.472517,0],[32.931481,49.460299,0],[32.932989,49.457406,0],[32.934805,49.448968,0],[32.937613,49.445459,0],[32.941689,49.439878,0],[32.9667091,49.4069523,0],[33.0142593,49.3410068,0],[33.0283356,49.3235556,0],[33.046521,49.3016,0],[33.063365,49.286624,0],[33.068952,49.282511,0],[33.079319,49.266296,0],[33.11871,49.244791,0],[33.122428,49.243644,0],[33.132396,49.241542,0],[33.139804,49.239898,0],[33.146919,49.234649,0],[33.147102,49.230171,0],[33.148132,49.226398,0],[33.151206,49.22142,0]]},"properties":{"name":"Н08","tessellate":true,"description":"(http://routes.in.ua/natsionalnyie/borispol-zaporozhe-n-08/)"}},
{"type":"Feature","geometry":{"type":"LineString","coordinates":[[32.6685333,49.4770479,0],[32.6626968,49.4777171,0],[32.6503372,49.4761556,0],[32.5923157,49.4732555,0],[32.5785828,49.4728093,0],[32.5621033,49.4750402,0],[32.5521469,49.4757094,0],[32.5263977,49.4848549,0],[32.5095749,49.4888694,0],[32.4992752,49.4922146,0],[32.4834824,49.5009111,0],[32.4752426,49.5051472,0],[32.4656296,49.5075996,0],[32.45224,49.509383,0],[32.4391937,49.5082684,0],[32.4127579,49.5073767,0],[32.4052048,49.5080455,0],[32.3859787,49.514733,0],[32.3763657,49.5171849,0],[32.3461533,49.5211968,0],[32.3392868,49.5240941,0],[32.333107,49.5281054,0],[32.3289871,49.5336761,0],[32.3248672,49.5359042,0],[32.3176575,49.5441474,0],[32.3114777,49.5481571,0],[32.3056412,49.5532801,0],[32.2953415,49.5666419,0],[32.289505,49.5724309,0],[32.2733688,49.5851197,0],[32.2618675,49.5929095,0],[32.246933,49.603368,0],[32.2293377,49.6145473,0],[32.225132,49.617161,0],[32.2209263,49.6191073,0],[32.218523,49.6207755,0],[32.2156048,49.6245564,0],[32.2136307,49.626558,0],[32.2119999,49.62767,0],[32.20891,49.6285039,0],[32.2039318,49.6295602,0],[32.1998978,49.6305053,0],[32.1973228,49.631506,0],[32.1950912,49.6326179,0],[32.1874523,49.6352306,0],[32.1793842,49.637732,0]]},"properties":{"name":"н-08","tessellate":true,"description":"(http://routes.in.ua/natsionalnyie/borispol-zaporozhe-n-08/)"}},
{"type":"Feature","geometry":{"type":"LineString","coordinates":[[32.1123505,49.6549605,0],[32.1236801,49.6303942,0],[32.128315,49.6174947,0],[32.1290016,49.6080403,0],[32.1271133,49.6018105,0],[32.1137238,49.6010317,0],[32.1080589,49.5993629,0],[32.0783615,49.5690911,0],[32.073555,49.5628564,0],[32.0744133,49.5587366,0],[32.0785332,49.5527232,0],[32.0922661,49.5413627,0],[32.0960426,49.5372411,0],[32.0984459,49.530668,0],[32.0977592,49.5255426,0],[32.094841,49.5198595,0],[32.0903778,49.5158475,0],[32.0508957,49.4875313,0],[32.0302963,49.4726977,0],[32.0241165,49.4680404,0],[32.0222282,49.4664507,0]]},"properties":{"name":"н-16","tessellate":true,"description":"http://routes.in.ua/natsionalnyie/zolotonosha-uman-n-16/"}},
{"type":"Feature","geometry":{"type":"LineString","coordinates":[[26.9678307,49.4072874,0],[26.9602776,49.4009203,0],[26.9602776,49.3973454,0],[26.9547844,49.3916474,0],[26.955471,49.3878484,0],[26.9542694,49.3828198,0],[26.9539261,49.3792436,0],[26.9563293,49.3760025,0],[26.9602776,49.3701902,0],[26.9614792,49.3673956,0],[26.9625092,49.361806,0],[26.9630241,49.3566629,0],[26.958046,49.3413424,0],[26.955471,49.33396,0],[26.957016,49.3303802,0],[26.9540977,49.3252339,0],[26.9513512,49.3218773,0],[26.9444847,49.3160586,0],[26.9395065,49.3111346,0],[26.9329834,49.3039716,0],[26.9300652,49.3017329,0],[26.9283485,49.2963597,0],[26.9228554,49.2779967,0],[26.9110107,49.2625396,0],[26.8962479,49.2430434,0],[26.8744469,49.2170365,0],[26.8612289,49.200663,0]]},"properties":{"name":"н-03","tessellate":true,"description":"http://routes.in.ua/natsionalnyie/zhitomir-chernovtsyi-n-03/"}},
{"type":"Feature","geometry":{"type":"LineString","coordinates":[[26.8610573,49.1990927,0],[26.8610573,49.1976344,0],[26.8629456,49.1935961,0],[26.8622589,49.1905671,0],[26.858139,49.1841719,0],[26.8577957,49.1794592,0],[26.8567657,49.1755315,0],[26.8541908,49.1736237,0],[26.8507576,49.1730626,0],[26.8538475,49.164308,0],[26.8560791,49.1580217,0],[26.8567657,49.153531,0],[26.8665504,49.1458959,0],[26.8686104,49.1425271,0],[26.8892097,49.121523,0],[26.8928146,49.1152313,0],[26.8993378,49.1047808,0],[26.8983078,49.0992738,0],[26.9053459,49.0943281,0],[26.9075775,49.086459,0],[26.9099808,49.0766771,0],[26.9171906,49.0622819,0],[26.9161606,49.0596948,0],[26.9096375,49.0512577,0],[26.8890381,49.0246997,0],[26.8864632,49.0199718,0],[26.8854332,49.0187334,0],[26.8813133,49.0174951,0],[26.8789101,49.0117531,0],[26.8656921,48.9786397,0],[26.8646622,48.9750341,0],[26.8643188,48.9414453,0],[26.8636322,48.8966625,0]]},"properties":{"name":"н-03","tessellate":true,"description":"http://routes.in.ua/natsionalnyie/zhitomir-chernovtsyi-n-03/"}},
{"type":"Feature","geometry":{"type":"LineString","coordinates":[[26.8400288,48.8775866,0],[26.8372822,48.8773044,0],[26.836338,48.876006,0],[26.8337631,48.8760625,0],[26.8317032,48.8760625,0],[26.8299007,48.8752722,0],[26.8199444,48.8676507,0],[26.8161678,48.8645454,0],[26.8130779,48.8608751,0],[26.8081856,48.8546634,0],[26.8056107,48.8528562,0],[26.7910194,48.8437627,0],[26.788702,48.8426329,0],[26.77145,48.8377183,0],[26.7675877,48.8344416,0],[26.7621803,48.8295261,0],[26.7563438,48.8254577,0],[26.7478466,48.8163028,0],[26.7414093,48.8094072,0],[26.7317104,48.7990054,0],[26.7175484,48.7889974,0],[26.7062187,48.7813628,0],[26.7051029,48.7792136,0],[26.6973782,48.7746321,0],[26.6826153,48.7661468,0],[26.6792679,48.7645627,0],[26.6663074,48.7569244,0],[26.6596985,48.752935,0],[26.6575527,48.7516335,0],[26.6565657,48.7512939,0],[26.6550636,48.7512939,0],[26.6539907,48.7518598,0],[26.6529608,48.752454,0],[26.6521025,48.7523691,0],[26.6509438,48.7518598,0],[26.6493559,48.751011,0],[26.6464376,48.7501904,0],[26.6430473,48.7474739,0],[26.6412878,48.7445309,0],[26.6405582,48.7440498,0],[26.6368246,48.743314,0],[26.6357946,48.7437385,0],[26.6345501,48.7451252,0],[26.6339922,48.7453798,0],[26.6334772,48.7451817,0],[26.6336918,48.7437385,0],[26.6332626,48.7433706,0],[26.632061,48.7432574,0],[26.6306877,48.7443045,0],[26.6266966,48.7464835,0],[26.6253662,48.7470494,0],[26.6233921,48.7473607,0],[26.6212034,48.7470777,0],[26.619916,48.7465684,0],[26.6188002,48.7458609,0],[26.6152382,48.7420971,0],[26.6098738,48.7362952,0],[26.6060972,48.7310587,0],[26.6014624,48.7247742,0],[26.5962696,48.7174696,0],[26.58494,48.7016111,0],[26.5924072,48.6880141,0],[26.5922356,48.6729397,0],[26.5728378,48.6549126,0],[26.567688,48.651624,0],[26.5630531,48.6512838,0],[26.5491486,48.6554796,0],[26.544342,48.6575207,0],[26.5379906,48.6563868,0],[26.5328407,48.6543457,0],[26.5331841,48.6381269,0],[26.534214,48.6228107,0]]},"properties":{"name":"н-03","tessellate":true,"description":"http://routes.in.ua/natsionalnyie/zhitomir-chernovtsyi-n-03/"}},
{"type":"Feature","geometry":{"type":"LineString","coordinates":[[25.5247164,50.2598409,0],[25.5226994,50.2584005,0],[25.521369,50.2574402,0],[25.5199957,50.2546689,0],[25.5196524,50.2540927,0],[25.5164337,50.2511566,0],[25.5145025,50.2500864,0],[25.5117989,50.2490161,0],[25.5106831,50.248824,0],[25.5067348,50.2487417,0],[25.5055761,50.2485222,0],[25.5045462,50.2480282,0],[25.5036449,50.2473147,0],[25.4992247,50.2441311,0],[25.4977655,50.2430882,0],[25.4921007,50.2400416,0],[25.489397,50.2385046,0],[25.4886675,50.2376811,0],[25.4845476,50.2311753,0],[25.4834747,50.2296379,0],[25.480814,50.2270847,0],[25.4794836,50.2259316,0],[25.4781961,50.2252726,0],[25.4744625,50.2238174,0],[25.4701281,50.2221151,0],[25.4693985,50.2215385,0],[25.4687977,50.2207422,0],[25.468626,50.2198086,0],[25.466609,50.2145087,0],[25.4658794,50.2137397,0],[25.4650211,50.2130806,0],[25.4638624,50.212394,0],[25.4565668,50.2080821,0],[25.4546785,50.206956,0],[25.4536486,50.2064066,0],[25.4526186,50.2059672,0],[25.4504728,50.2054178,0],[25.4430056,50.2034401,0],[25.427556,50.1993197,0],[25.4177928,50.1966824,0],[25.416913,50.1962291,0],[25.4162049,50.1952675,0],[25.4155397,50.1941205,0],[25.4141772,50.1914898,0],[25.4124928,50.1883987,0],[25.4118276,50.1871828,0],[25.4112375,50.1865989,0],[25.4099286,50.1859875,0],[25.4085875,50.1852525,0],[25.4068601,50.183851,0],[25.4044032,50.1824564,0]]},"properties":{"name":"М-06","tessellate":true,"description":"http://routes.in.ua/international/kiev-chop-m-06/"}},
{"type":"Feature","geometry":{"type":"LineString","coordinates":[[25.2075291,50.1185143,0],[25.2047396,50.1171384,0],[25.1986456,50.1133408,0],[25.1935816,50.1102034,0],[25.1924229,50.1094052,0],[25.1889896,50.1061574,0],[25.1856852,50.10346,0],[25.1795483,50.0985876,0],[25.1762867,50.0959998,0],[25.1749134,50.0947885,0],[25.1743555,50.0932742,0],[25.1734114,50.0891718,0],[25.1727247,50.0863082,0],[25.1701498,50.0781568,0],[25.1681757,50.0719874,0],[25.1677036,50.070858,0],[25.1665449,50.069646,0],[25.1638842,50.0684891,0],[25.1616096,50.0677454,0],[25.1565027,50.0663956,0],[25.1541853,50.0654039,0],[25.1523829,50.0638612,0],[25.1508379,50.061299,0],[25.1500976,50.0600662,0]]},"properties":{"name":"М-06","tessellate":true,"description":"http://routes.in.ua/international/kiev-chop-m-06/"}},
{"type":"Feature","geometry":{"type":"LineString","coordinates":[[25.150001,50.0599766,0],[25.1490784,50.0583235,0],[25.1458383,50.0528404,0],[25.1415896,50.0458546,0],[25.1362038,50.0369522,0],[25.1345301,50.0341819,0],[25.1298738,50.0265732,0],[25.1250672,50.0186323,0],[25.1203036,50.0107453,0],[25.1172352,50.0057945,0]]},"properties":{"name":"М-06","tessellate":true,"description":"http://routes.in.ua/international/kiev-chop-m-06/"}},
{"type":"Feature","geometry":{"type":"LineString","coordinates":[[25.1170635,50.0056152,0],[25.1110983,49.995795,0],[25.10818,49.991022,0],[25.1073647,49.9901667,0],[25.1047897,49.9885112,0],[25.0967646,49.9832684,0],[25.085392,49.975762,0],[25.083847,49.9747132,0],[25.0817442,49.973968,0],[25.0690413,49.9705454,0],[25.0532484,49.9662669,0],[25.0378418,49.962126,0],[25.0259542,49.9588682,0],[25.0238943,49.9584817,0],[25.0209332,49.9586473,0],[25.0032949,49.9617947,0],[25.00072,49.9622088,0],[24.9897766,49.9632855,0],[24.9877167,49.9637548,0],[24.9807215,49.9659356,0],[24.9753356,49.9676609,0],[24.9732971,49.9680612,0],[24.9711943,49.9680888,0],[24.9683404,49.9676747,0],[24.9565601,49.9659356,0],[24.9486637,49.9647762,0],[24.9466681,49.9647624,0],[24.9435997,49.9650246,0],[24.9417973,49.9650661,0],[24.9384928,49.9645553,0],[24.936862,49.9643345,0],[24.9352098,49.9642931,0],[24.933064,49.964583,0],[24.9295235,49.9651903,0],[24.9266267,49.9662255,0],[24.9249744,49.9673158,0],[24.923923,49.9683234,0],[24.9209619,49.9721463,0],[24.9187517,49.975003,0],[24.917593,49.9762864,0],[24.9157476,49.9774869,0],[24.9136448,49.9785632,0],[24.9111986,49.9792808,0],[24.907701,49.9798879,0],[24.9011779,49.980771,0],[24.8989248,49.9810194,0],[24.8974872,49.9810194,0],[24.8956418,49.9808952,0],[24.8925734,49.9803847,0],[24.8893762,49.9791014,0],[24.8875523,49.9780389,0],[24.8851919,49.9760794,0],[24.8825097,49.9735816,0],[24.875493,49.9682406,0],[24.8730898,49.9667224,0],[24.8702574,49.9654801,0],[24.8679185,49.9648176,0],[24.8645711,49.9643897,0],[24.8622751,49.9642931,0],[24.8592496,49.9644725,0],[24.8522329,49.9651075,0],[24.8504949,49.9651489,0],[24.8486066,49.9650384,0],[24.8462033,49.9647072,0],[24.8429847,49.9641413,0],[24.8397017,49.9638238,0],[24.8356891,49.9634925,0],[24.8329854,49.9634649,0],[24.8311186,49.9637272,0],[24.8241019,49.9652731,0],[24.8182654,49.9666257,0],[24.81318,49.9677851,0],[24.8010993,49.9705868,0],[24.7870016,49.9739128,0],[24.7842979,49.974589,0],[24.7826672,49.975003,0],[24.7811651,49.9754998,0],[24.7787404,49.9763968,0],[24.7750926,49.9780527,0],[24.7682691,49.9810884,0],[24.7653294,49.9820818,0],[24.7632694,49.9825234,0],[24.7607589,49.9828269,0],[24.7529697,49.9828959,0],[24.7387218,49.9828821,0],[24.7208261,49.9829235,0]]},"properties":{"name":"М-06","tessellate":true,"description":"http://routes.in.ua/international/kiev-chop-m-06/"}},
{"type":"Feature","geometry":{"type":"LineString","coordinates":[[23.8717461,49.2732929,0],[23.8754797,49.2715008,0],[23.8750505,49.2708848,0],[23.8726902,49.2689527,0],[23.875823,49.2673005,0],[23.8758659,49.2665164,0],[23.8750076,49.2653682,0],[23.8709736,49.2625957,0],[23.8681841,49.2607472,0],[23.8623047,49.2534088,0],[23.8595581,49.2498512,0],[23.8556528,49.2467136,0],[23.8519621,49.2443602,0],[23.849473,49.2429594,0],[23.8477564,49.242427,0],[23.845396,49.2418667,0],[23.8437223,49.24083,0],[23.8426924,49.2399894,0],[23.8392162,49.2386725,0],[23.8360405,49.236655,0],[23.8320065,49.2351979,0],[23.830204,49.2338809,0],[23.8265133,49.2314709,0],[23.8253546,49.2309665,0],[23.8231659,49.2305461,0],[23.8208055,49.2300136,0],[23.8162136,49.2268748,0],[23.8114071,49.2233993,0],[23.809433,49.2224183,0],[23.8080597,49.2219979,0],[23.8038111,49.2218578,0],[23.8017941,49.2215775,0],[23.7994337,49.2207366,0]]},"properties":{"name":"М-06","tessellate":true,"description":"http://routes.in.ua/international/kiev-chop-m-06/"}},
{"type":"Feature","geometry":{"type":"LineString","coordinates":[[23.7992835,49.2206945,0],[23.7963009,49.2189987,0],[23.791151,49.2157049,0],[23.7766027,49.2065513,0],[23.7677622,49.2008593,0],[23.7636852,49.1983916,0],[23.7610674,49.1968773,0],[23.7548018,49.1926425,0],[23.7525702,49.1910158,0],[23.7472057,49.1868086,0],[23.7398243,49.1811423,0],[23.7353182,49.1776357,0],[23.7256622,49.1702007,0],[23.7194824,49.1655427,0],[23.7169504,49.1634942,0],[23.709054,49.1557203,0],[23.7073374,49.1540082,0],[23.7025738,49.1493768,0],[23.6929607,49.140225,0],[23.6865234,49.1341883,0],[23.6815023,49.129864,0],[23.6787987,49.1275893,0],[23.6763525,49.1248652,0],[23.6732197,49.1216073,0],[23.6728281,49.1212562,0],[23.6720824,49.1207436,0],[23.6714226,49.1204066,0],[23.6704141,49.1198694,0],[23.6699688,49.1193393,0],[23.6697757,49.1189215,0],[23.6695987,49.1176681,0],[23.6693519,49.1172257,0],[23.6687511,49.1164708,0],[23.6681288,49.1159476,0],[23.6675978,49.1155333,0],[23.6665463,49.1150768,0],[23.6633867,49.1136688,0],[23.6624587,49.113279,0],[23.6599481,49.1125487,0],[23.652395,49.1103996,0],[23.6455822,49.1084612,0],[23.6369991,49.1059749,0],[23.634553,49.1053427,0],[23.6303687,49.1043875,0],[23.6274505,49.1040503,0],[23.6218071,49.1034041,0],[23.6161423,49.1027719,0],[23.615005,49.1027157,0],[23.6136103,49.1028422,0],[23.6114216,49.1033339,0],[23.6104989,49.1037272,0],[23.6096191,49.1044718,0],[23.6075592,49.1075622,0],[23.6071515,49.1079836,0],[23.6061859,49.1084331,0],[23.6036325,49.1094726,0],[23.6019802,49.1100344,0],[23.6005211,49.1102311,0],[23.5983324,49.1099923,0],[23.5929036,49.1090371,0],[23.5920238,49.1085034,0],[23.5915089,49.1078432,0],[23.591187,49.1060311,0],[23.5906506,49.1022662,0],[23.590436,49.1014654,0],[23.589642,49.1001448,0],[23.5861015,49.0933586,0],[23.5831833,49.0877238,0],[23.5827541,49.0872319,0],[23.5817671,49.086445,0],[23.5757589,49.0815402,0],[23.571403,49.0779562,0],[23.5650516,49.0727835,0],[23.5613179,49.0696347,0],[23.5580349,49.0669496,0],[23.5533142,49.0629849,0],[23.5519624,49.0622257,0],[23.5479712,49.0601869,0],[23.5384655,49.0552655,0],[23.5340881,49.0533109,0],[23.5327578,49.0528468,0],[23.5294747,49.0520874,0],[23.5279298,49.0512015,0],[23.5256553,49.0493029,0],[23.5240889,49.0485294,0],[23.5220075,49.0475309,0],[23.5189819,49.0465745,0],[23.5161281,49.0459416,0],[23.5142183,49.0452525,0],[23.5127163,49.0440148,0],[23.5108066,49.0431286,0],[23.5059142,49.0413423,0],[23.5046697,49.0407797,0],[23.5033178,49.0398513,0],[23.5023737,49.0384447,0],[23.5019231,49.0372349,0],[23.5017085,49.0357719,0],[23.5017943,49.0326911,0],[23.5018802,49.0302854,0],[23.5018587,49.028991,0],[23.5014725,49.0284282,0],[23.5002279,49.0274715,0],[23.4983826,49.0260645,0],[23.497653,49.0256002,0],[23.4944344,49.0244323,0],[23.4880614,49.0222795,0],[23.4831262,49.0204502,0],[23.479414,49.0192119,0],[23.4770751,49.0181002,0],[23.4763455,49.0176358,0],[23.4751868,49.0158767,0],[23.4737492,49.0111902,0],[23.4732342,49.0099375,0],[23.4726977,49.0093464,0],[23.4708095,49.0084597,0],[23.4693289,49.0076855,0],[23.4688139,49.006461,0],[23.4684706,49.0047718,0],[23.467977,49.0041243,0],[23.4655094,49.0031671,0],[23.4649301,49.0030264,0]]},"properties":{"name":"М-06","tessellate":true,"description":"http://routes.in.ua/international/kiev-chop-m-06/"}},
{"type":"Feature","geometry":{"type":"LineString","coordinates":[[23.4648013,49.0030264,0],[23.4636641,49.0031953,0],[23.4579134,49.0047718,0],[23.4551668,49.0054616,0],[23.4529567,49.0056868,0],[23.4501243,49.0057712,0],[23.4425282,49.0064328,0],[23.4377646,49.006841,0],[23.4353399,49.0075307,0],[23.4300828,49.0090227,0],[23.4286237,49.0093182,0],[23.4270144,49.0093323,0],[23.4252763,49.0088115,0],[23.4209204,49.0069677,0],[23.4175944,49.0053349,0],[23.4160709,49.0043214,0],[23.4140968,49.0031108,0],[23.4122729,49.0006051,0],[23.4115863,48.9996479,0],[23.4108567,48.9992818,0],[23.4092045,48.998775,0],[23.4081316,48.9984372,0],[23.4057283,48.9980711,0],[23.40487,48.9977192,0],[23.4042263,48.997142,0],[23.4038186,48.9962691,0],[23.4036899,48.9955652,0],[23.4039259,48.9943122,0],[23.4036469,48.9936645,0],[23.4022522,48.9914963,0],[23.4015656,48.9909612,0],[23.4003639,48.9902009,0],[23.3996987,48.9892857,0],[23.3986688,48.9875397,0],[23.398025,48.9869482,0],[23.3975315,48.986047,0],[23.3971882,48.9851036,0],[23.3969092,48.9843009,0],[23.3964801,48.9838785,0],[23.3954287,48.9833152,0],[23.3921456,48.9818083,0],[23.3919954,48.9814,0],[23.3921671,48.9806536,0],[23.3925319,48.9787805,0],[23.3922958,48.9779214,0],[23.3919954,48.9771327,0],[23.39221,48.9746961,0],[23.3920383,48.9741609,0],[23.3913517,48.9735271,0],[23.3895707,48.9716115,0],[23.3888197,48.9711467,0],[23.3880043,48.9705128,0],[23.3877683,48.9699634,0],[23.3873177,48.9693155,0],[23.3865452,48.9685689,0],[23.3849573,48.9670616,0],[23.3839273,48.9661601,0],[23.3825326,48.9646387,0],[23.381803,48.9639061,0],[23.3813095,48.9625818,0],[23.3808804,48.9622578,0],[23.3783054,48.9617365,0],[23.376224,48.9612857,0],[23.3755159,48.961173,0],[23.3730054,48.960694,0],[23.3679843,48.9598628,0],[23.3672976,48.9597219,0],[23.3661604,48.9589752,0],[23.3649588,48.9582989,0],[23.3637571,48.957848,0],[23.3621478,48.9573267,0],[23.3612895,48.9569745,0],[23.3602595,48.9561009,0],[23.3585,48.954706,0],[23.3577061,48.954241,0],[23.3565688,48.9535365,0],[23.3553672,48.9524938,0],[23.3542299,48.951451,0],[23.3530712,48.9510706,0],[23.3499169,48.9506337,0],[23.3457112,48.9502251,0],[23.3421922,48.9495628,0],[23.3408833,48.9493091,0],[23.3396387,48.9492527,0],[23.3368707,48.9481254,0],[23.3356261,48.9475053,0],[23.3353043,48.9468853,0],[23.3352184,48.945631,0],[23.3350468,48.9446586,0],[23.3342528,48.9439398,0],[23.3332229,48.943066,0],[23.3323646,48.9417412,0],[23.3307552,48.9395989,0],[23.329618,48.9388096,0],[23.3268499,48.9372591,0],[23.3261847,48.9367376,0],[23.3253479,48.9356664,0],[23.3246183,48.9350321,0],[23.3229017,48.9345246,0],[23.3222365,48.9336929,0],[23.3214211,48.9325652,0],[23.3197689,48.9311555,0],[23.3186102,48.9300983,0],[23.3180952,48.929041,0],[23.31743,48.9280118,0],[23.3169794,48.9275466,0],[23.3157134,48.926884,0],[23.3150911,48.9262214,0],[23.314147,48.9251499,0],[23.3134818,48.9246564,0],[23.3118725,48.9241207,0],[23.3106709,48.9237682,0],[23.3100271,48.9232606,0],[23.3091688,48.9220481,0],[23.3079672,48.9202151,0],[23.3070016,48.9187064,0],[23.3062506,48.9182552,0],[23.3036327,48.9174091,0],[23.3020663,48.9165913,0],[23.3009934,48.9156606,0],[23.2997918,48.9146876,0],[23.2979035,48.9136582,0],[23.2968092,48.912121,0],[23.2956719,48.9112044,0],[23.2934189,48.9094133,0],[23.2926679,48.9083556,0],[23.2924962,48.9069734,0],[23.2932472,48.9057887,0],[23.2944274,48.9047168,0],[23.2964659,48.9040539,0],[23.2995558,48.9033345,0],[23.3011222,48.9025587,0],[23.3020663,48.9013457,0],[23.3023024,48.899512,0],[23.3032036,48.8968036,0],[23.3034182,48.8958302,0],[23.3030534,48.8948145,0],[23.3013368,48.8937141,0],[23.3005643,48.8930934,0],[23.2998991,48.8916967,0],[23.2983112,48.8904128,0],[23.2954144,48.8890302,0],[23.2933331,48.8876616,0],[23.2930541,48.8872666,0],[23.2932901,48.886674,0],[23.293891,48.8857145,0],[23.2938695,48.8851642,0],[23.2934189,48.8843458,0],[23.2931185,48.8838802,0],[23.292582,48.8818483,0],[23.2920456,48.8813826,0],[23.2912087,48.8811851,0],[23.2891703,48.8809452,0],[23.2878613,48.8808182,0],[23.28578,48.8810863,0],[23.2841921,48.8815943,0],[23.2824111,48.8829066,0],[23.2816815,48.8831606,0],[23.2793856,48.8834851,0],[23.2782698,48.8838802,0],[23.2772613,48.8850655,0],[23.2762098,48.8855875,0],[23.2714677,48.8868151,0],[23.2651591,48.8880002,0],[23.2624125,48.8884658,0],[23.2597947,48.8886069,0],[23.2582927,48.8883106,0],[23.2559109,48.8874218,0],[23.254559,48.8871678,0],[23.2512546,48.8874218,0],[23.2502675,48.8878027,0],[23.2485294,48.8886916,0],[23.2481647,48.8892559,0],[23.2481647,48.8908361,0],[23.2476497,48.8913863,0],[23.2465339,48.8917813,0],[23.2419419,48.8931075,0],[23.2401395,48.8937282,0],[23.2393885,48.8941514,0],[23.238337,48.8948145,0],[23.2365561,48.8963522,0],[23.2356119,48.896987,0],[23.2343245,48.89765,0],[23.2285953,48.9004288,0],[23.2256985,48.9016842,0],[23.2242393,48.9022484,0],[23.223145,48.9023754,0],[23.2216859,48.902192,0],[23.2202268,48.9018112,0],[23.218832,48.9016278,0],[23.2169008,48.9016419,0],[23.2150984,48.9017971,0],[23.2138968,48.9016842,0],[23.2117939,48.9009366,0],[23.2103562,48.9002455,0],[23.2069016,48.8995966,0],[23.182354,48.9012893,0],[23.1766891,48.9010636,0],[23.1730843,48.901515,0],[23.1681061,48.9043359,0],[23.1572914,48.9113313,0],[23.1529999,48.9126851,0],[23.1463051,48.9130236,0],[23.1325722,48.9112185,0],[23.1291389,48.908962,0],[23.1277657,48.9042231,0],[23.1274223,48.8963239,0],[23.1263924,48.8948568,0],[23.1226158,48.8930511,0],[23.1221008,48.8909066,0],[23.1233025,48.8858274,0],[23.1245041,48.8810863,0],[23.1248474,48.8789414,0],[23.127594,48.8772479,0],[23.1289673,48.8757802,0],[23.1299973,48.8717157,0],[23.1330872,48.8690057,0],[23.1315422,48.8669732,0],[23.1262207,48.8632467,0],[23.1245041,48.8604234,0],[23.1230879,48.8594917,0],[23.120985,48.8588423,0],[23.119998,48.8579388,0],[23.1193113,48.8569223,0],[23.1181097,48.8562164,0],[23.1160927,48.8561599,0]]},"properties":{"name":"М-06","tessellate":true,"description":"http://routes.in.ua/international/kiev-chop-m-06/"}},
{"type":"Feature","geometry":{"type":"LineString","coordinates":[[22.9715109,48.5654259,0],[22.9729807,48.5650425,0],[22.9746437,48.5640556,0],[22.9763389,48.5630403,0],[22.9772937,48.5626569,0],[22.9805017,48.5623445,0],[22.9834414,48.5619965,0],[22.9855335,48.5614995,0],[22.9873788,48.5609954,0],[22.989074,48.560761,0],[22.9923677,48.5604202,0],[22.9935694,48.5602569,0],[22.9946852,48.5599374,0],[22.9981399,48.5588225,0],[22.9995131,48.5583681,0],[23.0013907,48.5578568,0],[23.0030322,48.5577858,0],[23.0066156,48.558219,0],[23.0090404,48.5584462,0],[23.0107892,48.5583965,0],[23.0134392,48.5581124,0],[23.0165076,48.5578781,0],[23.0190182,48.5580769,0],[23.022666,48.558787,0],[23.0236745,48.5590711,0],[23.0241466,48.5594261,0],[23.0244899,48.5600368,0],[23.025713,48.5636438,0],[23.0267429,48.5666826,0],[23.027451,48.5685143,0],[23.0281806,48.5699058,0],[23.0297041,48.5714676,0],[23.0309916,48.5725325,0],[23.0331588,48.5743498,0],[23.0338883,48.5752584,0],[23.0350041,48.5781971,0],[23.0363131,48.5814906,0],[23.0368495,48.5827114,0],[23.0377293,48.5838044,0],[23.039124,48.5851955,0],[23.04039,48.586331,0],[23.0413127,48.5873671,0],[23.0418921,48.5882613,0],[23.0423212,48.5890846,0],[23.0427933,48.5904897,0],[23.0437803,48.5933708,0],[23.0439949,48.5944777,0],[23.0437803,48.5956272,0],[23.0432653,48.5968477,0],[23.0426216,48.5980965,0],[23.04245,48.598806,0],[23.0427933,48.599402,0],[23.0438018,48.6000973,0],[23.0445957,48.6009204,0],[23.0450678,48.6018427,0],[23.0461621,48.6039853,0],[23.0468273,48.6047373,0],[23.0477285,48.6051488,0],[23.0505395,48.6060143,0],[23.0524385,48.6066741,0],[23.0532753,48.6072345,0],[23.0540586,48.6080503,0],[23.0543482,48.6088165,0],[23.0548632,48.6098663,0],[23.0561292,48.6109871,0],[23.0571055,48.6117391,0],[23.057878,48.612569,0],[23.0581784,48.6133776,0],[23.0580497,48.6140018,0],[23.0575562,48.61447,0],[23.0568695,48.6149948,0],[23.0550885,48.6161297,0],[23.0541229,48.6164985,0],[23.0532002,48.6169099,0],[23.0524707,48.6174206,0],[23.0522561,48.6180447,0],[23.052578,48.6190944,0],[23.0534363,48.6215767,0],[23.0536079,48.6222576,0],[23.0533934,48.6229667,0],[23.0528569,48.6234915,0],[23.0518484,48.6239029,0],[23.0490375,48.624612,0],[23.0476213,48.6250801,0],[23.0468917,48.6254914,0],[23.0460978,48.6261722,0],[23.0458832,48.6272926,0],[23.0459046,48.6290796,0],[23.0460763,48.6300156,0],[23.0469346,48.6312919,0],[23.0484152,48.633334,0],[23.0486298,48.6339012,0],[23.0484366,48.634823,0],[23.0484366,48.6355036,0],[23.0485868,48.6362552,0],[23.0494237,48.6375881,0],[23.0506253,48.6388359,0],[23.0509901,48.6395165,0],[23.0512261,48.6407784,0],[23.0516124,48.6414732,0],[23.0525994,48.642253,0],[23.0535865,48.6430753,0],[23.0541873,48.6441103,0],[23.054359,48.6448192,0],[23.05408,48.6466906,0],[23.0541229,48.6481225,0],[23.054359,48.6491715,0],[23.0548954,48.6509577,0],[23.055625,48.65195,0],[23.0567837,48.6529707,0],[23.0575562,48.6536369,0],[23.0577922,48.6542464,0],[23.0577922,48.6557206,0],[23.056848,48.6574357,0],[23.0562043,48.6582011,0],[23.0552602,48.659009,0],[23.0531359,48.6606673,0],[23.0525351,48.6613901,0],[23.0522132,48.6622688,0],[23.0518699,48.6633176,0],[23.0518913,48.6661095,0],[23.051827,48.6683344,0],[23.0519986,48.6693122,0],[23.0527067,48.6713102,0],[23.0527282,48.672047,0],[23.0524921,48.6728689,0],[23.0518055,48.6739174,0],[23.0506468,48.6749943,0],[23.0493164,48.6761278,0],[23.0483079,48.677063,0],[23.047235,48.6786923,0],[23.0467844,48.6800099,0],[23.0466557,48.6810158,0],[23.0468059,48.6817384,0],[23.047471,48.6833109,0],[23.047514,48.6838917,0],[23.0473208,48.6846426,0],[23.0470848,48.6850959,0],[23.0465484,48.6856767,0],[23.045615,48.6862717,0],[23.0447888,48.6864842,0],[23.0435658,48.6867321,0],[23.0426323,48.6871075,0],[23.042053,48.6874758,0],[23.0408835,48.6889348,0],[23.0397785,48.690415,0],[23.0393493,48.6912083,0],[23.03936,48.6919802,0],[23.0396497,48.6926105,0],[23.0401754,48.6930567,0],[23.0411732,48.6937791,0],[23.043437,48.6954504,0],[23.0440164,48.6960452,0],[23.0443597,48.6967676,0],[23.0443597,48.6973199,0],[23.0440593,48.6985237,0],[23.0437374,48.7008605,0],[23.0437803,48.7023475,0],[23.0442953,48.7045566,0],[23.0451107,48.7073887,0],[23.0458188,48.7084224,0],[23.0466771,48.7093569,0],[23.0481362,48.7110135,0],[23.0491018,48.7123728,0],[23.0498528,48.7136895,0],[23.0500674,48.7145815,0],[23.0498743,48.7152752,0],[23.0494237,48.7158132,0],[23.0484152,48.7164786,0],[23.0477929,48.7169033,0],[23.0471492,48.7174838,0],[23.0467415,48.7182766,0],[23.04672,48.719126,0],[23.0471277,48.7201169,0],[23.0474925,48.7208955,0],[23.0476213,48.7219148,0],[23.0473423,48.723203,0],[23.0471921,48.7241655,0],[23.0474281,48.7249016,0],[23.0477929,48.7261755,0],[23.0477285,48.7273221,0],[23.0480504,48.7285252,0],[23.0499816,48.729431,0],[23.0521488,48.7298132,0],[23.0529857,48.7300255,0],[23.053565,48.7305916,0],[23.0539942,48.731455,0],[23.0545735,48.7326297,0],[23.0553031,48.7334647,0],[23.0560756,48.7340733,0],[23.0570626,48.7344412,0],[23.0587149,48.7346394,0],[23.0606675,48.7349082,0],[23.0625987,48.7352762,0],[23.0640578,48.7354319,0],[23.0665469,48.7354319,0],[23.0681777,48.7355876,0],[23.0701733,48.7363518,0],[23.0747652,48.7382905,0],[23.0766964,48.7392387,0],[23.0777478,48.7400736,0],[23.0793357,48.7419131,0],[23.0798936,48.7427197,0],[23.081181,48.745394,0],[23.0818462,48.746158,0],[23.0825758,48.746625,0],[23.0835843,48.7468796,0],[23.0852795,48.7469645,0],[23.086524,48.7470494,0],[23.0877256,48.7473466,0],[23.089807,48.7480257,0],[23.0915022,48.7485633,0],[23.0924463,48.7490868,0],[23.0933261,48.7499923,0],[23.093605,48.750728,0],[23.0934978,48.7516193,0],[23.0931973,48.7528643,0],[23.0932617,48.7536848,0],[23.0937767,48.7548166,0],[23.0940557,48.7559341,0],[23.0942059,48.7590038,0],[23.094399,48.762243,0],[23.0941629,48.7678864,0],[23.093884,48.7686784,0],[23.0930901,48.7697108,0],[23.0914378,48.7716058,0],[23.0904078,48.7722705,0],[23.0900216,48.7726948,0],[23.0897427,48.7734725,0],[23.0891418,48.7773047,0],[23.0880904,48.7834271,0],[23.0870819,48.7897467,0],[23.0870605,48.7905101,0],[23.0871677,48.7924043,0],[23.0873179,48.7950901,0],[23.087039,48.7959806,0],[23.0865884,48.7965602,0],[23.0854726,48.7975637,0],[23.0833912,48.7988924,0],[23.0821466,48.7997828,0],[23.0816317,48.8004047,0],[23.0812025,48.8015354,0],[23.080945,48.8027226,0],[23.0801725,48.8080929,0],[23.0798292,48.81058,0],[23.0794215,48.8116399,0],[23.0787778,48.8125442,0],[23.0779624,48.8132507,0],[23.076632,48.8142257,0],[23.0752158,48.8151865,0],[23.0727053,48.8166277,0],[23.0712461,48.817645,0],[23.0707955,48.8182243,0],[23.0706453,48.8189731,0],[23.0706668,48.8201317,0],[23.0710316,48.8228725,0],[23.0709243,48.8237484,0],[23.0706024,48.8242993,0],[23.0693364,48.825373,0],[23.0688643,48.8260369,0],[23.0688,48.8271105,0],[23.068521,48.8307126,0],[23.0684566,48.8312353,0],[23.0681777,48.8322099,0],[23.0671692,48.8344981,0],[23.0665684,48.8364189,0],[23.066783,48.8376053,0],[23.0677271,48.8390458,0],[23.0691862,48.8402886,0],[23.0709028,48.8409948,0],[23.0736065,48.8415032,0],[23.0775118,48.842407,0],[23.0798292,48.8437768,0],[23.0838633,48.8463469,0],[23.0844641,48.8468552,0],[23.0850434,48.8480131,0],[23.0857944,48.8484508,0],[23.0873823,48.8488744,0],[23.0891204,48.8499617,0],[23.0896997,48.8506536,0],[23.0901289,48.8517831,0],[23.0901504,48.853901,0],[23.0907726,48.8550022,0],[23.0920386,48.8560046,0],[23.0932403,48.8563293,0],[23.0941629,48.8562023,0],[23.0949354,48.8555246,0],[23.0954719,48.8549034,0],[23.0960512,48.8546634,0],[23.0970168,48.8547481,0],[23.0984116,48.8550446,0],[23.0996776,48.8551999,0],[23.1005788,48.8548893,0],[23.1012869,48.853901,0],[23.1021452,48.852955,0],[23.1027889,48.8526444,0],[23.1042051,48.8529409,0],[23.1053209,48.8538445,0],[23.1059003,48.8547622,0],[23.1064153,48.8550022,0],[23.1075954,48.8549034,0],[23.1093764,48.854381,0],[23.1105781,48.854141,0],[23.1117368,48.8541833,0],[23.1124449,48.8545081,0],[23.1130457,48.8550163,0],[23.1138396,48.855807,0],[23.1145906,48.8561176,0],[23.115921,48.8561458,0]]},"properties":{"name":"М-06","tessellate":true,"description":"http://routes.in.ua/international/kiev-chop-m-06/"}},
{"type":"Feature","geometry":{"type":"LineString","coordinates":[[30.635482,46.529438,0],[30.6297541,46.5256673,0],[30.6204844,46.5195106,0],[30.6139827,46.5154205,0],[30.6121373,46.5140324,0],[30.6108499,46.5123638,0],[30.610249,46.5102816,0],[30.610528,46.5082583,0],[30.6113219,46.5043003,0],[30.6128883,46.4969004,0],[30.6137466,46.4926017,0],[30.614783,46.487186,0],[30.615263,46.486503,0],[30.615019,46.486074,0],[30.6149697,46.4855696,0],[30.6163216,46.4794379,0],[30.6182098,46.4698178,0],[30.6190252,46.4661378,0],[30.620784,46.457275,0],[30.6235099,46.4446291,0],[30.623741,46.443199,0]]},"properties":{"name":"М-25","tessellate":true,"description":"http://routes.in.ua/international/odessa-reni-m-15/"}},
{"type":"Feature","geometry":{"type":"LineString","coordinates":[[30.9436798,47.0837996,0],[30.9362984,47.0792407,0],[30.9356117,47.0750322,0],[30.936985,47.0666141,0],[30.9462547,47.057727,0],[30.9617043,47.0420539,0],[30.9637642,47.0374914,0],[30.9696007,47.0150245,0],[30.9670258,46.9838828,0],[30.972001,46.9679583,0],[30.968914,46.9523715,0],[30.9668541,46.9487389,0],[30.9666824,46.9407697,0],[30.9596443,46.9339715,0],[30.9548378,46.9261174,0],[30.9539795,46.9192001,0],[30.9605026,46.8850695,0],[30.9651375,46.8607779,0],[30.960331,46.8468082,0],[30.9526062,46.8276672,0],[30.9570694,46.808167,0],[30.9579277,46.7998244,0],[30.9397316,46.7787859,0],[30.9206772,46.7564455,0],[30.9193039,46.7516235,0],[30.925827,46.7395077,0],[30.9302902,46.7310368,0],[30.9294319,46.7292718,0],[30.9241104,46.7262124,0],[30.9163857,46.7226822,0],[30.9048843,46.7031439,0],[30.9026527,46.6996122,0]]},"properties":{"name":"Р-55","tessellate":true}},
{"type":"Feature","geometry":{"type":"LineString","coordinates":[[33.302903,47.908185,0],[33.294191,47.8884,0],[33.292689,47.8862,0],[33.291575,47.885415,0],[33.286968,47.884999,0],[33.282585,47.885129,0],[33.280066,47.886564,0],[33.278822,47.887041,0],[33.269836,47.886325,0],[33.251973,47.893257,0],[33.248899,47.894063,0],[33.242274,47.894674,0],[33.24097,47.894642,0],[33.23312,47.892719,0],[33.210872,47.892257,0],[33.19725,47.892079,0],[33.1934738,47.8913126,0],[33.1894398,47.8892407,0],[33.186328,47.887989,0],[33.179546,47.886589,0],[33.1715012,47.8863628,0],[33.155665,47.886222,0],[33.13858,47.884098,0],[33.125038,47.882339,0],[33.112793,47.8807794,0],[33.0906487,47.8766921,0],[33.073139,47.873268,0]]},"properties":{"name":"Н-11","tessellate":true,"description":"http://www.routes.in.ua/natsionalnyie/dnepropetrovsk-nikolaev-n-11/"}},
{"type":"Feature","geometry":{"type":"LineString","coordinates":[[31.1331081,47.2609999,0],[31.1287308,47.2552912,0],[31.1230659,47.2494652,0],[31.1135387,47.2434638,0],[31.100235,47.2346645,0],[31.0942268,47.2320419,0],[31.0893345,47.2314008,0],[31.0678768,47.2262717,0],[31.0389519,47.2192183,0],[31.0258198,47.2151375,0],[31.0021305,47.2030679,0],[30.9799862,47.1905874,0],[30.9707165,47.1832376,0],[30.9636784,47.1771704,0],[30.9605026,47.1719777,0],[30.9572411,47.1648588,0],[30.9512329,47.1612407,0],[30.9501171,47.1596066,0],[30.9508896,47.155988,0],[30.9518337,47.1495091,0],[30.9506321,47.1411028,0],[30.949688,47.138242,0],[30.947113,47.1352059,0],[30.9459114,47.1293668,0],[30.9424782,47.1204317,0],[30.941534,47.1144157,0],[30.942564,47.1112614,0],[30.9446239,47.1078733,0],[30.9449673,47.0981166,0],[30.9474564,47.0919228,0],[30.9473705,47.0887671,0],[30.9460831,47.0864295,0],[30.9441948,47.0841503,0]]},"properties":{"name":"Р-55","tessellate":true}},
{"type":"Feature","geometry":{"type":"LineString","coordinates":[[29.6059227,45.8252705,0],[29.585495,45.8192293,0],[29.569273,45.8124695,0],[29.5515919,45.8055294,0],[29.5288467,45.7963145,0],[29.5024967,45.7856615,0],[29.497776,45.7836265,0],[29.4869614,45.7773413,0],[29.4784641,45.773031,0],[29.4731426,45.7703369,0],[29.459753,45.766565,0],[29.4473076,45.7630922,0],[29.4431877,45.7617749,0]]},"properties":{"name":"М-15","tessellate":true,"description":"http://www.routes.in.ua/international/odessa-reni-m-15/"}},
{"type":"Feature","geometry":{"type":"LineString","coordinates":[[30.635482,46.529438,0],[30.6445599,46.535248,0],[30.6476498,46.5363108,0],[30.6521988,46.5364879,0],[30.655632,46.5376097,0],[30.6583786,46.5388495,0],[30.6626701,46.5418605,0],[30.6692791,46.5421557,0],[30.6752014,46.5421557,0],[30.6805229,46.5435135,0],[30.687561,46.5468193,0],[30.6921959,46.5496527,0],[30.6983757,46.5547879,0],[30.7020664,46.5584472,0],[30.7031822,46.5588013,0],[30.7043839,46.5586242,0],[30.7076454,46.5575619,0],[30.709877,46.5571488,0],[30.715971,46.5567356,0],[30.7221508,46.5564995,0],[30.7249832,46.5559683,0],[30.7299614,46.5559683,0],[30.7334805,46.5561454,0],[30.738802,46.5576799,0],[30.7454109,46.5606898,0],[30.7500458,46.5623423,0],[30.7541656,46.5632275,0],[30.7588005,46.5651158,0],[30.7607746,46.5670042,0],[30.7606888,46.5694235,0],[30.7589722,46.5726097,0],[30.7601738,46.5746748,0],[30.7679844,46.5839961,0],[30.769701,46.5850579,0],[30.7725334,46.5854709,0],[30.77631,46.5854709,0],[30.7802582,46.5843501,0],[30.7855797,46.5821674,0],[30.7907295,46.5866506,0],[30.797596,46.5916644,0],[30.8030033,46.595675,0],[30.8165646,46.6053465,0],[30.8251476,46.6146626,0],[30.8336449,46.6245075,0]]},"properties":{"name":"объездная дорога","tessellate":true}},
{"type":"Feature","geometry":{"type":"LineString","coordinates":[[30.8336556,46.6246181,0],[30.8358979,46.6274179,0],[30.8403075,46.6326857,0],[30.8438694,46.6369954,0],[30.8471954,46.6409732,0],[30.8496308,46.6436691,0],[30.8509719,46.6447519,0],[30.8529782,46.646306,0],[30.8566582,46.6489869,0],[30.8611321,46.6522421,0],[30.8661211,46.6558948,0],[30.8671725,46.656668,0],[30.8681488,46.6575149,0],[30.8694685,46.6587593,0],[30.8703482,46.6597608,0],[30.8712387,46.6609389,0],[30.8722901,46.6627577,0],[30.8728695,46.6640683,0],[30.8737171,46.666093,0],[30.8741355,46.6675803,0],[30.8744252,46.6691926,0],[30.8745646,46.671151,0],[30.8748972,46.6723877,0],[30.8756483,46.6738601,0],[30.8768928,46.6752809,0],[30.8781481,46.6763556,0],[30.8799827,46.6773788,0],[30.8826864,46.6786155,0],[30.8860445,46.6800803,0],[30.8902931,46.6819867,0],[30.8921385,46.6830392,0],[30.8936405,46.684261,0],[30.8948314,46.6858287,0],[30.8961725,46.6881986,0],[30.8981895,46.6919519,0],[30.8992839,46.6939977,0],[30.9003675,46.6957711,0],[30.9017515,46.6970662,0],[30.9037256,46.6983834,0],[30.9063435,46.6994503,0],[30.9091973,46.7001199,0],[30.9157956,46.7008998,0],[30.9234452,46.7018343,0],[30.9352469,46.7033058,0],[30.9415877,46.7040783,0],[30.9476709,46.7047847,0]]},"properties":{"name":"M-14","tessellate":true,"description":"http://routes.in.ua/international/odessa-novoazovsk-m-14/"}},
{"type":"Feature","geometry":{"type":"LineString","coordinates":[[30.9479284,46.7048214,0],[30.9671545,46.7071463,0],[30.9724331,46.7077643,0],[30.9780979,46.707882,0],[30.9834194,46.7074995,0],[30.9865952,46.7070286,0],[30.9923458,46.7056749,0],[30.9999847,46.7027025,0],[31.0162497,46.6954326,0],[31.0323,46.6882206,0],[31.0591221,46.6762967,0],[31.0914373,46.6617784,0],[31.1119509,46.6526472,0],[31.1161995,46.6510564,0],[31.1213064,46.6499075,0],[31.1265421,46.6494951,0],[31.1304474,46.6497897,0],[31.134696,46.650644,0],[31.1434937,46.6531185,0],[31.1507034,46.655151,0],[31.1536217,46.6555929,0],[31.1565828,46.6556223,0],[31.161046,46.6550038,0],[31.1641788,46.6545914,0],[31.1667109,46.6545619,0],[31.1709166,46.6550038,0],[31.1870956,46.6567417,0],[31.1926746,46.6582733,0],[31.1967087,46.6601584,0]]},"properties":{"name":"M-14","tessellate":true,"description":"http://routes.in.ua/international/odessa-novoazovsk-m-14/"}},
{"type":"Feature","geometry":{"type":"LineString","coordinates":[[31.2411261,46.6989352,0],[31.2361479,46.6949322,0],[31.230998,46.6905168,0],[31.2248611,46.6840402,0],[31.2170935,46.677504,0],[31.2067509,46.6686699,0],[31.2019873,46.6649297,0],[31.1988544,46.6618962,0],[31.1967087,46.6601584,0]]},"properties":{"name":"M-14","tessellate":true,"description":"http://routes.in.ua/international/odessa-novoazovsk-m-14/"}},
{"type":"Feature","geometry":{"type":"LineString","coordinates":[[30.199377,48.724054,0],[30.18116,48.688694,0],[30.1749802,48.6857475,0],[30.1550674,48.678494,0],[30.1488876,48.6807608,0],[30.1255417,48.6760003,0],[30.104599,48.6725997,0],[30.1001358,48.6703324,0],[30.0774765,48.641303,0],[30.060482,48.6183852,0],[30.0472641,48.6023819,0],[30.0455475,48.6009062,0],[30.0393677,48.6006791,0],[30.0388527,48.5908019,0],[30.0355911,48.5877362,0],[30.0270081,48.5837618,0],[30.008297,48.5722911,0]]},"properties":{"name":"T0202","tessellate":true}},
{"type":"Feature","geometry":{"type":"LineString","coordinates":[[31.449488,48.5637,0],[31.4826965,48.5610451,0],[31.4912796,48.5590001,0],[31.509304,48.5530918,0],[31.5391731,48.5490011,0],[31.564579,48.546501,0],[31.5954781,48.5452509,0],[31.6032028,48.5446827,0],[31.6311836,48.5374088,0],[31.6466331,48.5386591,0],[31.6533279,48.542637,0],[31.6807938,48.5496829,0],[31.7182159,48.5600226,0],[31.758213,48.5663844,0],[31.7642212,48.5674068,0],[31.7930603,48.5811499,0],[31.8208694,48.582172,0],[31.8538284,48.5700194,0],[31.857605,48.5679748,0],[31.8600082,48.5645668,0],[31.867733,48.5601362,0],[31.8782043,48.5545689,0],[31.9206047,48.5379771,0],[31.9532204,48.5262687,0],[31.9882393,48.5179688,0],[31.9999123,48.5176277,0],[32.0466042,48.5174003,0],[32.0838547,48.5168318,0],[32.1029091,48.517514,0],[32.1047974,48.5162632,0],[32.1094322,48.5162632,0],[32.137413,48.5161495,0],[32.160244,48.5134204,0]]},"properties":{"name":"m-12","tessellate":true,"description":"(http://routes.in.ua/international/stryiy-znamenka-m-12/)"}},
{"type":"Feature","geometry":{"type":"LineString","coordinates":[[32.359895,48.570693,0],[32.3605728,48.5743356,0],[32.3633194,48.575585,0],[32.3682976,48.5737677,0],[32.3720741,48.5745628,0],[32.3849487,48.5793328,0],[32.4048615,48.5853516,0],[32.4386787,48.6043117,0],[32.45327,48.6199739,0],[32.4910355,48.6445923,0],[32.5042534,48.6517374,0],[32.5148964,48.6517374,0],[32.5193596,48.6603555,0],[32.5257111,48.660809,0],[32.5327492,48.6638703,0],[32.5736046,48.6781539,0],[32.5761795,48.6807608,0],[32.5996971,48.7169033,0],[32.6113701,48.721207,0]]},"properties":{"name":"m12","tessellate":true,"description":"(http://routes.in.ua/international/stryiy-znamenka-m-12/)"}},
{"type":"Feature","geometry":{"type":"LineString","coordinates":[[32.310276,48.544569,0],[32.2908783,48.5614427,0],[32.2820377,48.5693379,0],[32.2756863,48.5799575,0],[32.2617817,48.6041414,0],[32.2610092,48.6055035,0],[32.2591209,48.6045954,0],[32.2503662,48.5986925,0],[32.2471046,48.5968761,0],[32.2359467,48.5921644,0],[32.2108841,48.5815474,0],[32.2046185,48.5772886,0],[32.1885681,48.5617267,0],[32.1726894,48.5462169,0],[32.1632481,48.5317822,0],[32.1617031,48.5284287,0],[32.1605873,48.5237107,0],[32.160244,48.5134204,0]]},"properties":{"name":"m-12","tessellate":true,"description":"(http://routes.in.ua/international/stryiy-znamenka-m-12/)"}},
{"type":"Feature","geometry":{"type":"LineString","coordinates":[[25.7711148,50.0537772,0],[25.7759857,50.0441322,0],[25.7742691,50.0412658,0],[25.778389,50.0355326,0],[25.776329,50.0075184,0],[25.7749557,50.0004571,0],[25.7770157,49.9724224,0],[25.766716,49.9585093,0],[25.7639694,49.9503363,0],[25.7581329,49.9485689,0],[25.7567596,49.9470225,0],[25.7478333,49.9182935,0],[25.7509232,49.9103347,0],[25.7498932,49.903038,0],[25.7543564,49.8922015,0],[25.7519531,49.859456,0],[25.7505798,49.8437392,0],[25.7440567,49.8076375,0],[25.7409668,49.7931228,0],[25.7401085,49.788025,0],[25.7425117,49.7760542,0],[25.7425117,49.7531017,0],[25.7380486,49.7473342,0],[25.7328987,49.7355752,0],[25.7325554,49.7133806,0],[25.7320404,49.6915091,0],[25.7303238,49.6893991,0],[25.7049179,49.6697387,0],[25.7016563,49.665739,0],[25.702858,49.6477364,0],[25.7030296,49.6332849,0],[25.6904984,49.6072616,0],[25.691185,49.604258,0],[25.6887817,49.5949123,0],[25.6867218,49.5924644,0],[25.6843185,49.5912403,0],[25.6762505,49.5862326,0],[25.6738472,49.5842294,0],[25.670414,49.5775513,0],[25.6676674,49.5755477,0],[25.6535912,49.5687572,0],[25.6501579,49.5655285,0],[25.6365967,49.5518323,0]]},"properties":{"name":"m-19","tessellate":true,"description":"http://routes.in.ua/international/m-19/"}},
{"type":"Feature","geometry":{"type":"LineString","coordinates":[[26.5189362,50.3281488,0],[26.5069199,50.3226692,0],[26.4983368,50.3185042,0],[26.4914703,50.3134619,0],[26.4791107,50.3106117,0],[26.4811707,50.3046915,0],[26.4619446,50.2858295,0],[26.4612579,50.2774927,0],[26.4423752,50.2647654,0],[26.4413452,50.2612538,0],[26.4365387,50.256425,0]]},"properties":{"name":"р-26","tessellate":true}},
{"type":"Feature","geometry":{"type":"LineString","coordinates":[[26.4365387,50.256425,0],[26.4300156,50.2574127,0],[26.383667,50.2447898,0],[26.3781738,50.2443507,0],[26.3702774,50.2448996,0],[26.3680458,50.2448996,0],[26.3658142,50.2444605,0],[26.3644409,50.2431431,0],[26.3675308,50.2413866,0],[26.3689041,50.2375439,0],[26.3513947,50.2298575,0],[26.3443565,50.2244764,0],[26.3292503,50.2155797,0],[26.3101959,50.1850326,0],[26.3105392,50.1819549,0],[26.3010979,50.1779975,0],[26.2734604,50.1711811,0],[26.2667656,50.1630443,0],[26.2573242,50.1607349,0],[26.2461662,50.1597451,0],[26.2370682,50.1595252,0],[26.2284851,50.1584254,0],[26.2229919,50.1574356,0],[26.2111473,50.1569957,0],[26.2065125,50.1554559,0]]},"properties":{"name":"р-26","tessellate":true}},
{"type":"Feature","geometry":{"type":"LineString","coordinates":[[26.2065125,50.1554559,0],[26.1979294,50.1541361,0],[26.1876297,50.1544661,0],[26.1833382,50.1514963,0],[26.1804199,50.1505064,0],[26.1781883,50.1487464,0],[26.1752701,50.1503964,0],[26.1689186,50.1518263,0],[26.1644554,50.1507264,0],[26.1591339,50.1501764,0],[26.1557007,50.1475364,0],[26.1471176,50.1434661,0],[26.1416245,50.142586,0],[26.1345863,50.1413758,0],[26.1297798,50.1390654,0],[26.1265182,50.137305,0],[26.1229134,50.1348844,0],[26.1170769,50.1326837,0],[26.1091805,50.1310331,0],[26.1072922,50.1296026,0],[26.1107254,50.1243202,0],[26.1093521,50.1209083,0],[26.112442,50.1166156,0],[26.1160469,50.1125427,0],[26.1198235,50.1124326,0],[26.1206818,50.1100107,0],[26.1179352,50.1012028,0],[26.1112404,50.096578,0],[26.1038589,50.0895298,0],[26.0793114,50.067828,0],[26.0760498,50.0651835,0],[26.0717583,50.0641917,0],[26.0655785,50.0640815,0],[26.0612869,50.0645223,0],[26.0545921,50.0649631,0],[26.046524,50.0674975,0],[26.0375977,50.0689299,0],[26.0345078,50.0677178,0],[26.0321045,50.0655141,0],[26.0259247,50.0665058,0],[26.0233498,50.0698113,0],[26.0212898,50.0705826,0],[26.0154533,50.070252,0],[26.0118484,50.0703622,0],[26.0087585,50.0705826,0],[25.9963989,50.0701419,0],[25.9924507,50.0691502,0],[25.983181,50.0665058,0],[25.9634399,50.0683789,0],[25.9526253,50.0667261,0],[25.938549,50.0645223,0],[25.9321976,50.0641917,0],[25.9253311,50.0616572,0],[25.9213829,50.0616572,0],[25.9146881,50.0634204,0],[25.9090233,50.0656242,0],[25.907135,50.0667261,0],[25.8985519,50.0699215,0],[25.8911705,50.070252,0],[25.8829308,50.0697011,0],[25.8786392,50.0712437,0],[25.8606148,50.0812688,0],[25.852375,50.0846835,0],[25.8475685,50.0847937,0],[25.8365822,50.0876574,0],[25.8329773,50.0884284,0],[25.8259392,50.0906311,0],[25.8125496,50.0910716,0],[25.8060265,50.0899703,0],[25.7958984,50.0911267,0],[25.7899761,50.0934394,0],[25.786972,50.0938799,0],[25.7755566,50.0947059,0],[25.77384,50.0941002,0],[25.7721233,50.0912368,0],[25.7692909,50.0904108,0],[25.7602787,50.0878226,0],[25.7591629,50.0866111,0],[25.7586479,50.0849589,0],[25.7568455,50.0834168,0],[25.7563305,50.0812688,0],[25.7540131,50.0798919,0],[25.751524,50.0796716,0],[25.7483053,50.0800846,0]]},"properties":{"name":"р-26","tessellate":true}},
{"type":"Feature","geometry":{"type":"LineString","coordinates":[[26.6556644,50.6151348,0],[26.6658783,50.60721,0],[26.6648483,50.6024163,0],[26.6717148,50.5958786,0],[26.664505,50.5908658,0],[26.665535,50.5849805,0],[26.6624451,50.5703732,0],[26.6452789,50.5324164,0],[26.6377258,50.5138632,0],[26.6401291,50.50906,0],[26.6373825,50.5042563,0],[26.6353226,50.4957395,0],[26.6332626,50.4824152,0]]},"properties":{"name":"р-77","tessellate":true}},
{"type":"Feature","geometry":{"type":"LineString","coordinates":[[26.6334343,50.4820875,0],[26.6344643,50.4660824,0],[26.6318035,50.4510556,0],[26.6359234,50.4500172,0],[26.636095,50.4468472,0],[26.6351509,50.4421465,0],[26.631546,50.4276042,0],[26.6348076,50.4227376,0],[26.6327477,50.4150812,0],[26.6348076,50.4098303,0],[26.6358376,50.4029377,0],[26.63661,50.4012965,0],[26.6361809,50.4003664,0],[26.633606,50.3989439,0],[26.6166115,50.3909006,0],[26.6021061,50.3838958,0],[26.6002178,50.3821445,0],[26.5930939,50.3727845,0],[26.5888023,50.3668173,0],[26.5871716,50.365339,0],[26.579361,50.3549353,0],[26.5773869,50.3524161,0],[26.5748119,50.3458164,0]]},"properties":{"name":"р77","tessellate":true}},
{"type":"Feature","geometry":{"type":"LineString","coordinates":[[38.1864166,49.0356172,0],[38.1668472,49.0294272,0],[38.1491661,49.0286393,0],[38.1285667,49.0260504,0],[38.1165504,49.0253751,0],[38.0817032,49.0244746,0],[38.0272865,49.0228986,0],[38.0084038,49.0225609,0],[37.9982758,49.0234615,0],[37.9780197,49.0224484,0],[37.9587936,49.0197466,0]]},"properties":{"name":"Лінія 263","tessellate":true}},
{"type":"Feature","geometry":{"type":"LineString","coordinates":[[28.7948227,51.3134471,0],[28.7917328,51.3106572,0],[28.7828064,51.2924117,0],[28.7663269,51.2522461,0],[28.7639236,51.2337624,0],[28.7546539,51.218282,0],[28.7343979,51.1987091,0],[28.7103653,51.16815,0],[28.7017822,51.1375707,0],[28.7031555,51.1291686,0],[28.6707115,51.1094499,0]]},"properties":{"name":"р-28","tessellate":true}},
{"type":"Feature","geometry":{"type":"LineString","coordinates":[[31.9855785,46.973957,0],[31.9909859,46.9815113,0],[31.993432,46.9831216,0],[31.9970369,46.983795,0],[31.9982815,46.9861957,0],[31.9981098,46.988889,0],[31.9972944,46.9996315,0],[31.9963932,47.0121277,0],[31.9959641,47.0179504,0]]},"properties":{"name":"Р-06","tessellate":true}},
{"type":"Feature","geometry":{"type":"LineString","coordinates":[[31.9959426,47.0180309,0],[31.995374,47.0194572,0],[31.9939899,47.0223829,0],[31.9927454,47.0251182,0],[31.9918334,47.0269027,0],[31.9909859,47.0279266,0],[31.9897521,47.0289504,0],[31.9867373,47.0308737,0],[31.9812441,47.0344276,0],[31.9753861,47.0382007,0],[31.9695175,47.0419881,0],[31.9650435,47.0448759,0],[31.9637454,47.0458629,0],[31.9588315,47.0499495,0],[31.9561493,47.0524422,0],[31.9535208,47.055271,0],[31.9509995,47.0592692,0],[31.9477594,47.0643852,0],[31.9452059,47.0683022,0],[31.9420838,47.073242,0],[31.9384682,47.0787585,0],[31.936183,47.0822654,0],[31.9325244,47.0876714,0],[31.9313657,47.089052,0],[31.9297135,47.0901039,0],[31.9277823,47.0910462,0],[31.9261515,47.0921346,0],[31.925143,47.0933325,0],[31.9245958,47.094786,0],[31.9247031,47.0961373,0],[31.9252932,47.0976053,0],[31.9267201,47.1001469,0],[31.9269133,47.1014834,0],[31.9262159,47.103521,0],[31.9251215,47.1052736,0],[31.9230616,47.1085524,0],[31.9203687,47.1125538,0],[31.9167316,47.1182123,0],[31.9126654,47.1245928,0],[31.9100475,47.1285858,0],[31.9084167,47.1307537,0],[31.9048548,47.1352862,0],[31.902988,47.1378114,0],[31.9006383,47.1410663,0],[31.8986428,47.1440072,0],[31.8952203,47.1489546,0],[31.893332,47.1518585,0],[31.8917012,47.1552147,0],[31.8908,47.1575055,0],[31.8886971,47.1630352,0],[31.8868089,47.1681412,0],[31.8853712,47.1721236,0],[31.8832684,47.1762223,0],[31.8775821,47.1865918,0],[31.8741274,47.1930517,0],[31.8723679,47.1961719,0],[31.868012,47.2043363,0],[31.8654585,47.2089573,0],[31.8635917,47.2117705,0],[31.8613386,47.2138403,0],[31.8567896,47.2171925,0],[31.8536782,47.218956,0],[31.8495369,47.2207194,0],[31.846211,47.2216667,0],[31.8436146,47.2224682,0],[31.8419409,47.2233718,0],[31.838572,47.2255139,0],[31.8337226,47.2288508,0],[31.830976,47.2308179,0],[31.8277574,47.2336446,0],[31.8260193,47.235291,0],[31.8246031,47.2369519,0],[31.8208909,47.2418177,0],[31.817801,47.2457072,0],[31.8166423,47.247426,0],[31.8151402,47.25031,0],[31.8108273,47.2584806,0],[31.8085742,47.2627911,0],[31.8075442,47.2646623,0]]},"properties":{"name":"Р-06","tessellate":true}},
{"type":"Feature","geometry":{"type":"LineString","coordinates":[[32.1507168,46.963385,0],[32.1459961,46.978437,0],[32.1452236,46.9808379,0],[32.1435928,46.9831216,0],[32.1378422,46.9875716,0],[32.1326065,46.9913772,0],[32.1287441,46.9945971,0],[32.127285,46.9969973,0],[32.127285,47.0041387,0],[32.1237659,47.0132104,0],[32.1242809,47.0173653,0],[32.1229076,47.0229241,0],[32.1209335,47.0277803,0],[32.1164703,47.0312321,0],[32.1125221,47.0328116,0],[32.1037674,47.0348591,0],[32.0991325,47.0359705,0],[32.0961285,47.035795,0],[32.0914936,47.0343911,0],[32.0881462,47.0343326,0],[32.0828247,47.0360875,0],[32.0645428,47.0421708,0],[32.0552731,47.0459141,0],[32.0510674,47.0463235,0],[32.0283222,47.0474347,0],[32.0249748,47.0473762,0],[32.0160484,47.0451538,0],[32.0011139,47.0415859,0],[31.9978523,47.0415859,0],[31.9866943,47.0431067,0],[31.9820595,47.0437501,0],[31.9784975,47.0434576,0],[31.9760513,47.0426973,0],[31.9724464,47.0405916,0]]},"properties":{"name":"М-14","tessellate":true,"description":"http://routes.in.ua/international/odessa-novoazovsk-m-14/"}},
{"type":"Feature","geometry":{"type":"LineString","coordinates":[[31.8069649,47.2656015,0],[31.8031883,47.2738716,0],[31.7992401,47.2795784,0],[31.7946053,47.2850517,0],[31.7910004,47.2870312,0],[31.7865372,47.2948323,0],[31.781044,47.3057751,0],[31.7750359,47.309267,0],[31.769886,47.3122932,0],[31.7638779,47.3148536,0],[31.7470551,47.3245124,0],[31.7434502,47.3261414,0],[31.7398453,47.3268395,0],[31.736412,47.3295156,0],[31.7324638,47.333704,0],[31.726799,47.3362634,0],[31.6986465,47.3501053,0],[31.69384,47.3518499,0],[31.6895485,47.3521988,0],[31.683197,47.3528965,0],[31.6668892,47.3560365,0],[31.6461182,47.3598739,0],[31.64011,47.361153,0],[31.6371918,47.3621995,0],[31.6308403,47.3677805,0],[31.6279221,47.3699895,0],[31.6250038,47.3728959,0],[31.619339,47.3773133,0],[31.6151333,47.3802775,0],[31.6043186,47.3909702,0],[31.5997696,47.3951537,0],[31.5901566,47.4033454,0],[31.581316,47.4107808,0],[31.580286,47.4117102,0],[31.576252,47.413685,0],[31.5596008,47.4216416,0],[31.5572834,47.4228611,0],[31.5553093,47.4248935,0],[31.5469837,47.4352869,0],[31.5438938,47.4388864,0],[31.5376282,47.449219,0],[31.5360832,47.4522371,0],[31.5347958,47.4539202,0],[31.5323925,47.4564738,0],[31.5264702,47.4618707,0],[31.5250111,47.4626831,0],[31.5217495,47.4633794,0],[31.5141964,47.4650621,0],[31.5102482,47.4659325,0],[31.4916229,47.4652942,0],[31.4861298,47.46483,0],[31.47995,47.4653523,0],[31.4748859,47.4657584,0],[31.4726543,47.4667448,0],[31.4693928,47.4674121,0],[31.4667749,47.4686886,0],[31.4642429,47.4707773,0],[31.4614534,47.4721987,0],[31.4585781,47.4757957,0],[31.455617,47.477565,0],[31.4461756,47.486266,0],[31.4342451,47.4971402,0],[31.4313698,47.4996047,0],[31.4296103,47.5014022,0],[31.4280224,47.5038665,0],[31.4253187,47.5085049,0],[31.4229584,47.5104761,0],[31.4217997,47.5113747,0],[31.4202976,47.5137515,0],[31.4187527,47.5189977,0],[31.4184093,47.521722,0],[31.4173794,47.5234608,0],[31.4151478,47.5252286,0],[31.4132595,47.5265906,0],[31.4118004,47.5280105,0],[31.4105988,47.5296332,0],[31.4053202,47.5328496,0],[31.4037752,47.5337188,0],[31.3984108,47.5352255,0],[31.3888407,47.537862,0],[31.3839483,47.5392671,0],[31.3731337,47.5429464,0]]},"properties":{"name":"Р-06","tessellate":true}},
{"type":"Feature","geometry":{"type":"LineString","coordinates":[[31.3725758,47.5432795,0],[31.3716316,47.5438589,0],[31.3649368,47.546524,0],[31.3616753,47.5477985,0],[31.3569546,47.5487834,0],[31.3504314,47.553244,0],[31.3487148,47.5535916,0],[31.3460541,47.5556769,0],[31.3441658,47.5565458,0],[31.3427925,47.5582255,0],[31.3415051,47.5612374,0],[31.336441,47.5702719,0],[31.3347244,47.5721829,0],[31.3269997,47.5813313,0],[31.3197899,47.5907097,0],[31.3174725,47.5939513,0],[31.3179874,47.5995077,0],[31.316185,47.6026329,0],[31.3125801,47.6025172,0],[31.3103485,47.6031538,0]]},"properties":{"name":"Р-06","tessellate":true}},
{"type":"Feature","geometry":{"type":"LineString","coordinates":[[30.0061512,47.1022649,0],[30.006752,47.1020312,0],[30.0100994,47.1012132,0],[30.0190258,47.102148,0],[30.0249481,47.1010379,0],[30.0258064,47.1017975,0],[30.0264931,47.1066465,0],[30.0261497,47.1079901,0],[30.0339603,47.1109109,0],[30.0484657,47.1113199,0],[30.0531006,47.1114367,0],[30.0663185,47.1142405,0],[30.0880337,47.1227094,0],[30.0970459,47.1262134,0],[30.0985909,47.1275566,0],[30.0986767,47.1301259,0],[30.0991917,47.1317025,0],[30.1060581,47.1329288,0],[30.1142979,47.135673,0]]},"properties":{"name":"т1615","tessellate":true}},
{"type":"Feature","geometry":{"type":"LineString","coordinates":[[31.6035461,51.8253547,0],[31.5938902,51.8218268,0],[31.590929,51.8200495,0],[31.5886545,51.8174763,0],[31.5872383,51.8134437,0],[31.5864229,51.8125416,0],[31.5763807,51.8053775,0],[31.5715742,51.8019542,0],[31.5698147,51.8009192,0],[31.5565538,51.7940452,0],[31.5526485,51.7923995,0],[31.5418339,51.7894796,0],[31.5230799,51.7821525,0],[31.5172434,51.7797629,0],[31.5146255,51.7781433,0],[31.5127802,51.7776919,0],[31.510334,51.7763111,0],[31.5093899,51.7751693,0],[31.5043688,51.7715844,0],[31.5014076,51.7681851,0],[31.4906788,51.7667244,0],[31.4827394,51.7666979,0],[31.460681,51.7666182,0],[31.456604,51.7660073,0],[31.449995,51.7659542,0],[31.4468193,51.7660605,0],[31.4391804,51.7682914,0],[31.4349318,51.7683976,0]]},"properties":{"name":"т2512","tessellate":true}},
{"type":"Feature","geometry":{"type":"LineString","coordinates":[[31.4347172,51.7686897,0],[31.4321423,51.7702832,0],[31.4309835,51.7706815,0],[31.4293098,51.770894,0],[31.426692,51.7738416,0],[31.4247179,51.7745055,0],[31.4224863,51.7747976,0],[31.4212847,51.7753021,0],[31.4130449,51.7751693,0],[31.4061785,51.7756208,0],[31.3894415,51.7754614,0],[31.3597441,51.7751693,0],[31.3456249,51.7747179,0],[31.3386297,51.7748241,0],[31.3360548,51.7754349,0],[31.3300467,51.7755145,0],[31.3253689,51.7746383,0],[31.3218069,51.7740275,0],[31.3150263,51.7713985,0],[31.3054991,51.770894,0],[31.3028383,51.7708409,0],[31.298418,51.7712658,0],[31.2933111,51.7718234,0],[31.2901354,51.7726732,0],[31.2844276,51.7750631,0],[31.2789774,51.7763377,0],[31.2757587,51.7767891,0],[31.271596,51.776736,0],[31.2674332,51.7760456,0],[31.2649012,51.7756473,0],[31.2617683,51.775488,0],[31.2567902,51.7741603,0],[31.2517262,51.7715844,0],[31.2506962,51.7714782,0],[31.2403536,51.7737354,0],[31.2357187,51.7731512,0],[31.2293673,51.7717703,0],[31.2262774,51.7714251,0],[31.2222433,51.7715579,0],[31.2182951,51.7722749,0],[31.2153339,51.7735761,0],[31.2132311,51.7744258,0],[31.2103558,51.7749835,0],[31.205163,51.775488,0],[31.1964512,51.7763377,0],[31.1880398,51.7769219,0],[31.1857224,51.777506,0],[31.182332,51.778754,0],[31.1794567,51.7802674,0],[31.1782551,51.7814091,0],[31.1764097,51.7835861,0],[31.1745214,51.78571,0],[31.1733198,51.7863206,0],[31.1704016,51.7872497,0],[31.1664963,51.7877275,0],[31.1582136,51.7885239,0],[31.1464548,51.7896123,0],[31.1330223,51.7903821,0],[31.1269283,51.7906741,0],[31.1205339,51.7915235,0],[31.1201906,51.7912581,0],[31.1188173,51.7839047,0],[31.1175299,51.7831348,0]]},"properties":{"name":"т2512","tessellate":true}},
{"type":"Feature","geometry":{"type":"LineString","coordinates":[[32.846248,46.608737,0],[32.8556442,46.6093562,0],[32.864399,46.6113609,0],[32.8776169,46.6157238,0],[32.8911781,46.6203222,0],[32.9066277,46.6253917,0],[32.9270554,46.6319932,0],[32.9486847,46.6390654,0],[32.9552078,46.641894,0],[32.961731,46.6467258,0],[32.9661942,46.6520286,0],[32.9842186,46.6733521,0],[32.9916,46.6818321,0],[32.9976082,46.6856006,0],[33.002758,46.6872492,0],[33.0096245,46.6885445,0],[33.0199242,46.688309,0],[33.0309105,46.6879557,0],[33.0389786,46.68878,0],[33.069191,46.6959624,0],[33.0990601,46.7022022,0],[33.1093597,46.7044389,0],[33.1129646,46.7044389,0],[33.1170845,46.7033794,0],[33.1208611,46.7013781,0],[33.1230927,46.6990235,0],[33.1260109,46.6932544,0],[33.1331348,46.6790056,0],[33.1353664,46.6748833,0],[33.1376839,46.6725276,0],[33.1415462,46.6707019,0],[33.1448936,46.6701129,0],[33.1502151,46.6701718,0],[33.1554508,46.6704074,0]]},"properties":{"name":"т2206","tessellate":true}},
{"type":"Feature","geometry":{"type":"LineString","coordinates":[[29.4303131,45.7608168,0],[29.3941784,45.7452457,0],[29.3787289,45.7387166,0],[29.375639,45.7373388,0],[29.373064,45.7371591,0],[29.357357,45.7357812,0],[29.3397617,45.7343434,0],[29.324398,45.7330254,0],[29.320364,45.732666,0],[29.3153858,45.7318272,0],[29.3113518,45.7311682,0],[29.3039703,45.7289514,0],[29.2900658,45.7250568,0],[29.2736721,45.720383,0],[29.2507553,45.7150495,0],[29.2357349,45.7115735,0],[29.2329025,45.7109742,0],[29.2304993,45.7110941,0],[29.2269802,45.7122328,0],[29.2216587,45.7148697,0],[29.2141056,45.7226001,0],[29.2119598,45.7236787,0],[29.2039776,45.7258358,0],[29.1977119,45.7260754,0],[29.1953945,45.7265548,0],[29.1892147,45.7283523,0],[29.1843224,45.7311682,0],[29.1790867,45.7305691,0],[29.1671562,45.7291911,0],[29.1660833,45.7294008,0],[29.1643667,45.7306589,0],[29.1632938,45.7308686,0],[29.1621351,45.730599,0],[29.1608477,45.7298801,0],[29.1593885,45.7295805,0],[29.1553974,45.7295206,0],[29.1524792,45.7294307,0],[29.1437244,45.7280227,0],[29.1317511,45.7260754,0],[29.117589,45.7237686,0],[29.1162157,45.7235289,0],[29.1149282,45.7229596,0],[29.1093063,45.7204129,0],[29.0956593,45.7142704,0],[29.0878487,45.7107944,0],[29.0858746,45.7099553,0],[29.0850163,45.7096556,0],[29.078536,45.70543,0],[29.0774846,45.7048456,0],[29.0734076,45.7042163,0],[29.0711975,45.7030624,0],[29.0684938,45.7016387,0],[29.0641165,45.6998854,0],[29.0613914,45.698057,0],[29.060533,45.6976224,0],[29.0568423,45.6969629,0],[29.0466499,45.6952993,0],[29.0367794,45.6937106,0]]},"properties":{"name":"м-15","tessellate":true}},
{"type":"Feature","geometry":{"type":"LineString","coordinates":[[24.0501022,51.1997847,0],[24.0511322,51.1840777,0],[24.0559387,51.1776212,0],[24.078598,51.1558776,0],[24.1053772,51.1308922,0],[24.1187668,51.1231353,0],[24.1410828,51.1123598,0],[24.1671753,51.0778611,0],[24.1805649,51.0625441,0],[24.2258835,51.0392352,0],[24.2660522,51.0167785,0],[24.275322,51.0102986,0],[24.3137741,50.9621029,0],[24.3432999,50.9346327,0]]},"properties":{"name":"т0302","tessellate":true}},
{"type":"Feature","geometry":{"type":"LineString","coordinates":[[30.61409,46.4860424,0],[30.6089401,46.4842694,0],[30.6058502,46.483442,0],[30.5862808,46.4815508,0],[30.576067,46.4805461,0],[30.5748653,46.4804278,0],[30.5611324,46.476586,0],[30.5543518,46.4738079,0],[30.5419922,46.4723301,0],[30.5366707,46.4716799,0],[30.5140114,46.472271,0],[30.5055141,46.4723892,0],[30.4799366,46.4700838,0],[30.4627705,46.4684877,0],[30.440197,46.4662412,0],[30.4244041,46.4649406,0],[30.4199409,46.4648815,0],[30.408268,46.4655318,0],[30.4009724,46.4647632,0],[30.3945351,46.4625166,0],[30.3902435,46.460329,0],[30.3857803,46.4586144,0],[30.3765965,46.4560127,0],[30.3544521,46.4498629,0],[30.3504181,46.448621,0],[30.3446674,46.4457823,0],[30.3034687,46.4269723,0],[30.2837706,46.417772,0],[30.2826977,46.417269,0],[30.2758741,46.4154938,0]]},"properties":{"name":"м-15","tessellate":true,"description":"http://www.routes.in.ua/international/odessa-reni-m-15/"}},
{"type":"Feature","geometry":{"type":"LineString","coordinates":[[26.1979294,48.2036256,0],[26.1954403,48.2047125,0],[26.1937237,48.2048269,0],[26.189003,48.204598,0],[26.1869431,48.204598,0],[26.1858273,48.2053417,0],[26.1849689,48.2074582,0],[26.1829948,48.2079158,0],[26.1805916,48.2082018,0],[26.176815,48.2086594,0],[26.1737251,48.2094029,0],[26.1702919,48.2107757,0],[26.1653996,48.2136355,0],[26.1557007,48.2190114,0],[26.145916,48.2239293,0],[26.1391354,48.2274745,0],[26.1373329,48.2280462,0],[26.1355305,48.2283321,0],[26.1299515,48.2288467,0],[26.1264324,48.2290754,0],[26.1238575,48.2294185,0],[26.1197376,48.2294185,0],[26.1157036,48.229247,0],[26.1108971,48.2301046,0],[26.1081505,48.2307907,0],[26.1039448,48.2326202,0],[26.1011982,48.2329633,0],[26.0953617,48.2341639,0],[26.0904694,48.2353645,0],[26.0861778,48.2356503,0],[26.0776806,48.2382228,0],[26.0746765,48.2391947,0],[26.0570812,48.246054,0],[26.0503864,48.2485689,0],[26.0500431,48.2530839,0],[26.047039,48.2567414,0],[26.0452366,48.2570271,0],[26.0437775,48.2565699,0],[26.0405159,48.2553698,0],[26.0389709,48.2554841,0],[26.0375977,48.2563413,0],[26.0255814,48.2623413,0],[26.0235214,48.2632555,0],[26.0181141,48.2639983,0],[26.0149384,48.2645126,0],[26.0059261,48.2677693,0]]},"properties":{"name":"т2604","tessellate":true,"description":"https://www.youtube.com/watch?v=Dzu3Oeh5n4g"}},
{"type":"Feature","geometry":{"type":"LineString","coordinates":[[26.0059261,48.2677693,0],[25.995369,48.2623984,0],[25.9929657,48.2582843,0],[25.9977722,48.2543983,0],[26.0108185,48.2450252,0],[26.0159683,48.2415955,0],[26.0159683,48.237937,0],[26.0118484,48.2342782,0],[26.0022354,48.231534,0],[25.9939957,48.2230715,0],[25.9881592,48.2210129,0],[25.982666,48.2198692,0]]},"properties":{"name":"м19","tessellate":true,"description":"http://routes.in.ua/international/m-19/"}},
{"type":"Feature","geometry":{"type":"LineString","coordinates":[[25.982151,48.2190686,0],[25.983696,48.2107185,0],[25.983181,48.2087738,0],[25.9811211,48.2067145,0],[25.9783745,48.2046553,0],[25.9759712,48.1987057,0],[25.9768295,48.1951586,0],[25.984726,48.1852023,0],[25.9878159,48.1823409,0],[25.9921074,48.1802807,0],[25.9941673,48.1781058,0],[25.9939957,48.1734125,0],[25.9915924,48.1694056,0],[25.9876442,48.1665434,0],[25.9850264,48.1647115,0],[25.9843397,48.1639386,0],[25.9838676,48.1629654,0],[25.9838247,48.1619635,0],[25.9845972,48.1601314,0],[25.984726,48.1588718,0],[25.984211,48.1575836,0],[25.9821939,48.1539763,0],[25.9806919,48.1513995,0],[25.9803486,48.1500252,0],[25.9803915,48.1483645,0],[25.9821081,48.1442697,0],[25.9848547,48.1381414,0],[25.9855843,48.136824,0],[25.986743,48.1356497,0],[25.9888887,48.134189,0],[25.9918928,48.1323273,0],[25.9937811,48.1308093,0],[25.994854,48.129062,0],[25.9952402,48.1276298,0],[25.9958839,48.1240777,0]]},"properties":{"name":"м19","tessellate":true,"description":"http://routes.in.ua/international/m-19/"}},
{"type":"Feature","geometry":{"type":"LineString","coordinates":[[25.8231068,48.3533402,0],[25.8074856,48.3735845,0],[25.7922935,48.3934218,0],[25.776844,48.4133653,0],[25.7655144,48.4255555,0],[25.7624245,48.4325037,0],[25.7603645,48.4456002,0],[25.7725525,48.4788389,0],[25.7926369,48.5307023,0],[25.8019066,48.5546825,0],[25.8015633,48.5646804,0],[25.8005333,48.566498,0],[25.7938385,48.572064,0],[25.755043,48.6053333,0],[25.7463741,48.6122569,0]]},"properties":{"name":"м-19","tessellate":true,"description":"http://routes.in.ua/international/m-19/"}},
{"type":"Feature","geometry":{"type":"LineString","coordinates":[[25.7463741,48.6122569,0],[25.7436705,48.6155765,0],[25.7411814,48.619293,0],[25.7405806,48.6201441,0],[25.7372332,48.6230377,0],[25.7361603,48.6240589,0],[25.7359672,48.6252219,0],[25.7361817,48.6261438,0],[25.7363963,48.6275904,0],[25.7366753,48.6289803,0],[25.7371473,48.6301999,0],[25.7369113,48.6305687,0],[25.7360101,48.6311643,0],[25.735538,48.6321003,0],[25.7360101,48.6346954,0],[25.735774,48.6351208,0],[25.7352591,48.6357447,0],[25.7350874,48.636638,0],[25.7344866,48.6375881,0],[25.7351732,48.6379851,0],[25.7325339,48.6408209,0],[25.7305384,48.6429052,0],[25.7308173,48.6446916,0],[25.7308817,48.6467048,0],[25.7305384,48.6521485,0],[25.7301736,48.6528006,0],[25.729208,48.6538212,0],[25.7223415,48.6613759,0],[25.7215476,48.6624389,0],[25.7195306,48.6656276,0],[25.7186079,48.6722738,0]]},"properties":{"name":"м19","tessellate":true,"description":"http://routes.in.ua/international/m-19/"}},
{"type":"Feature","geometry":{"type":"LineString","coordinates":[[25.7186079,48.6722738,0],[25.7171488,48.6819225,0],[25.7143593,48.700903,0],[25.7132006,48.7090596,0],[25.7122135,48.7154593,0],[25.7122135,48.7204425,0],[25.7119131,48.7343422,0],[25.7117414,48.7494547,0],[25.711484,48.7607437,0],[25.7112694,48.7742927,0],[25.7111835,48.7791854,0],[25.7108831,48.7817587,0],[25.7104111,48.7852368,0],[25.7091665,48.791853,0],[25.7054329,48.8157941,0],[25.7060337,48.8176026,0],[25.7182217,48.8322946,0],[25.7238007,48.8390741,0],[25.7247448,48.8405993,0]]},"properties":{"name":"м-19","tessellate":true,"description":"http://routes.in.ua/international/m-19/"}},
{"type":"Feature","geometry":{"type":"LineString","coordinates":[[25.7146168,48.7016111,0],[25.740366,48.6941898,0],[25.7722092,48.6852376,0],[25.7784748,48.6845576,0],[25.7918644,48.6776439,0],[25.8000183,48.6735632,0],[25.8037949,48.6723163,0],[25.810318,48.6689154,0],[25.8149529,48.6678384,0],[25.8295441,48.6653442,0],[25.8311749,48.6642671,0],[25.8329773,48.6640971,0],[25.8343506,48.6644372,0],[25.8350372,48.6633601,0],[25.8359814,48.6639837,0],[25.837698,48.6636436,0],[25.8425045,48.6633034,0],[25.843792,48.6613192,0],[25.8449078,48.6610925,0],[25.847311,48.6625664,0],[25.848856,48.6627365,0],[25.8509374,48.6624814,0],[25.8512378,48.6626231,0],[25.8510447,48.6627932,0],[25.8505511,48.6628216,0],[25.8498216,48.6630767,0],[25.8493066,48.6634451,0],[25.849092,48.6636436,0],[25.8499074,48.6634877,0],[25.8506584,48.6632042,0],[25.8522677,48.6632184,0],[25.8530402,48.6632751,0],[25.856216,48.6653442,0],[25.8602285,48.6680651,0],[25.8614302,48.6702474,0],[25.8625031,48.6731665,0],[25.8702278,48.6811008,0],[25.8793259,48.6919802,0],[25.9050751,48.7142983,0],[25.9160614,48.7149779,0],[25.9256744,48.7149779,0],[25.9282494,48.7155442,0],[25.928936,48.7171298,0],[25.9354591,48.7175829,0],[25.9371758,48.7187154,0],[25.9418106,48.7223395,0],[25.9553719,48.7281147,0],[25.9617233,48.7329835,0],[25.9651566,48.735814,0],[25.9818077,48.7454364,0]]},"properties":{"name":"т2018","tessellate":true}},
{"type":"Feature","geometry":{"type":"LineString","coordinates":[[25.7303452,48.8548469,0],[25.7342076,48.8604093,0],[25.7346153,48.861101,0],[25.7346368,48.8619057,0],[25.7347226,48.8661404,0],[25.7348299,48.8742984,0],[25.7349372,48.8833722,0],[25.7351303,48.8937423,0],[25.7352805,48.9029396,0],[25.7354307,48.9121069,0],[25.7356024,48.9204689,0],[25.7356668,48.9243462,0],[25.735774,48.9278567,0]]},"properties":{"name":"м-19","tessellate":true,"description":"http://routes.in.ua/international/m-19/"}},
{"type":"Feature","geometry":{"type":"LineString","coordinates":[[25.735302,48.8494675,0],[25.756073,48.8498064,0],[25.7612228,48.8467564,0],[25.766716,48.8481119,0],[25.8000183,48.8543245,0],[25.8147812,48.8524044,0],[25.819931,48.8528562,0],[25.8252525,48.8487897,0],[25.8362389,48.8495804,0],[25.8439636,48.8529691,0],[25.8556366,48.8530821,0],[25.8716011,48.8469823,0],[25.884304,48.8496934,0],[25.928421,48.8311646,0],[25.9610367,48.8168114,0],[25.9636116,48.8163593,0],[25.9708214,48.8159071,0],[25.9763145,48.8164723,0],[25.981636,48.8163593,0],[25.9874725,48.8148898,0],[25.9924507,48.8134203,0],[26.0051537,48.8143246,0],[26.0075569,48.8133072,0]]},"properties":{"name":"р-24","tessellate":true}},
{"type":"Feature","geometry":{"type":"LineString","coordinates":[[29.7314072,48.7952173,0],[29.7229958,48.7960089,0],[29.7169876,48.7953304,0],[29.7017097,48.7970266,0],[29.6687508,48.8016626,0],[29.6419716,48.8061851,0]]},"properties":{"name":"м-12","tessellate":true,"description":"М 12 (http://routes.in.ua/international/stryiy-znamenka-m-12/)"}},
{"type":"Feature","geometry":{"type":"LineString","coordinates":[[30.1292753,48.7346677,0],[30.1285458,48.7346818,0],[30.1047707,48.7412481,0],[30.0839138,48.7470777,0],[30.0539589,48.75534,0],[30.0220299,48.7642232,0],[29.999873,48.769763,0]]},"properties":{"name":"м-12","tessellate":true,"description":"М 12 (http://routes.in.ua/international/stryiy-znamenka-m-12/)"}},
{"type":"Feature","geometry":{"type":"LineString","coordinates":[[29.921608,48.7908635,0],[29.8885632,48.7919378,0],[29.8631573,48.7926164,0],[29.8459053,48.7932949,0],[29.843502,48.7932384,0],[29.8291683,48.7918247,0],[29.8189545,48.7921075,0],[29.7751808,48.7935776,0],[29.7490883,48.7944823,0],[29.7314072,48.7952173,0]]},"properties":{"name":"м-12","tessellate":true,"description":"М 12 (http://routes.in.ua/international/stryiy-znamenka-m-12/)"}},
{"type":"Feature","geometry":{"type":"LineString","coordinates":[[29.64077,48.8064112,0],[29.6093559,48.8116116,0],[29.5442963,48.8091245,0],[29.4962311,48.8074287,0],[29.4519424,48.8057329,0],[29.4272232,48.8081071,0],[29.3928909,48.8104811,0],[29.3858528,48.8109333,0],[29.3822479,48.8116116,0],[29.3772697,48.8117246,0],[29.3710899,48.8105942,0],[29.3673134,48.8124029,0],[29.3637085,48.815568,0],[29.3571854,48.8191851,0],[29.3527222,48.8243841,0],[29.3471432,48.8263053,0],[29.3425512,48.8293283,0],[29.3414783,48.8298651,0],[29.3339252,48.8318991,0],[29.3319511,48.8328314,0],[29.3296766,48.8344416,0],[29.3275309,48.8351195,0],[29.325943,48.8355715,0],[29.3239689,48.8356845,0],[29.3224239,48.835063,0],[29.3161583,48.8317861,0],[29.3131542,48.8302889,0],[29.3025112,48.8264466,0],[29.3011808,48.8258533,0],[29.2954302,48.8224628,0],[29.2908677,48.821133,0],[29.2898807,48.8209529,0],[29.2892048,48.8209105,0],[29.2850876,48.8210217,0],[29.2810535,48.8210782,0],[29.276247,48.8215586,0],[29.2736292,48.8217281,0],[29.2690802,48.8228018,0],[29.2677498,48.8226323,0],[29.2647028,48.8215869,0],[29.2626429,48.8213891,0],[29.2527294,48.821276,0]]},"properties":{"name":"м-12","tessellate":true,"description":"http://routes.in.ua/international/stryiy-znamenka-m-12/"}},
{"type":"Feature","geometry":{"type":"LineString","coordinates":[[28.3966541,49.2403817,0],[28.3901739,49.2425111,0],[28.382535,49.2443322,0],[28.3803463,49.2449486,0],[28.3760548,49.2472458,0],[28.3682871,49.2506075,0],[28.3659267,49.2512798,0],[28.3613777,49.2518401,0]]},"properties":{"name":"м-12","tessellate":true,"description":"http://routes.in.ua/international/stryiy-znamenka-m-12/"}},
{"type":"Feature","geometry":{"type":"LineString","coordinates":[[28.3613777,49.2518401,0],[28.3539534,49.2526804,0],[28.3395767,49.2543891,0],[28.3270454,49.2559297,0],[28.3103085,49.2579744,0],[28.3060169,49.2584506,0],[28.3023691,49.2579744,0],[28.3010817,49.2580584,0],[28.2980776,49.2595149,0],[28.2866621,49.2658443,0],[28.27353,49.2734889,0],[28.2665777,49.2766248,0],[28.2604837,49.2792846,0],[28.2589388,49.2796765,0],[28.2571793,49.2795085,0],[28.2557201,49.2790606,0],[28.2546043,49.2790606,0],[28.2514286,49.2798725,0],[28.2444334,49.2827001,0],[28.2330608,49.2876269,0],[28.2168388,49.2945964,0],[28.2079554,49.2965836,0],[28.1961107,49.2992143,0],[28.1942225,49.2995221,0],[28.1836653,49.3003057,0],[28.1794167,49.3001378,0],[28.1773567,49.3003057,0],[28.1757689,49.3007814,0],[28.1730223,49.3018168,0],[28.1692886,49.3036917,0],[28.1656837,49.3059023,0],[28.1549978,49.3128133,0],[28.1535387,49.3134008,0],[28.1414366,49.3169259,0],[28.1397629,49.3174015,0],[28.1360722,49.3192198,0],[28.1222105,49.3213738,0]]},"properties":{"name":"м-12","tessellate":true,"description":"http://routes.in.ua/international/stryiy-znamenka-m-12/"}},
{"type":"Feature","geometry":{"type":"LineString","coordinates":[[28.1222105,49.3213738,0],[28.1159019,49.3231081,0],[28.1068039,49.3263527,0],[28.0956459,49.328814,0],[28.0916977,49.3244507,0],[28.0831146,49.3290377,0],[28.0786514,49.3300446,0],[28.0735874,49.3327294,0],[28.0569363,49.3429082,0],[28.0324745,49.357222,0],[28.0285263,49.3583959,0],[28.0213165,49.3599053,0],[28.0080986,49.3631475,0],[27.9838943,49.3671161,0],[27.9781437,49.3679545,0],[27.9639816,49.3711962,0],[27.945013,49.3776789,0],[27.9315376,49.3822052,0],[27.9281044,49.3832668,0],[27.9170322,49.3857811,0],[27.8996086,49.3898038,0],[27.8838158,49.3914798,0],[27.8808975,49.3915915,0],[27.8772068,49.3907535,0],[27.8754902,49.3905301,0],[27.8682804,49.3925412,0],[27.8661346,49.3931558,0],[27.8641605,49.3931558,0],[27.849741,49.3919826,0],[27.8450203,49.3915357,0],[27.8192711,49.3905859,0]]},"properties":{"name":"м-12","tessellate":true,"description":"http://routes.in.ua/international/stryiy-znamenka-m-12/"}},
{"type":"Feature","geometry":{"type":"LineString","coordinates":[[27.8192711,49.3905859,0],[27.8163528,49.3907535,0],[27.780304,49.3889658,0],[27.7768707,49.3896362,0],[27.7560997,49.395893,0],[27.7535248,49.3957813,0],[27.7471733,49.3918709,0],[27.7411652,49.3886306,0],[27.7360153,49.3887423,0],[27.7288055,49.388854,0],[27.7205658,49.3899714,0],[27.7056313,49.3945523,0],[27.7018547,49.3950551,0],[27.6919842,49.3958372,0],[27.6877785,49.395893,0],[27.6767063,49.3939379,0],[27.66675,49.3920943,0],[27.6454639,49.3872338,0],[27.6252937,49.3826522,0],[27.6216888,49.3818699,0],[27.6161957,49.3818699,0],[27.6095009,49.3824845,0],[27.601347,49.3852224,0],[27.5980854,49.3858929,0],[27.5949955,49.3860046,0],[27.5919914,49.385837,0],[27.5846958,49.3863399,0],[27.5640106,49.3901949,0],[27.5586033,49.3912005,0],[27.5367165,49.3939937,0],[27.5285625,49.395111,0],[27.5264168,49.3956137,0],[27.5127697,49.3973454,0],[27.5025558,49.398686,0],[27.4887371,49.401032,0],[27.4855614,49.4017022,0],[27.482214,49.4030986,0],[27.476635,49.4039922,0],[27.4744034,49.4052768,0],[27.4701977,49.4089069,0],[27.460413,49.4144354,0],[27.4581814,49.4153288,0],[27.4490833,49.4175065,0],[27.4460793,49.4181765,0],[27.4300289,49.4202424,0],[27.410717,49.4228665,0],[27.4088287,49.4232015,0],[27.4065971,49.4230898,0],[27.4044514,49.4221407,0],[27.3915768,49.414212,0],[27.3587894,49.3939379,0],[27.3464298,49.386284,0],[27.335293,49.387628,0],[27.329496,49.388059,0]]},"properties":{"name":"м-12","tessellate":true,"description":"http://routes.in.ua/international/stryiy-znamenka-m-12/"}},
{"type":"Feature","geometry":{"type":"LineString","coordinates":[[27.3290706,49.3881836,0],[27.3110676,49.3894406,0],[27.2874641,49.3910329,0],[27.2813702,49.3911446,0],[27.2731733,49.3899854,0],[27.2684526,49.3893149,0],[27.266221,49.3892032,0],[27.2643113,49.3891473,0],[27.2626162,49.3888121,0],[27.2602773,49.388002,0],[27.2578311,49.3871779,0],[27.2550631,49.3858091,0],[27.2534323,49.3852922,0],[27.2523808,49.3851246,0],[27.2506642,49.3851526,0],[27.2391415,49.3852783,0],[27.2125983,49.3855716,0],[27.2104311,49.3856694,0],[27.1960759,49.3877087,0],[27.1798754,49.3901669,0],[27.1686745,49.3917033,0],[27.1652412,49.3925133,0],[27.1518517,49.3962561,0],[27.150178,49.3966471,0],[27.1477318,49.3967868,0],[27.1439123,49.3968706,0],[27.1418524,49.3970661,0],[27.1368313,49.3979598,0],[27.1198368,49.4015626,0],[27.1155882,49.4024283,0]]},"properties":{"name":"м-12","tessellate":true,"description":"http://routes.in.ua/international/stryiy-znamenka-m-12/"}},
{"type":"Feature","geometry":{"type":"LineString","coordinates":[[25.281601,50.7421042,0],[25.2723312,50.7447112,0],[25.2634048,50.7455802,0],[25.2575684,50.7443854,0],[25.2507019,50.7448199,0],[25.2467537,50.7443854,0],[25.2419472,50.7446026,0],[25.2352524,50.7456888,0],[25.2311325,50.7451457,0],[25.225811,50.7435164,0],[25.2213478,50.7435164,0],[25.2180862,50.7448199,0],[25.2129364,50.7474267,0],[25.2064133,50.7498163,0],[25.2051044,50.7499656,0],[25.2031302,50.7499113,0],[25.2005768,50.7498163,0],[25.1960278,50.7502371,0],[25.1948476,50.7503865,0],[25.1848698,50.7537804,0],[25.1737976,50.7565497,0],[25.1660728,50.7568212,0],[25.1595497,50.7558981,0],[25.1568031,50.7558981,0],[25.1461601,50.7574727,0],[25.1362038,50.7600789,0],[25.1329422,50.7614362,0],[25.1277065,50.7623592,0],[25.1205826,50.763825,0],[25.1151752,50.7644765,0],[25.1066351,50.7643136,0],[25.1038456,50.7645308,0],[25.1018286,50.7648022,0],[25.0948763,50.7665937,0],[25.0936747,50.7668652,0],[25.0842333,50.7678694,0],[25.0810146,50.7676252,0],[25.0769806,50.766838,0],[25.0711441,50.7640422,0],[25.0674534,50.7634993,0],[25.0568104,50.7620335,0],[25.0532913,50.7614634,0],[25.0510597,50.7614905,0],[25.0481415,50.7617891,0],[25.0432062,50.763445,0],[25.0409746,50.7642051,0],[25.0381422,50.765888,0],[25.0371122,50.7661594,0],[25.0317478,50.7674894,0],[25.0288725,50.768358,0],[25.0260401,50.768548,0],[25.0105906,50.7698779,0],[24.9869871,50.7719135,0],[24.9850559,50.7724563,0],[24.9838543,50.7730533,0],[24.976387,50.7775854,0],[24.9750566,50.7783452,0],[24.9735546,50.7786709,0],[24.9702501,50.7786166,0],[24.9582767,50.7779382,0],[24.9333,50.7768527,0],[24.9188805,50.7773954,0],[24.9075508,50.7754416,0],[24.8759651,50.7778296,0],[24.8478127,50.7807603,0],[24.8376846,50.7791322,0],[24.8239517,50.7832566,0],[24.8117638,50.7820628,0],[24.8000908,50.7852102,0],[24.7920227,50.7848846,0],[24.7558022,50.7923726,0],[24.750309,50.7929152,0],[24.7465324,50.7935662,0],[24.7413826,50.7953024,0],[24.7379494,50.7950853,0],[24.718895,50.7944343,0],[24.7020721,50.7917215,0],[24.6780396,50.7912875,0],[24.675293,50.791613,0],[24.6701431,50.7934577,0],[24.66259,50.7947598,0],[24.6598434,50.7944343,0],[24.6500587,50.7919386,0],[24.6461964,50.7910976,0],[24.6378708,50.7904736,0],[24.6273565,50.7893341,0],[24.6249533,50.7892799,0],[24.6205759,50.7897411,0],[24.6153402,50.790989,0],[24.6105766,50.791613,0],[24.6018648,50.7917487,0],[24.5820808,50.7950311,0],[24.5616961,50.798259,0],[24.5603228,50.798476,0],[24.559164,50.798476,0],[24.551096,50.7969028,0],[24.549551,50.7968214,0],[24.544487,50.7968485,0],[24.5324278,50.7969299,0],[24.530282,50.7966315,0],[24.5186949,50.7949226,0],[24.5107341,50.7937697,0],[24.5095325,50.7936612,0],[24.5060134,50.7940545,0],[24.5014,50.7945292,0],[24.4908428,50.7957228,0],[24.4862723,50.7962111,0],[24.4808435,50.7967807,0],[24.4473267,50.8051754,0],[24.4351387,50.8070738,0],[24.4175434,50.8101653,0],[24.4105911,50.8115754,0],[24.3905067,50.8173781,0],[24.381752,50.8205232,0],[24.356432,50.8281681,0],[24.3382359,50.8332098,0]]},"properties":{"name":"Н-22","tessellate":true,"description":"http://routes.in.ua/natsionalnyie/ustilug-rovno-n-22/"}},
{"type":"Feature","geometry":{"type":"LineString","coordinates":[[34.4014549,49.4910996,0],[34.382197,49.472485,0],[34.379783,49.469083,0],[34.379364,49.465171,0],[34.381124,49.452789,0],[34.37916,49.446679,0],[34.369429,49.434492,0],[34.366082,49.426642,0],[34.362548,49.411197,0],[34.357295,49.382624,0],[34.355192,49.378936,0],[34.351587,49.375367,0],[34.333236,49.360936,0],[34.329722,49.358979,0],[34.325827,49.357938,0],[34.3133926,49.3561038,0],[34.295144,49.353406,0],[34.2897034,49.3549857,0],[34.27957,49.356389,0],[34.2694473,49.3555448,0],[34.252133,49.353735,0],[34.248083,49.352378,0],[34.2412949,49.3480527,0],[34.2133141,49.3294852,0],[34.2078209,49.3261289,0],[34.205088,49.324571,0],[34.184314,49.308889,0],[34.162738,49.292637,0],[34.156119,49.284702,0],[34.144821,49.260971,0],[34.142649,49.258958,0],[34.139435,49.257855,0],[34.130091,49.256224,0],[34.0877438,49.2409141,0]]},"properties":{"name":"М-22","tessellate":true,"description":"М22 (http://routes.in.ua/international/poltava-aleksandriya-m-22/)"}},
{"type":"Feature","geometry":{"type":"LineString","coordinates":[[34.524826,49.560146,0],[34.5133781,49.5479343,0],[34.5092583,49.5458181,0],[34.4883156,49.5365726,0],[34.4821358,49.5334533,0],[34.4721794,49.5273254,0],[34.4663429,49.5257655,0],[34.4404221,49.5201938,0],[34.4366455,49.5181879,0],[34.4338989,49.5156246,0],[34.4273758,49.5138414,0],[34.4184494,49.5109435,0],[34.4170761,49.509606,0],[34.4141579,49.5055931,0],[34.4066048,49.4958941,0],[34.4014549,49.4910996,0]]},"properties":{"name":"м22","tessellate":true,"description":"М22 (http://routes.in.ua/international/poltava-aleksandriya-m-22/)"}},
{"type":"Feature","geometry":{"type":"LineString","coordinates":[[34.084847,49.2401435,0],[34.0650845,49.2325078,0],[34.0524673,49.2279117,0],[34.0505791,49.2275754,0],[34.0365887,49.2270149,0],[34.0215683,49.2265104,0],[34.0185642,49.2257817,0],[34.0147018,49.2235955,0],[34.0057755,49.2184381,0],[34.0043163,49.2175971,0],[34.0017414,49.2168683,0],[33.987236,49.2131679,0],[33.9631176,49.207,0],[33.9498997,49.2036914,0],[33.944149,49.2024576,0],[33.9135933,49.1966249,0],[33.8960838,49.1933156,0],[33.8942814,49.1932034,0],[33.8583183,49.1928108,0]]},"properties":{"name":"м22","tessellate":true,"description":"М22 (http://routes.in.ua/international/poltava-aleksandriya-m-22/)"}},
{"type":"Feature","geometry":{"type":"LineString","coordinates":[[33.8576317,49.1927547,0],[33.836689,49.1924742,0],[33.8336849,49.1920816,0],[33.8266468,49.1898939,0],[33.8076782,49.1838914,0],[33.8051033,49.182601,0],[33.7994385,49.1796836,0],[33.7951469,49.1773271,0],[33.7908554,49.1743532,0],[33.7673378,49.1589198,0],[33.7531757,49.1496575,0],[33.7504292,49.1478048,0],[33.7483692,49.1470749,0],[33.7451077,49.1462889,0],[33.7258816,49.1419656,0],[33.7089729,49.1380912,0],[33.6765289,49.1306783,0],[33.6645126,49.1278701,0],[33.6618519,49.1274208,0],[33.658762,49.127477,0],[33.6550713,49.1282071,0],[33.6494064,49.1296112,0],[33.6415958,49.130229,0],[33.634901,49.1293866,0],[33.6295795,49.1272523,0],[33.6249447,49.1250056,0],[33.6211681,49.1239384,0],[33.6172199,49.123152,0]]},"properties":{"name":"м22","tessellate":true,"description":"М22 (http://routes.in.ua/international/poltava-aleksandriya-m-22/)"}},
{"type":"Feature","geometry":{"type":"LineString","coordinates":[[24.01577,49.7694024,0],[24.0198898,49.768848,0],[24.0449524,49.7674067,0],[24.0612602,49.7668523,0],[24.090786,49.7671849,0],[24.1029739,49.7678502,0],[24.1072655,49.768848,0]]},"properties":{"name":"кільцева","tessellate":true,"description":"https://www.youtube.com/watch?v=KkoMdhxx2CU&feature=youtu.be"}},
{"type":"Feature","geometry":{"type":"LineString","coordinates":[[24.1072655,49.768848,0],[24.1084671,49.7690698,0],[24.111836,49.770468,0],[24.116621,49.7741696,0],[24.1182518,49.7743359,0],[24.1217709,49.774225,0],[24.1233158,49.7751119,0],[24.1234875,49.7763313,0],[24.1236591,49.7782712,0],[24.1253757,49.7794905,0],[24.1324139,49.7817074,0],[24.1352463,49.7828713,0],[24.1373062,49.7846447,0],[24.138937,49.7873046,0],[24.1474342,49.7994389,0],[24.1549015,49.8089669,0],[24.1581631,49.8131763,0],[24.1595364,49.8171639,0]]},"properties":{"name":"кільцева","tessellate":true,"description":"https://www.youtube.com/watch?v=KkoMdhxx2CU&feature=youtu.be"}},
{"type":"Feature","geometry":{"type":"LineString","coordinates":[[33.1828308,48.6701057,0],[33.2046318,48.6661378,0],[33.2224846,48.6612625,0],[33.2360458,48.6551394,0],[33.2607651,48.6520776,0],[33.2691765,48.6507167,0],[33.2863426,48.6426641,0],[33.2992172,48.6373329,0],[33.3242798,48.6305261,0],[33.339901,48.6264417,0],[33.3433342,48.6250801,0],[33.3565521,48.6181582,0],[33.3874512,48.6053333,0],[33.426075,48.5959111,0],[33.4303665,48.5936404,0],[33.4518242,48.5717232,0],[33.4602356,48.5500238,0],[33.4689903,48.5397957,0],[33.4770584,48.5349082,0],[33.4921646,48.5226306,0],[33.5069275,48.5106911,0],[33.5247803,48.4952225,0],[33.5316467,48.4891931,0],[33.5364532,48.4870314,0],[33.5472679,48.483618,0],[33.556881,48.4817974,0],[33.5713005,48.4805458,0],[33.5769653,48.4788389,0],[33.588295,48.4736041,0],[33.6138725,48.4614255,0],[33.6167908,48.4585796,0],[33.6226273,48.4492439,0],[33.6252022,48.4474221,0],[33.6720657,48.420543,0],[33.675499,48.4187202,0],[33.7012482,48.4219101,0],[33.7220192,48.4243024,0],[33.7453651,48.4209987,0],[33.7716293,48.4028817,0],[33.7851906,48.3927379,0],[33.794117,48.3868102,0],[33.8021851,48.3841881,0],[33.8116264,48.381737,0],[33.8268185,48.3751809,0],[33.8386631,48.3696503,0],[33.8440704,48.3665712,0],[33.8509369,48.3618951,0]]},"properties":{"name":"м04","tessellate":true,"description":"http://routes.in.ua/international/znamenka-izvarino-m-04/"}},
{"type":"Feature","geometry":{"type":"LineString","coordinates":[[33.8509369,48.3618951,0],[33.8632965,48.3525987,0],[33.8759995,48.3482636,0],[33.8880157,48.3478073,0],[33.9038086,48.34621,0],[33.9384842,48.3459818,0],[34.0651703,48.3478073,0],[34.0974426,48.3497467,0],[34.1046524,48.3471227,0],[34.1106606,48.3437,0],[34.1204453,48.3422167,0],[34.1492844,48.3401628,0],[34.1570091,48.3383371,0],[34.1743469,48.3318325,0],[34.1856766,48.3266967,0],[34.1956329,48.3242998,0],[34.2167473,48.3239574,0],[34.2344284,48.3238433,0],[34.2661858,48.3277239,0],[34.2883301,48.3290935,0],[34.3169975,48.3312619,0],[34.3403435,48.3254412,0],[34.4127846,48.3052349,0]]},"properties":{"name":"м-04","tessellate":true,"description":"http://routes.in.ua/international/znamenka-izvarino-m-04/"}},
{"type":"Feature","geometry":{"type":"LineString","coordinates":[[26.450422,49.488089,0],[26.474218,49.48534,0],[26.476541,49.484649,0],[26.48006,49.48225,0],[26.49817,49.476238,0],[26.5034,49.471778,0],[26.505289,49.471351,0],[26.5107047,49.4710238,0],[26.518512,49.468944,0],[26.521247,49.467571,0],[26.52666,49.466461,0],[26.5287292,49.4645534,0],[26.534729,49.453838,0],[26.536022,49.452289,0],[26.548027,49.445935,0],[26.5531051,49.4445791,0],[26.562621,49.440605,0],[26.571475,49.439053,0],[26.583316,49.438869,0],[26.587345,49.437496,0],[26.5905273,49.4314072,0],[26.593088,49.42448,0],[26.594638,49.423198,0],[26.601012,49.420256,0],[26.60941,49.4149932,0],[26.614122,49.412208,0],[26.620603,49.411252,0],[26.625881,49.409809,0],[26.640729,49.408,0],[26.64339,49.40372,0],[26.647081,49.400791,0],[26.64957,49.400108,0],[26.65464,49.400283,0],[26.65833,49.403026,0],[26.663051,49.40475,0],[26.669139,49.40311,0],[26.673952,49.397113,0]]},"properties":{"name":"М-12","tessellate":true,"description":"М 12<br>Стрый Знаменка (http://routes.in.ua/international/stryiy-znamenka-m-12/)"}},
{"type":"Feature","geometry":{"type":"LineString","coordinates":[[26.673952,49.397113,0],[26.677122,49.396591,0],[26.686821,49.397621,0],[26.7040957,49.396274,0],[26.709308,49.39616,0],[26.719887,49.396954,0],[26.731045,49.395823,0],[26.736474,49.393784,0],[26.739612,49.392898,0],[26.7447794,49.3926988,0],[26.755872,49.39243,0],[26.761301,49.394399,0],[26.762556,49.394671,0],[26.765131,49.39449,0],[26.770357,49.3917491,0],[26.772079,49.390916,0],[26.774064,49.390754,0],[26.775954,49.391525,0],[26.78004,49.395491,0],[26.7821158,49.3956596,0],[26.7856349,49.3950451,0],[26.793584,49.392702,0],[26.795064,49.392814,0],[26.7988528,49.3948216,0],[26.804849,49.398045,0],[26.806319,49.398509,0],[26.810374,49.398194,0],[26.812735,49.398131,0],[26.8229712,49.3999607,0],[26.830428,49.401268,0],[26.831699,49.40145,0],[26.838702,49.401523,0],[26.843077,49.400785,0],[26.846038,49.400779,0],[26.850623,49.401139,0],[26.853245,49.401006,0],[26.8580691,49.3996925,0],[26.8604294,49.3990502,0]]},"properties":{"name":"M-12","tessellate":true,"description":"М 12<br>Стрый Знаменка (http://routes.in.ua/international/stryiy-znamenka-m-12/)"}},
{"type":"Feature","geometry":{"type":"LineString","coordinates":[[26.8630958,48.9113374,0],[26.8476892,48.9113092,0],[26.8378187,48.9100682,0],[26.8314672,48.909222,0],[26.8273903,48.9083758,0],[26.8244291,48.9070783,0],[26.8164898,48.9024238,0],[26.8137003,48.9003644,0],[26.812327,48.8981921,0],[26.8114687,48.8959633,0]]},"properties":{"name":"Т-20-80","tessellate":true,"description":"http://new.km.ukravtodor.gov.ua/press/news/zaversheno_budivnytstvo_ii_cherhy_obkhodu_m_dunaivtsi.html"}},
{"type":"Feature","geometry":{"type":"LineString","coordinates":[[26.8614107,49.1999737,0],[26.8610573,49.1976344,0],[26.8629456,49.1935961,0],[26.8622589,49.1905671,0],[26.858139,49.1841719,0],[26.8577957,49.1794592,0],[26.8567657,49.1755315,0],[26.8541908,49.1736237,0],[26.8507576,49.1730626,0]]},"properties":{"name":"Н-03","tessellate":true}},
{"type":"Feature","geometry":{"type":"LineString","coordinates":[[27.0249888,50.1948301,0],[27.0203539,50.1962038,0],[27.008681,50.2054887,0],[26.9907498,50.2193803,0],[26.9868016,50.2226753,0],[26.9830251,50.2284959,0],[26.9814801,50.2348648,0],[26.9763303,50.2383784,0],[26.951611,50.2527592,0],[26.9438863,50.2571494,0],[26.9140172,50.2811787,0],[26.9056058,50.2954369,0],[26.8963361,50.301468,0]]},"properties":{"name":"Р-05","tessellate":true}},
{"type":"Feature","geometry":{"type":"LineString","coordinates":[[37.3055902,48.1346758,0],[37.3100534,48.1135345,0],[37.3105683,48.1112422,0],[37.3097959,48.1094083,0],[37.3104825,48.1064281,0],[37.3124566,48.103505,0],[37.3154607,48.0874539,0],[37.316834,48.0752975,0],[37.3204389,48.0583197,0],[37.3183789,48.0542465,0],[37.3089376,48.0555086,0],[37.3043885,48.0556234,0],[37.3037877,48.053099,0],[37.3020711,48.0529269,0],[37.2951188,48.0543612,0],[37.2928014,48.0544186,0],[37.2943463,48.0459843,0],[37.2982946,48.0284802,0],[37.2996678,48.0215343,0],[37.2991529,48.0200417,0],[37.2970071,48.0195824,0],[37.2909131,48.0183768,0],[37.2808709,48.0093624,0],[37.2756353,48.0043091,0],[37.2765794,48.0022416,0],[37.2759786,47.99265,0],[37.2761077,47.9916432,0],[37.2759146,47.9906954,0],[37.2758717,47.9893312,0]]},"properties":{"name":"Т-05-25","tessellate":true,"description":"http://dn.ukravtodor.gov.ua/press/news/avtodorohu_selydove_kurakhove_vidremontovano_za_tekhnolohiieiu_kholodnoho_resaiklinhu__foto__video.html"}},
{"type":"Feature","geometry":{"type":"LineString","coordinates":[[37.614156,48.8062761,0],[37.610079,48.8013296,0],[37.6074183,48.7994639,0],[37.6014101,48.7959303,0],[37.5994789,48.7935555,0],[37.5976336,48.7894277,0],[37.5945866,48.7818215,0],[37.5938999,48.7802944,0]]},"properties":{"name":"Н-20","tessellate":true,"description":"https://www.facebook.com/SADindonetsk/videos/424884351350860/"}},
{"type":"Feature","geometry":{"type":"LineString","coordinates":[[37.67577,48.8463234,0],[37.6771433,48.8406747,0],[37.6898462,48.8234988,0],[37.7107889,48.8088043,0],[37.7214319,48.8015684,0],[37.7626307,48.7861888,0],[37.8069193,48.7590369,0],[37.8460581,48.7350404,0],[37.8512079,48.7316437,0],[37.8591044,48.727341,0],[37.8649408,48.7196404,0]]},"properties":{"name":"М-03","tessellate":true}},
{"type":"Feature","geometry":{"type":"LineString","coordinates":[[37.8653004,48.7192978,0],[37.8682186,48.7159567,0],[37.8852989,48.7055922,0],[37.8967144,48.6988514,0],[37.9169705,48.6902965,0],[37.927356,48.6854803,0],[37.9571392,48.6681946,0],[37.9675247,48.6622424,0]]},"properties":{"name":"М-03","tessellate":true}},
{"type":"Feature","geometry":{"type":"LineString","coordinates":[[37.2100907,48.294066,0],[37.2033959,48.3243221,0],[37.1968728,48.3521646,0],[37.1949845,48.3545602,0],[37.1888047,48.3568416,0],[37.1833116,48.3588948,0],[37.1814233,48.3619744,0],[37.1726685,48.4038156,0],[37.1633988,48.4447115,0],[37.1510392,48.4489245,0],[37.1400529,48.4489245,0],[37.0995408,48.4483552,0]]},"properties":{"name":"Т-05-15","tessellate":true,"description":"http://dn.ukravtodor.gov.ua/press/news/kontrol_yakosti_22-kilometrova_dilianka_dobropillia___pokrovsk_maie_vyrivniuiuchyi_shar_asfaltobetonnoho_pokryttia__foto.html"}},
{"type":"Feature","geometry":{"type":"LineString","coordinates":[[37.113056,47.3593348,0],[37.1344278,47.3510199,0],[37.1372602,47.3489845,0],[37.1406935,47.3418312,0],[37.143866,47.3346177,0],[37.1480717,47.3258917,0]]},"properties":{"name":"Н-08 (Т08-03)","tessellate":true,"description":"http://dn.ukravtodor.gov.ua/press/news/remont_n-08_bilia_kordonu_iz_zaporizkoiu_oblastiu_prodovzhuietsia_remont_shestykilometrovoi_dilianky_trasy__foto.html"}},
{"type":"Feature","geometry":{"type":"LineString","coordinates":[[37.7451373,48.9179126,0],[37.7517462,48.9223118,0],[37.7612734,48.9272745,0],[37.7647067,48.9284024,0],[37.7667666,48.9297557,0],[37.7773238,48.9333081,0],[37.7836752,48.935789,0],[37.791915,48.9387772,0]]},"properties":{"name":"Т-0514","tessellate":true,"description":"http://dn.ukravtodor.gov.ua/press/news/onovlena_donechchyna_za_marshrutom_slov_yansk___lyman_tryvaiut_roboty_z_ukladannia_asfaltobetonnoho_pokryttia.html"}},
{"type":"Feature","geometry":{"type":"LineString","coordinates":[[37.5033486,48.3666367,0],[37.5272096,48.3991292,0],[37.5280679,48.4014086,0],[37.5411141,48.4158804,0],[37.5648034,48.4275004,0],[37.5800813,48.4345623,0],[37.6255715,48.4474305,0],[37.6514924,48.4544896,0],[37.6703752,48.4646211,0],[37.6906312,48.4782784,0],[37.7055883,48.4890637,0]]},"properties":{"name":"Н-32","tessellate":true,"description":"http://dn.ukravtodor.gov.ua/press/news/suchasni_tekhnolohii_mizh_myrnohradom_i_kostiantynivkoiu_prodovzhuietsia_kapitalnyi_remont_natsionalnoi_trasy_n-32__foto.html"}},
{"type":"Feature","geometry":{"type":"LineString","coordinates":[[37.3857576,49.0250628,0],[37.397418,49.0120628,0],[37.401293,49.008457,0],[37.4041128,49.0064891,0],[37.4137259,49.0023788,0],[37.4224932,48.9989976,0],[37.4296171,48.997083,0],[37.4431784,48.9935351,0],[37.450118,48.991778,0]]},"properties":{"name":"М-03","tessellate":true,"description":"http://routes.in.ua/international/kiev-harkov-m-03/"}},
{"type":"Feature","geometry":{"type":"LineString","coordinates":[[37.2820957,48.6105068,0],[37.274371,48.6052856,0],[37.261153,48.5993827,0],[37.2481068,48.5934792,0],[37.2378071,48.5907542,0],[37.2281941,48.5880291,0],[37.2242458,48.5843954,0],[37.2211559,48.5771273,0]]},"properties":{"name":"Т-05-14","tessellate":true,"description":"http://dn.ukravtodor.gov.ua/press/news/spoluchennia_dobropillia_kramatorsk__5_km_avtodorohy_mizh_selamy_novotroitske_ta_andriivka_vzhe_maiut_verkhnii_shar_pokryttia.html"}},
{"type":"Feature","geometry":{"type":"Point","coordinates":[40.121392,49.384035,0]},"properties":{"name":"Точка 319"}},
{"type":"Feature","geometry":{"type":"LineString","coordinates":[[32.2216323,48.9994972,0],[32.2168257,49.0023127,0],[32.209616,49.0095195,0],[32.1897032,49.0185266,0],[32.1840384,49.0210032,0],[32.1692755,49.0240426,0],[32.1581176,49.0266315,0],[32.1370032,49.0345101,0],[32.1210387,49.040812,0],[32.1165755,49.0423874,0],[32.1146872,49.044244,0],[32.1136573,49.045988,0],[32.1140864,49.0487446,0],[32.1132281,49.0501509,0],[32.1095374,49.0531885,0],[32.0969203,49.0629188,0],[32.0890239,49.0677551,0],[32.0864489,49.0698919,0],[32.0852473,49.0726472,0],[32.0825866,49.0781572,0],[32.0829299,49.0792254,0],[32.085419,49.0833293,0],[32.0855906,49.0849033,0],[32.0836165,49.0938405,0],[32.0783808,49.1049114,0],[32.0719435,49.1181708,0],[32.0703986,49.1220468,0],[32.0694545,49.1244622,0],[32.0678237,49.1256417,0],[32.0648196,49.1273829,0],[32.0567515,49.1345154,0],[32.0433619,49.1463072,0],[32.0276549,49.1600606,0],[32.0191577,49.1675252,0],[32.0163253,49.170724,0],[32.0124629,49.1730247,0],[32.0070555,49.178243,0],[32.0055106,49.1791407,0],[32.002764,49.1793652,0],[31.9999316,49.1794213,0],[31.9911769,49.1805995,0],[31.9849112,49.1807678,0],[31.980448,49.1807117,0],[31.9776156,49.1809922,0],[31.9739249,49.181385,0],[31.965256,49.1813289,0],[31.9631961,49.1816094,0],[31.9576171,49.1835169,0],[31.9557288,49.1840218,0],[31.9534114,49.185817,0],[31.948004,49.1912023,0],[31.9292057,49.2083432,0],[31.9235408,49.2134457,0]]},"properties":{"name":"Н-01","tessellate":true}},
{"type":"Feature","geometry":{"type":"LineString","coordinates":[[31.6895319,49.5352484,0],[31.7012049,49.535137,0],[31.7230059,49.5311263,0],[31.742232,49.5245524,0],[31.7456652,49.5222123,0],[31.7482401,49.5207636,0],[31.7535616,49.522658,0],[31.7559649,49.5215437,0]]},"properties":{"name":"Р-10","tessellate":true,"description":"http://new.ck.ukravtodor.gov.ua/press/news/u_seli_moshny_na_avtoshliakhu_r-10_rozpochalosia_vlashtuvannia_verkhnoho_sharu_asfaltobetonnoho_pokryttia.html"}},
{"type":"Feature","geometry":{"type":"LineString","coordinates":[[31.7014991,46.6411296,0],[31.7039882,46.6406434,0],[31.7090522,46.6405845,0],[31.712464,46.6394796,0],[31.7193734,46.6363562,0],[31.7232787,46.6334242,0]]},"properties":{"name":"Т15-07","tessellate":true}},
{"type":"Feature","geometry":{"type":"LineString","coordinates":[[32.4930299,47.5459186,0],[32.4933732,47.5455131,0],[32.4962915,47.5415733,0],[32.4958623,47.5385023,0],[32.4921716,47.5317225,0],[32.4819577,47.5110297,0],[32.4716581,47.4902129,0],[32.4624742,47.4715345,0],[32.4509729,47.4489607,0],[32.4383557,47.4239383,0],[32.4355233,47.4183052,0]]},"properties":{"name":"Н-11","tessellate":true,"description":"http://routes.in.ua/natsionalnyie/dnepropetrovsk-nikolaev-n-11/"}},
{"type":"Feature","geometry":{"type":"LineString","coordinates":[[32.831951,47.820049,0],[32.8190429,47.8149461,0],[32.8128631,47.8121218,0],[32.7945811,47.8077409,0],[32.7593047,47.7987474,0],[32.7320106,47.7918283,0],[32.7168185,47.787907,0],[32.6995666,47.7823706,0],[32.6874644,47.7796599,0],[32.6644618,47.7749302,0],[32.6612002,47.7737188,0],[32.6598269,47.7725652,0],[32.6441199,47.7573342,0],[32.64206,47.7571611,0],[32.6370818,47.7527755,0],[32.6350219,47.7518522,0],[32.6312453,47.7510443,0],[32.5902183,47.7469469,0],[32.5859267,47.7460234,0],[32.581721,47.743888,0],[32.5786311,47.7414061,0],[32.5446422,47.7155992,0],[32.5417394,47.7133472,0],[32.5396795,47.7118457,0],[32.5359887,47.7089003,0]]},"properties":{"name":"Н-11","tessellate":true,"description":"http://routes.in.ua/natsionalnyie/dnepropetrovsk-nikolaev-n-11/"}},
{"type":"Feature","geometry":{"type":"LineString","coordinates":[[32.1884995,47.0405913,0],[32.2204285,47.0335718,0],[32.2375947,47.0342738,0],[32.3110657,47.0441007,0],[32.3361283,47.0466741,0],[32.4398118,47.0604748,0],[32.4851304,47.0677246,0],[32.5558548,47.076844,0],[32.6622849,47.0904031,0],[32.7220231,47.0981163,0],[32.8130036,47.0964803,0]]},"properties":{"name":"Т15-08","tessellate":true,"description":"http://new.mk.ukravtodor.gov.ua/press/news/zavershalnyi_etap_potochnoho_serednoho_remontu_na_a_d_t-15-08_kalynivka_-snihurivka.html"}},
{"type":"Feature","geometry":{"type":"LineString","coordinates":[[38.1286264,49.4123742,0],[38.1198717,49.4141611,0],[38.1133485,49.4141611,0],[38.0936075,49.4120391,0],[38.086741,49.4114807,0],[38.0814195,49.4102521,0],[38.0740381,49.4109222,0],[38.0697466,49.4117041,0],[38.0635667,49.4175114,0],[38.0458856,49.4318035,0],[38.0319811,49.4433011,0],[38.0290628,49.4457565,0],[38.021338,49.4571393,0],[37.9969621,49.471866,0],[37.979281,49.482462,0],[37.9761759,49.484475,0],[37.9737726,49.4884895,0],[37.962443,49.5094492,0],[37.9584948,49.5169167,0],[37.9567782,49.5276144,0],[37.9485384,49.5389781,0],[37.9387537,49.5503392,0],[37.9234759,49.5702705,0]]},"properties":{"name":"Н-26","tessellate":true}},
{"type":"Feature","geometry":{"type":"LineString","coordinates":[[24.6933404,51.2176266,0],[24.6837274,51.2131105,0],[24.6792642,51.2038617,0],[24.6731759,51.1947168,0],[24.6663094,51.1844421,0],[24.6622754,51.1817521,0],[24.6596146,51.179277,0],[24.6561814,51.1756719,0],[24.6534348,51.1730351,0],[24.6499157,51.1702367,0],[24.6400452,51.1631324,0],[24.6273423,51.154412,0],[24.6177292,51.1502665,0],[24.6122361,51.1457975,0],[24.5979882,51.1293719,0],[24.5863152,51.1159038,0],[24.5718956,51.1089528,0],[24.5629693,51.1045338,0],[24.5415974,51.0995753,0]]},"properties":{"name":"Р-15","tessellate":true}},
{"type":"Feature","geometry":{"type":"LineString","coordinates":[[24.3141302,51.8257832,0],[24.3579038,51.7982959,0]]},"properties":{"name":"М-19","tessellate":true}},
{"type":"Feature","geometry":{"type":"LineString","coordinates":[[24.2895481,50.8308187,0],[24.2552158,50.809129,0],[24.2407962,50.7939401,0],[24.2245742,50.7748386,0],[24.2152616,50.7695192,0],[24.1769382,50.7496475,0],[24.1760762,50.7492249,0]]},"properties":{"name":"Р-15","tessellate":true}},
{"type":"Feature","geometry":{"type":"LineString","coordinates":[[24.1881577,50.6184937,0],[24.1905181,50.621271,0],[24.1915909,50.6239392,0],[24.1916768,50.6254366,0],[24.1903893,50.6291118,0],[24.1888014,50.6328412,0],[24.1863982,50.6365703,0],[24.1815058,50.6435921,0],[24.1752831,50.6523271,0],[24.1657988,50.6650322,0],[24.1573445,50.6764013,0],[24.1548125,50.6796646,0],[24.1539542,50.6813234,0],[24.1536109,50.682547,0],[24.1533474,50.6951574,0],[24.1531757,50.7053777,0],[24.154034,50.706954,0],[24.1629604,50.7131501,0]]},"properties":{"name":"Р-15","tessellate":true}},
{"type":"Feature","geometry":{"type":"LineString","coordinates":[[23.8214168,49.4266172,0],[23.8185844,49.4269522,0],[23.8110313,49.4286269,0],[23.7826213,49.4347113,0],[23.7805614,49.4346555,0],[23.7608203,49.4321437,0],[23.7548122,49.4300225,0]]},"properties":{"name":"т1402","tessellate":true}},
{"type":"Feature","geometry":{"type":"LineString","coordinates":[[23.5828838,49.3540852,0],[23.5879478,49.3573837,0],[23.5894927,49.3578309,0],[23.5930976,49.3576073,0],[23.5950717,49.3580545,0],[23.6009082,49.3606261,0],[23.6094913,49.3658246,0],[23.6118946,49.3663835,0],[23.6223659,49.3732022,0],[23.6342105,49.3796288,0],[23.6472568,49.3863339,0],[23.6490592,49.3865574,0],[23.65069,49.3865574,0],[23.652235,49.3866691,0],[23.6596164,49.3894067,0],[23.6620197,49.3903565,0],[23.6636505,49.3923677,0],[23.6720619,49.3991269,0],[23.6734352,49.4005792,0],[23.6799583,49.4077282,0],[23.6912879,49.4158812,0],[23.6942062,49.4167747,0],[23.6974677,49.4168305,0],[23.6995277,49.4173889,0],[23.7015018,49.4148761,0],[23.7119731,49.4187848,0],[23.7193546,49.4220789,0],[23.7227878,49.4230839,0],[23.7432155,49.4269918,0]]},"properties":{"name":"т1402","tessellate":true}},
{"type":"Feature","geometry":{"type":"LineString","coordinates":[[37.5103469,47.1160035,0],[37.4258895,47.1599091,0],[37.3544784,47.1860483,0],[37.3539916,47.1844285,0],[37.3340789,47.1831452,0],[37.3179427,47.1851285,0],[37.297515,47.1847785,0],[37.2920219,47.1859452,0],[37.2903053,47.1885117,0],[37.2903053,47.2046083,0],[37.288932,47.2071739,0],[37.2861854,47.2084567,0],[37.2760574,47.2111388,0],[37.2683326,47.2138207,0],[37.2542564,47.2194174,0],[37.2367469,47.2316581,0],[37.2109977,47.2469258,0],[37.1977798,47.257995,0],[37.1838752,47.2671982,0],[37.180957,47.269062,0],[37.1771804,47.2761669,0],[37.1696273,47.2922368,0],[37.1661941,47.3096985,0],[37.1625892,47.3122591,0],[37.1536628,47.3184273,0],[37.1491996,47.3211038,0],[37.1480717,47.3258917,0]]},"properties":{"name":"Лінія 324","tessellate":true}},
{"type":"Feature","geometry":{"type":"LineString","coordinates":[[33.2274628,48.1711229,0],[33.2268321,48.1725376,0],[33.219279,48.2137335,0],[33.2069194,48.2763793,0],[33.2155024,48.2850614,0],[33.220309,48.288945,0],[33.2518946,48.3266234,0],[33.2546412,48.331645,0]]},"properties":{"name":"т1215","tessellate":true}},
{"type":"Feature","geometry":{"type":"LineString","coordinates":[[32.2374028,48.5934675,0],[32.2374028,48.5942622,0],[32.2362012,48.5965328,0],[32.2334546,48.6055009,0],[32.2331113,48.6091331,0],[32.2343129,48.6192336,0],[32.2362012,48.6280842,0],[32.2365445,48.6522451,0],[32.2372312,48.6592757,0],[32.2370595,48.6625638,0],[32.2382612,48.6750342,0],[32.2406644,48.6884081,0],[32.2425527,48.7001923,0],[32.2447843,48.7091419,0],[32.2489042,48.7220537,0],[32.2526807,48.7339433,0],[32.255084,48.7418681,0],[32.2549123,48.7522816,0],[32.255084,48.7609956,0],[32.2490758,48.7745729,0]]},"properties":{"name":"н14","tessellate":true}},
{"type":"Feature","geometry":{"type":"LineString","coordinates":[[33.8401094,48.0374464,0],[33.8181368,48.0239006,0],[33.8009707,48.0135666,0],[33.7827745,48.0008184,0],[33.7759081,47.9963386,0],[33.7733332,47.9946155,0],[33.7698999,47.993237,0],[33.7659517,47.992318,0],[33.7609736,47.9918584,0],[33.7568537,47.9913989,0],[33.747584,47.9910542,0],[33.7347094,47.9903649,0],[33.7280146,47.9889863,0],[33.7166849,47.9845055,0],[33.7043253,47.9795646,0],[33.6993471,47.9781857,0],[33.6820093,47.9739337,0],[33.6586634,47.9684172,0],[33.6533419,47.9670379,0],[33.649737,47.9661184,0],[33.6425272,47.9629,0],[33.6344591,47.9593366,0],[33.6287943,47.9565776,0],[33.6245028,47.955428,0],[33.6009851,47.9516341,0],[33.5633913,47.9453102,0],[33.5357538,47.9409406,0],[33.5139528,47.9376056,0],[33.4847704,47.9328903,0],[33.4813372,47.9325453,0],[33.4770456,47.9320852,0],[33.4696642,47.9310501,0]]},"properties":{"name":"н11","tessellate":true}},
{"type":"Feature","geometry":{"type":"LineString","coordinates":[[23.1317546,48.9126631,0],[23.1303813,48.9133118,0],[23.1291797,48.9148348,0],[23.1298663,48.9158783,0],[23.130038,48.9164141,0],[23.1294371,48.9171756,0],[23.1279351,48.9185011,0],[23.1269051,48.9189523,0],[23.1257035,48.9191215,0],[23.1240298,48.9191215,0],[23.1214978,48.9188395,0],[23.1201245,48.9188959,0],[23.1190087,48.9190651,0],[23.1142451,48.9173166,0],[23.1110265,48.9164705,0],[23.1105544,48.9157373,0],[23.1105544,48.9150604,0],[23.1099965,48.9143835,0],[23.1073787,48.9130298,0],[23.1060912,48.9124939,0],[23.101628,48.9128041,0],[23.1009414,48.9126631,0],[23.0988385,48.9118734,0],[23.097594,48.910717,0],[23.0968215,48.910858,0],[23.0960919,48.9125221,0],[23.0959203,48.913199,0],[23.0951907,48.9140451,0],[23.0938603,48.915004,0],[23.0931308,48.9157655,0],[23.0926158,48.9160475,0],[23.0902125,48.9167808,0],[23.0892255,48.917514,0],[23.0886247,48.9176832,0],[23.0881097,48.9171474,0],[23.0872514,48.9166962,0],[23.085406,48.9168654,0],[23.0793979,48.9181062,0],[23.07781,48.9183036,0],[23.0771233,48.9185293,0],[23.0754067,48.9209827,0],[23.074248,48.9223081,0],[23.0693986,48.9260866,0],[23.0669095,48.9329097,0],[23.0665662,48.9335863,0],[23.0650212,48.9344039,0],[23.0636479,48.9351369,0],[23.062103,48.9364337,0],[23.061073,48.9368566,0],[23.0577685,48.9375895,0],[23.0566956,48.9380687,0],[23.0521037,48.9386889,0],[23.0506017,48.9390554,0],[23.049915,48.9393655,0],[23.0494429,48.940634,0],[23.0485417,48.9425508,0],[23.0485846,48.9433682,0],[23.0494429,48.9460177,0],[23.0500438,48.9470605,0],[23.0525328,48.9497944,0],[23.0535199,48.9502172,0],[23.0545928,48.9504144,0],[23.0560948,48.9498508,0],[23.0577256,48.9499353,0],[23.0590989,48.950189,0],[23.0620171,48.9512036,0],[23.0639054,48.9521054,0],[23.0652358,48.9534863,0],[23.0654504,48.954219,0],[23.0648496,48.9565298,0],[23.0627038,48.9591222,0],[23.0622746,48.9603902,0],[23.0621459,48.9614328,0],[23.0613305,48.9621372,0],[23.0609443,48.9630952,0],[23.0602576,48.9636587,0],[23.0587556,48.9640813,0],[23.0578114,48.9643349,0],[23.056996,48.9657436,0],[23.0574252,48.9675749,0],[23.0577685,48.9683356,0],[23.0573524,48.9695508,0],[23.0568374,48.9700579,0],[23.0543913,48.971551,0],[23.0532755,48.9723961,0],[23.0526317,48.9729877,0],[23.0507864,48.9742553,0],[23.0496277,48.9755229,0],[23.0493273,48.976706,0],[23.0487264,48.9779172,0],[23.0482115,48.9785651,0],[23.0475248,48.9807057,0],[23.0464948,48.9822267,0],[23.0461944,48.984846,0],[23.0464948,48.9874933,0],[23.0467953,48.988845,0],[23.0473102,48.9901967,0],[23.0481256,48.9910979,0],[23.0486835,48.9918582,0],[23.0481685,48.9926185,0],[23.0471386,48.9933506,0],[23.0468382,48.9940264,0],[23.0455936,48.996983,0],[23.0436195,49.0010092,0],[23.0423321,49.0030645,0],[23.0421175,49.0041343,0],[23.0419887,49.0062738,0],[23.0415167,49.0098208,0],[23.04083,49.0104682,0],[23.0364097,49.0133956,0],[23.0358948,49.0141275,0],[23.0337919,49.017702,0],[23.0338348,49.018293,0],[23.0346073,49.0199254,0],[23.0346073,49.0209104,0],[23.0353798,49.022205,0],[23.0361523,49.0233307,0],[23.0366672,49.0252161,0],[23.0356373,49.0273267,0],[23.0349935,49.0292682,0],[23.0349935,49.0300843,0],[23.0344786,49.0305626,0],[23.0325474,49.0317162,0]]},"properties":{"name":"т1423","tessellate":true}},
{"type":"Feature","geometry":{"type":"LineString","coordinates":[[23.9127316,49.8204734,0],[23.8917889,49.8160431,0],[23.8433804,49.8091753,0],[23.7338604,49.7918906,0],[23.6981549,49.787236,0],[23.6881985,49.7808075,0],[23.6758389,49.775265,0],[23.6521496,49.7646215,0],[23.6394467,49.763291,0],[23.6312069,49.763291,0],[23.6109509,49.7683914,0],[23.5999646,49.771274,0],[23.5934414,49.7759301,0],[23.5827984,49.7836893,0],[23.575932,49.7856844,0],[23.5680356,49.785241,0],[23.5357632,49.791669,0],[23.5285534,49.7905608,0],[23.5093274,49.7927772,0],[23.4787716,49.7912257,0],[23.4688153,49.7890092,0],[23.4379162,49.7885659,0],[23.42487,49.7885659,0],[23.4118237,49.7903391,0],[23.3915677,49.7976529,0],[23.3809247,49.7985393,0],[23.3689084,49.8005337,0],[23.358952,49.803636,0],[23.3445324,49.8023065,0],[23.3328595,49.796988,0],[23.3277096,49.7961015,0],[23.3071103,49.7987609,0],[23.2696881,49.8000905,0],[23.2456555,49.8014201,0],[23.2353558,49.802528,0],[23.2288327,49.8029712,0],[23.2247128,49.8029712,0],[23.2120099,49.8029712,0],[23.2034268,49.8034144,0],[23.1975903,49.8018633,0],[23.195187,49.7980961,0],[23.1848874,49.7941069,0],[23.1735577,49.7910041,0],[23.1570782,49.7925555,0],[23.1471219,49.7923339,0],[23.1316723,49.7949934,0],[23.1028332,49.8016417,0],[23.0894436,49.803636,0],[23.0794873,49.805187,0],[23.0695309,49.8045223,0],[23.0561413,49.8034144,0],[23.0513348,49.8034144,0],[23.0444684,49.8011985,0],[23.0338253,49.8003121,0],[23.0235257,49.7980961,0],[22.9984631,49.7989825,0],[22.9763188,49.8010877,0]]},"properties":{"name":"м11","tessellate":true}},
{"type":"Feature","geometry":{"type":"LineString","coordinates":[[23.6528321,49.714421,0],[23.6171266,49.7058736,0],[23.5639115,49.6933272,0],[23.5448571,49.6887742,0],[23.5422822,49.6878858,0],[23.5246011,49.6766678,0],[23.5141297,49.6737796,0],[23.5098382,49.6712245,0],[23.4933587,49.6587803,0],[23.4868356,49.6536683,0],[23.4868356,49.6523347,0],[23.4852906,49.651001,0],[23.4813424,49.6483336,0],[23.4756776,49.6462218,0],[23.461258,49.6433317,0],[23.4382554,49.6333265,0],[23.4097596,49.6205389,0],[23.4020349,49.6157567,0],[23.396885,49.6146444,0],[23.3831521,49.6089717,0],[23.3476182,49.595844,0],[23.3395501,49.5903916,0],[23.3077928,49.5669061,0],[23.3041879,49.5644567,0],[23.2611009,49.5429637,0],[23.2286569,49.5261413,0],[23.2174989,49.5205698,0],[23.2102891,49.5190096,0],[23.2035943,49.5176723,0],[23.2011911,49.5162235,0],[23.1955262,49.5158891,0],[23.1929513,49.5168921,0],[23.170681,49.5084913,0]]},"properties":{"name":"н13","tessellate":true}},
{"type":"Feature","geometry":{"type":"LineString","coordinates":[[23.5671818,49.4014748,0],[23.5673534,49.4065015,0],[23.5688984,49.4110251,0],[23.5705292,49.4148223,0],[23.5707008,49.4170558,0],[23.5707008,49.4194568,0],[23.5710441,49.4233092,0],[23.5723316,49.4258215,0],[23.5763656,49.4282778,0],[23.5795414,49.4316829,0],[23.5800564,49.4331343,0],[23.5796272,49.4343064,0],[23.5801422,49.4358135,0],[23.579713,49.4372647,0],[23.5785972,49.4384926,0],[23.576194,49.4401111,0],[23.5775673,49.4412273,0],[23.5785114,49.4416738,0],[23.5785114,49.4439619,0],[23.580743,49.4477008,0],[23.5810863,49.4487052,0],[23.592416,49.4586368,0],[23.5930168,49.460422,0],[23.5935318,49.4621514,0],[23.5949051,49.4645501,0],[23.5955059,49.4662236,0],[23.5968792,49.4722476,0],[23.5972225,49.4762074,0],[23.5997116,49.4846279,0],[23.6004841,49.487137,0],[23.6004841,49.4915416,0],[23.603059,49.4980085,0]]},"properties":{"name":"Лінія 327","tessellate":true}},
{"type":"Feature","geometry":{"type":"LineString","coordinates":[[23.7595142,49.4447666,0],[23.7732471,49.4606128,0],[23.7737621,49.4758962,0],[23.7818302,49.4944083,0],[23.7921299,49.5058913,0],[23.7945331,49.5097926,0],[23.799168,49.5156998,0],[23.8020862,49.5224977,0],[23.8026012,49.526732,0],[23.8017429,49.5317459,0],[23.8046612,49.5357566,0],[23.8058628,49.5411037,0],[23.8084377,49.5447794,0],[23.8094677,49.551462,0],[23.809296,49.5711701,0]]},"properties":{"name":"т1416","tessellate":true}},
{"type":"Feature","geometry":{"type":"LineString","coordinates":[[23.8068911,49.5780659,0],[23.8096377,49.5868584,0],[23.8139292,49.6031036,0],[23.8128992,49.6100006,0],[23.8199374,49.6235693,0],[23.8249155,49.6273501,0],[23.8350436,49.6322424,0],[23.8384768,49.6349107,0],[23.8441416,49.6376901,0],[23.8547846,49.6399135,0],[23.8573595,49.6419144,0],[23.8577029,49.6454715,0],[23.8568445,49.6479168,0],[23.8568445,49.65114,0],[23.8614794,49.656141,0],[23.8707491,49.6565855,0],[23.8765856,49.6592525,0],[23.8788172,49.6648083,0],[23.887057,49.6754736,0],[23.8920351,49.6875804,0],[23.9035364,49.6999062,0],[23.906798,49.7029038,0],[23.9126345,49.7064564,0],[23.9088579,49.7144488,0],[23.8989016,49.725991,0],[23.905768,49.7313172,0],[23.9081713,49.7395274,0],[23.917441,49.7464051,0],[23.9356371,49.7501763,0],[23.9483401,49.7574961,0],[23.9517733,49.7606565,0],[23.954434,49.7639831,0],[23.9566656,49.7658126,0],[23.9595839,49.7671432,0],[23.9629313,49.7724095,0],[23.967652,49.7808343,0]]},"properties":{"name":"т1416","tessellate":true}},
{"type":"Feature","geometry":{"type":"LineString","coordinates":[[25.2921197,50.7501115,0],[25.2653405,50.7896291,0],[25.2557275,50.8026496,0],[25.229635,50.8659641,0],[25.2172753,50.892392,0],[25.1980493,50.9343859,0],[25.194616,50.9417417,0],[25.1918695,50.952557,0],[25.1774499,50.9715858,0],[25.1623437,50.9867168,0],[25.1135919,51.0303529,0],[25.1005456,51.0424428,0],[25.0868127,51.0506448,0],[25.0634667,51.0635925,0],[25.0023553,51.094652,0],[24.9233911,51.1351706,0],[24.8883721,51.1528325,0],[24.8320672,51.1709181,0],[24.772329,51.1915788,0]]},"properties":{"name":"м19","tessellate":true}},
{"type":"Feature","geometry":{"type":"LineString","coordinates":[[24.3579038,51.7982959,0],[24.4125268,51.7638097,0],[24.472265,51.726397,0],[24.4887445,51.7102319,0],[24.5608422,51.6318773,0],[24.5821282,51.6088561,0],[24.5828149,51.5819834,0],[24.5848748,51.4880174,0],[24.5841882,51.456367,0],[24.6205804,51.3964279,0],[24.6501061,51.3462755,0],[24.6885583,51.255691,0],[24.6954248,51.2363489,0]]},"properties":{"name":"м19","tessellate":true}},
{"type":"Feature","geometry":{"type":"LineString","coordinates":[[36.3499949,48.1154579,0],[36.3354037,48.1208441,0],[36.3312838,48.1201565,0],[36.3166926,48.1169477,0],[36.313946,48.1180938,0],[36.3117144,48.1216463,0],[36.3089678,48.1243964,0],[36.3014147,48.1266881,0],[36.2871668,48.1319586,0],[36.2828753,48.133448,0],[36.2794421,48.1359684,0],[36.2760088,48.1396342,0],[36.2682841,48.1445597,0],[36.2631342,48.1492557,0],[36.2584994,48.1517753,0],[36.2564394,48.15063,0],[36.2524912,48.1492557,0],[36.2329218,48.1383741,0],[36.2291453,48.1435288,0],[36.2238238,48.1419252,0],[36.229317,48.1320731,0],[36.2306902,48.1287505,0],[36.2106059,48.1240527,0],[36.1448596,48.1077787,0],[36.1355898,48.1056008,0],[36.1277676,48.102674,0]]},"properties":{"name":"т0406","tessellate":true}},
{"type":"Feature","geometry":{"type":"LineString","coordinates":[[23.9547942,49.4529078,0],[23.9530776,49.4531589,0],[23.9491723,49.4545538,0],[23.9308904,49.4569808,0],[23.9240239,49.4576224,0],[23.9193461,49.4579571,0],[23.9136813,49.4582361,0],[23.9101193,49.4580687,0],[23.9075873,49.4578734,0],[23.8967297,49.4579292,0],[23.8941548,49.4572597,0],[23.88849,49.4564507,0],[23.8875029,49.4560602,0],[23.8825677,49.4489461,0],[23.875315,49.4382033,0],[23.8740275,49.4371149,0],[23.8720534,49.4356917,0],[23.8703797,49.434687,0],[23.866174,49.4329845,0],[23.8606379,49.4315053,0],[23.8569043,49.4306401,0],[23.8503812,49.429412,0],[23.8447593,49.4277094,0],[23.8408111,49.4264533,0],[23.8390944,49.4264533,0],[23.8371632,49.4270395,0],[23.8339017,49.426537,0],[23.8316701,49.4267324,0],[23.8286231,49.425588,0],[23.8272927,49.4254205,0],[23.8255761,49.4255321,0],[23.8221429,49.426537,0]]},"properties":{"name":"т1402","tessellate":true}},
{"type":"Feature","geometry":{"type":"LineString","coordinates":[[23.8828265,49.0279338,0],[23.8831698,49.03041,0],[23.8819682,49.0327735,0],[23.8768183,49.044702,0],[23.8721835,49.0513402,0],[23.8666903,49.061127,0],[23.8641154,49.0638265,0],[23.8589655,49.0650637,0],[23.8589655,49.0665259,0],[23.8574206,49.0684378,0],[23.8496958,49.0743981,0],[23.8548457,49.0831686,0],[23.8613688,49.0853047,0],[23.8702011,49.1106244,0]]},"properties":{"name":"н10","tessellate":true}},
{"type":"Feature","geometry":{"type":"LineString","coordinates":[[36.6566132,47.3641845,0],[36.6737793,47.3693003,0],[36.7651032,47.3855743,0],[36.8275879,47.3958012,0],[36.8495606,47.4027729,0],[36.8722199,47.4055613,0],[36.8969391,47.4167135,0],[36.9498108,47.418572,0],[36.9697236,47.4227533,0],[36.9793366,47.4195012,0],[37.0136689,47.418572,0],[37.0315217,47.413461,0],[37.0713471,47.3944067,0],[37.0727204,47.3888285,0],[37.1015595,47.3646496,0],[37.113056,47.3593348,0]]},"properties":{"name":"т0803","tessellate":true}},
{"type":"Feature","geometry":{"type":"LineString","coordinates":[[30.2730599,48.7201112,0],[30.282158,48.7232821,0],[30.2866212,48.7281514,0],[30.2926293,48.7303028,0],[30.3164903,48.7370961,0],[30.3209535,48.7383414,0],[30.3249017,48.7427564,0],[30.3279916,48.7444544,0],[30.3372613,48.7449072,0],[30.3441278,48.7470578,0],[30.3501359,48.7516984,0],[30.3757134,48.7653914,0],[30.3822366,48.7688989,0],[30.3839532,48.771388,0],[30.3882447,48.7707092,0],[30.3963128,48.7721799,0]]},"properties":{"name":"н16","tessellate":true}},
{"type":"Feature","geometry":{"type":"LineString","coordinates":[[30.3963128,48.7721799,0],[30.4578627,48.7841046,0],[30.4872168,48.7896465,0],[30.4933966,48.7895334,0],[30.5057562,48.7898727,0],[30.5102194,48.7904382,0],[30.5131376,48.7938308,0],[30.5131376,48.7959794,0],[30.5157125,48.7989194,0],[30.5246389,48.7993717,0],[30.5488432,48.7989194,0],[30.5569113,48.7994848,0],[30.5600012,48.8024246,0],[30.5642927,48.8052512,0],[30.6003416,48.8244676,0],[30.6169928,48.8332821,0],[30.6274641,48.8366719,0],[30.6346739,48.8387057,0],[30.6370771,48.8415302,0],[30.6448019,48.8417562,0],[30.6516684,48.842434,0],[30.6554449,48.8605069,0],[30.6573332,48.8672825,0],[30.6628263,48.871912,0],[30.673641,48.8795893,0],[30.6793058,48.8826373,0],[30.6803358,48.8837661,0]]},"properties":{"name":"н16","tessellate":true}},
{"type":"Feature","geometry":{"type":"LineString","coordinates":[[30.6787834,48.8834275,0],[30.645996,48.8839354,0],[30.6418762,48.8840483,0],[30.6391296,48.8847821,0],[30.631319,48.887999,0],[30.6136379,48.8935859,0],[30.6021366,48.8975359,0],[30.5985317,48.8984951,0],[30.5949268,48.8990029,0],[30.5886019,48.8964569,0],[30.5857695,48.8960055,0],[30.5819071,48.8966262,0],[30.5774439,48.8958362,0],[30.5724658,48.8976418,0],[30.5686034,48.8974726,0],[30.5570162,48.8995603,0],[30.5504931,48.8999552,0],[30.544485,48.9001245,0],[30.5244864,48.8986011,0],[30.5135001,48.8976983,0],[30.5084361,48.8971904,0],[30.5045737,48.8973597,0],[30.5001105,48.8969647,0],[30.4959906,48.8971904,0],[30.4925574,48.8982061,0],[30.4883517,48.8987139,0],[30.4853476,48.899391,0],[30.4796828,48.9017607,0],[30.4582251,48.8988832,0],[30.4542769,48.8996167,0],[30.4513587,48.8969647,0],[30.4482688,48.8941998,0],[30.4457797,48.889403,0]]},"properties":{"name":"Лінія 338","tessellate":true}},
{"type":"Feature","geometry":{"type":"LineString","coordinates":[[30.6793061,48.8841408,0],[30.6787053,48.8848746,0],[30.675787,48.8889945,0],[30.6756154,48.8917033,0],[30.677332,48.8948634,0],[30.6821385,48.9006753,0],[30.6835118,48.9030449,0],[30.6839409,48.9076147,0],[30.6866017,48.9095892,0],[30.6898633,48.9109995,0],[30.6938115,48.9112251,0],[30.6987897,48.9107174,0],[30.7074586,48.9102661,0],[30.7103768,48.9104918,0],[30.7141533,48.9122969,0],[30.7156125,48.9134815,0]]},"properties":{"name":"н16","tessellate":true}},
{"type":"Feature","geometry":{"type":"LineString","coordinates":[[30.71587,48.9137917,0],[30.7159558,48.9142148,0],[30.721449,48.9190655,0],[30.7303324,48.9275532,0],[30.7375422,48.9344889,0],[30.7441512,48.9408035,0],[30.751833,48.9479347,0],[30.7596007,48.9554876,0],[30.7702866,48.9653778,0],[30.7811013,48.9756886,0],[30.7895556,48.9836034,0],[30.7952633,48.988898,0],[30.7962504,48.9893204,0],[30.7997265,48.9904187,0],[30.8141032,48.9945863,0],[30.8184376,48.9958815,0]]},"properties":{"name":"н16","tessellate":true}},
{"type":"Feature","geometry":{"type":"LineString","coordinates":[[30.8191713,48.9959472,0],[30.8237203,48.9965666,0],[30.8313593,48.9999453,0],[30.833505,49.0004521,0],[30.8361658,49.0006774,0],[30.8401998,49.0024792,0],[30.8442339,49.004281,0],[30.8460363,49.0067584,0],[30.8476671,49.010812,0],[30.8529028,49.0208883,0],[30.854791,49.0221266,0],[30.8692106,49.029218,0],[30.8807119,49.0345077,0]]},"properties":{"name":"н16","tessellate":true}},
{"type":"Feature","geometry":{"type":"LineString","coordinates":[[30.259963,48.866003,0],[30.25995,48.875978,0],[30.2511978,48.9010636,0],[30.245372,48.917298,0],[30.240442,48.923211,0],[30.2271652,48.9360328,0],[30.207199,48.954456,0],[30.201892,48.95932,0],[30.188507,48.966846,0],[30.179594,48.972629,0],[30.168426,48.98041,0],[30.166065,48.983507,0],[30.1615906,49.0063483,0],[30.1557541,49.0438319,0],[30.148201,49.1055675,0],[30.147303,49.112776,0],[30.141473,49.119699,0],[30.134719,49.123504,0],[30.1262283,49.125792,0],[30.099444,49.132418,0],[30.092415,49.136192,0],[30.089859,49.139836,0],[30.0867462,49.1498259,0],[30.0805664,49.1812546,0],[30.076183,49.204597,0],[30.0781631,49.2153545,0],[30.083844,49.24156,0],[30.090245,49.255954,0],[30.091644,49.275897,0],[30.0925827,49.2816922,0]]},"properties":{"name":"m-05","tessellate":true}},
{"type":"Feature","geometry":{"type":"LineString","coordinates":[[30.235869,50.1421387,0],[30.2310624,50.1320162,0],[30.233809,50.1117648,0],[30.2351823,50.0848965,0],[30.2173295,50.0597765,0],[30.2152696,50.0311147,0],[30.2042833,50.0117032,0],[30.1747575,49.9587229,0],[30.191237,49.9216019,0],[30.158278,49.8472742,0],[30.1589647,49.8401894,0],[30.2011934,49.8007612,0],[30.1981035,49.7386743,0],[30.1974168,49.718035,0]]},"properties":{"name":"м05","tessellate":true}},
{"type":"Feature","geometry":{"type":"LineString","coordinates":[[30.1960651,49.7138152,0],[30.1823322,49.6280498,0],[30.1754658,49.5875586,0],[30.1699726,49.5109341,0],[30.1569263,49.4609744,0],[30.1287739,49.4190046,0],[30.1157276,49.3930904,0]]},"properties":{"name":"м05","tessellate":true}},
{"type":"Feature","geometry":{"type":"LineString","coordinates":[[30.1169992,49.3905322,0],[30.1084161,49.3630378,0],[30.1060128,49.3236696,0],[30.0984597,49.2992723,0],[30.0925827,49.2816922,0],[30.09022,49.2573883,0],[30.083844,49.24156,0],[30.0781631,49.2153545,0],[30.076183,49.204597,0],[30.0775171,49.1937103,0]]},"properties":{"name":"м05","tessellate":true}},
{"type":"Feature","geometry":{"type":"LineString","coordinates":[[30.506432,46.66317,0],[30.524965,46.652233,0],[30.537973,46.640132,0]]},"properties":{"name":"Лінія 343","tessellate":true}},
{"type":"Feature","geometry":{"type":"LineString","coordinates":[[31.3581206,49.025333,0],[31.3725402,49.0257833,0],[31.3948561,49.0269089,0],[31.4195754,49.0246577,0]]},"properties":{"name":"Лінія 344","tessellate":true}},
{"type":"Feature","geometry":{"type":"LineString","coordinates":[[32.1243328,49.3982373,0],[32.172398,49.365158,0],[32.1861309,49.3454787,0],[32.2671551,49.2801226,0],[32.3111004,49.2487568,0],[32.3674053,49.2236498,0],[32.4566692,49.1994273,0],[32.5143475,49.1814771,0],[32.5788921,49.1518451,0],[32.6269573,49.1186002,0],[32.6777691,49.1203978,0],[32.7697796,49.1096112,0],[32.7725262,49.0871317,0],[32.8041119,49.0691408,0]]},"properties":{"name":"р10","tessellate":true}},
{"type":"Feature","geometry":{"type":"LineString","coordinates":[[30.1063745,46.4067908,0],[30.0926415,46.3944793,0],[30.0830285,46.3741119,0],[30.0754754,46.3437835,0],[30.068609,46.3295613,0],[30.0610559,46.3086954,0],[30.0507562,46.2750086,0],[30.0425164,46.2541219,0],[30.0486962,46.1937906,0],[30.0514428,46.1752503,0]]},"properties":{"name":"Лінія 346","tessellate":true}},
{"type":"Feature","geometry":{"type":"LineString","coordinates":[[30.0491141,46.1746145,0],[30.0377844,46.1731881,0],[29.9986456,46.1634397,0],[29.9835394,46.159635,0],[29.9296378,46.1429863,0],[29.9093817,46.1358495,0],[29.8935889,46.1322808,0],[29.8685263,46.1215733,0],[29.8166846,46.0946765,0],[29.7569464,46.0653844,0],[29.7346304,46.0532343,0],[29.7236441,46.049422,0],[29.7157477,46.0484689,0],[29.7075079,46.0434647,0],[29.7037314,46.0389367,0],[29.6872519,46.029403,0]]},"properties":{"name":"м15","tessellate":true}},
{"type":"Feature","geometry":{"type":"LineString","coordinates":[[30.2411093,48.9231649,0],[30.2526964,48.9251952,0],[30.2624811,48.9245184,0],[30.3033365,48.9221498,0],[30.305654,48.9222626,0],[30.3069414,48.9232213,0],[30.3128637,48.931962,0],[30.3262533,48.9494389,0]]},"properties":{"name":"Лінія 347","tessellate":true}},
{"type":"Feature","geometry":{"type":"LineString","coordinates":[[30.1972294,48.7184,0],[30.1881313,48.7002192,0],[30.181689,48.6888577,0],[30.1808736,48.6880644,0],[30.1798436,48.6874978,0],[30.1777408,48.6867187,0],[30.1613042,48.6809953,0],[30.1558539,48.6791535,0]]},"properties":{"name":"Лінія 348","tessellate":true}},
{"type":"Feature","geometry":{"type":"LineString","coordinates":[[30.1409329,48.6785667,0],[30.1330365,48.6771924,0],[30.1180591,48.6747129,0],[30.1052274,48.6730125,0],[30.1026954,48.6721765,0],[30.101129,48.6709012,0],[30.0996055,48.6690449,0],[30.0947989,48.6632061,0],[30.0864519,48.6528025,0],[30.0851859,48.6512857,0],[30.0764207,48.6392016,0]]},"properties":{"name":"Лінія 349","tessellate":true}},
{"type":"Feature","geometry":{"type":"LineString","coordinates":[[31.4210793,49.0249937,0],[31.4518067,49.0379931,0],[31.4790151,49.0491889,0],[31.4813325,49.050539,0],[31.4816758,49.0549266,0],[31.4822766,49.0567265,0],[31.4862248,49.0604385,0],[31.4915463,49.0625194,0],[31.5003011,49.0719667,0],[31.5075967,49.0799506,0],[31.5082833,49.0802879,0],[31.5172955,49.090856,0],[31.518068,49.0918115,0],[31.529741,49.1101875,0],[31.5392682,49.1179404,0],[31.5709397,49.1361383,0],[31.5856168,49.1444487,0],[31.5959165,49.1464138,0],[31.6091344,49.1463576,0],[31.6196916,49.1478735,0],[31.627588,49.1481542,0],[31.632652,49.1464138,0],[31.6548821,49.1420343,0],[31.6668126,49.1394514,0],[31.6816613,49.1332181,0],[31.6893002,49.1296238,0],[31.6912744,49.1297361,0],[31.7062089,49.1350713,0],[31.7169377,49.1399006,0],[31.7216584,49.1438311,0],[31.7607972,49.1666216,0],[31.7723844,49.1736363,0],[31.7952153,49.201012,0],[31.8029401,49.2098162,0],[31.8225095,49.2229915,0]]},"properties":{"name":"H16","tessellate":true}},
{"type":"Feature","geometry":{"type":"LineString","coordinates":[[31.8383774,49.2266274,0],[31.8339142,49.2252821,0],[31.8198379,49.224161,0],[31.7968353,49.2277484,0],[31.7765793,49.2243852,0],[31.7408737,49.2246094,0],[31.732634,49.2286453,0],[31.7195877,49.2324566,0],[31.7079147,49.2335775,0],[31.6777023,49.232905,0],[31.6540131,49.2376126,0],[31.6320404,49.2355951,0],[31.5932449,49.2376126,0],[31.5767654,49.2266274,0],[31.5654358,49.2268516,0],[31.5534195,49.2290937,0],[31.5489563,49.2286453,0],[31.5410599,49.2324566,0],[31.5317902,49.2411991,0],[31.5297302,49.2474748,0],[31.5197739,49.2530775,0],[31.4912781,49.2741377,0],[31.481665,49.2797374,0],[31.4693054,49.2862321,0],[31.4511093,49.2855603,0],[31.4421829,49.2836567,0],[31.4366898,49.2838807,0],[31.4255318,49.2903749,0],[31.4174637,49.2923902,0],[31.3930878,49.3068306,0],[31.37369,49.3147766,0],[31.3718018,49.317798,0],[31.3510307,49.325966,0],[31.3374695,49.3417387,0],[31.3173851,49.3812042,0],[31.3175568,49.3837745,0],[31.3048538,49.3961772,0],[31.2902626,49.4043322,0],[31.2852844,49.4051141,0],[31.2631401,49.4034385,0],[31.2533554,49.4042205,0],[31.2502655,49.4052258,0]]},"properties":{"name":"1","tessellate":true}},
{"type":"Feature","geometry":{"type":"LineString","coordinates":[[32.017499,49.4692623,0],[32.0030794,49.4750628,0],[31.9955263,49.4784089,0],[31.9864283,49.4800819,0],[31.9713221,49.4807511,0],[31.9638548,49.4808069,0],[31.9578467,49.4800819,0],[31.951581,49.4774051,0],[31.9490919,49.4771263,0],[31.945487,49.4780743,0],[31.9389639,49.4799146,0],[31.9344149,49.4804165,0],[31.9307242,49.4807511,0],[31.9260035,49.4817549,0],[31.9115839,49.4828144,0],[31.9091807,49.4839853,0],[31.9021425,49.4877212,0],[31.8987093,49.4902859,0],[31.8961344,49.4913452,0],[31.8899546,49.4930178,0],[31.8867789,49.4942443,0],[31.8823157,49.4951362,0],[31.8777666,49.4959167,0],[31.8705569,49.498258,0],[31.8665228,49.4984253,0],[31.8589697,49.4977006,0],[31.8497858,49.4957495,0],[31.8453226,49.4951362,0],[31.8420611,49.4961397,0],[31.840087,49.498258,0],[31.8411169,49.5011567,0],[31.8442927,49.507455,0],[31.8442068,49.5093499,0],[31.8410311,49.5119693,0],[31.8408594,49.5152014,0],[31.8307314,49.5225566,0],[31.8245516,49.5224452,0],[31.8164835,49.5209408,0],[31.8096171,49.5196593,0],[31.8062697,49.5180991,0],[31.8006907,49.5158701,0],[31.7894469,49.5099073,0],[31.783782,49.5076222,0],[31.7784605,49.507678,0],[31.7719374,49.509963,0],[31.7653284,49.5128609,0],[31.7559649,49.5215437,0]]},"properties":{"name":"Лінія 352","tessellate":true}},
{"type":"Feature","geometry":{"type":"LineString","coordinates":[[32.578774,50.241397,0],[32.6151662,50.2444709,0],[32.6412587,50.2512768,0],[32.6601415,50.2488619,0],[32.6659779,50.2523744,0],[32.7126698,50.2517158,0],[32.7291493,50.2556671,0],[32.7586751,50.2532525,0],[32.7871709,50.2528134,0],[32.7981572,50.2455687,0],[32.825623,50.2370053,0],[32.8421025,50.2293189,0],[32.8465657,50.22866,0],[32.8503423,50.2295385,0],[32.8675084,50.2332721,0],[32.8894811,50.2378837,0],[32.9241566,50.2495205,0],[32.9327397,50.2482033,0],[32.9612355,50.2427144,0],[32.9756551,50.2405187,0],[32.9890446,50.2455687,0],[32.9965978,50.2508377,0],[33.0044942,50.2528134,0],[33.0209737,50.260935,0],[33.0336766,50.261813,0],[33.0539327,50.2677385,0],[33.0686955,50.2670802,0],[33.0944447,50.2686163,0],[33.1098943,50.2732245,0],[33.1201939,50.2773935,0],[33.1275754,50.2832074,0],[33.1320386,50.2873755,0],[33.1454282,50.2943945,0],[33.1603627,50.3021801,0],[33.1759839,50.3086488,0],[33.1847386,50.3124857,0],[33.2005315,50.3244331,0],[33.2089429,50.3281592,0],[33.2182126,50.3329808,0],[33.227654,50.337035,0],[33.2352071,50.3421843,0],[33.2405286,50.3454708,0],[33.2515149,50.3505097,0],[33.2576947,50.3536861,0]]},"properties":{"name":"Лінія 353","tessellate":true}},
{"type":"Feature","geometry":{"type":"LineString","coordinates":[[28.6516669,50.2452474,0],[28.6339858,50.2452474,0],[28.6266043,50.2446985,0],[28.6212828,50.24393,0],[28.6163047,50.2407463,0],[28.6130431,50.2397582,0],[28.594847,50.2397582,0],[28.5898688,50.2383309,0],[28.584204,50.2375623,0],[28.572531,50.2372329,0],[28.5677245,50.236135,0],[28.5651496,50.2342683,0],[28.5550215,50.2317428,0],[28.5462668,50.2295466,0],[28.5397437,50.2283386,0],[28.5351088,50.2247145,0],[28.5321906,50.2235064,0],[28.5287574,50.2235064,0],[28.5248091,50.2227376,0],[28.5215476,50.2193328,0],[28.5194876,50.217136,0],[28.5129645,50.2160375,0],[28.5060981,50.21428,0],[28.4933951,50.2126322,0],[28.4764006,50.2113139,0],[28.4698775,50.2085675,0],[28.454943,50.2068096,0],[28.4484198,50.2051616,0],[28.4408667,50.2056011,0],[28.4255889,50.2086773,0],[28.4080794,50.2088971,0],[28.4010413,50.2086773,0],[28.3919432,50.2113139,0],[28.3694556,50.2120829,0],[28.3540061,50.2093365,0],[28.3222487,50.2062603,0],[28.290663,50.2040629,0],[28.2760718,50.2001073,0],[28.2686904,50.19758,0],[28.2671454,50.1949426,0],[28.2721236,50.1894476,0],[28.2697203,50.1860404,0],[28.2656005,50.1835123,0],[28.2645705,50.1791153,0],[28.2609656,50.1747179,0],[28.2607939,50.1719693,0],[28.2583907,50.1699902,0],[28.2501509,50.1651521,0],[28.2417395,50.1585539,0],[28.2228568,50.1489849,0],[28.2165053,50.1446947,0],[28.2116988,50.1384238,0],[28.1921294,50.1224677,0],[28.1780532,50.1114604,0],[28.1758216,50.1099191,0],[28.1734183,50.1072769,0],[28.1708434,50.1051851,0],[28.1679251,50.1038638,0],[28.161402,50.1002303,0],[28.1547072,50.0967066,0],[28.1480124,50.0907598,0],[28.1452658,50.0872354,0],[28.1440642,50.0836006,0],[28.1447509,50.0811772,0],[28.1435492,50.0786436,0],[28.1418326,50.0764403,0],[28.1387427,50.0737962,0],[28.1349662,50.0709317,0],[28.1308463,50.0685077,0],[28.1280997,50.0654224,0],[28.1253531,50.0617859,0],[28.1253531,50.0581492,0]]},"properties":{"name":"Лінія 354","tessellate":true}},
{"type":"Feature","geometry":{"type":"LineString","coordinates":[[32.2311305,51.5365534,0],[32.2321605,51.5390092,0],[32.2316455,51.556943,0],[32.2330188,51.5665476,0],[32.2357654,51.5751899,0],[32.2321605,51.5803105,0],[32.2337054,51.5838306,0],[32.2385119,51.5894835,0],[32.2513865,51.5987612,0],[32.2543048,51.6017468,0],[32.256708,51.6076107,0],[32.2622012,51.6260503,0],[32.2649478,51.6362795,0],[32.2654628,51.6432042,0],[32.2666644,51.6498083,0],[32.2651195,51.6547075,0],[32.2611712,51.6590737,0],[32.2603129,51.6653561,0],[32.257738,51.6707859,0],[32.2424602,51.6891999,0],[32.2419452,51.6957973,0],[32.2337054,51.7048406,0],[32.2357654,51.7131375,0],[32.237482,51.7180298,0],[32.2337054,51.7288762,0],[32.2357654,51.7458849,0],[32.2359146,51.7485087,0]]},"properties":{"name":"Лінія 355","tessellate":true}},
{"type":"Feature","geometry":{"type":"LineString","coordinates":[[32.3568509,48.4939141,0],[32.3798535,48.4905012,0]]},"properties":{"name":"Лінія 356","tessellate":true}},
{"type":"Feature","geometry":{"type":"LineString","coordinates":[[32.3364232,48.4968718,0],[32.3609708,48.4944829,0],[32.3947881,48.4874294,0],[32.4047444,48.4849263,0],[32.4169324,48.4777576,0],[32.429807,48.4661491,0],[32.4353002,48.46023,0],[32.4433682,48.4465679,0],[32.4461148,48.4437211,0],[32.4598477,48.4364328,0],[32.4663709,48.4308519,0],[32.4713491,48.423106,0],[32.4852536,48.4110292,0],[32.5158093,48.3943904,0],[32.5437902,48.3939345,0],[32.5561498,48.3931366,0],[32.5822423,48.3900589,0],[32.6006101,48.3896029,0],[32.6129697,48.386639,0],[32.6258443,48.3842449,0],[32.6342557,48.3772901,0],[32.6474736,48.3709045,0],[32.6536534,48.3685097,0],[32.6682447,48.3571043,0],[32.6711629,48.3560777,0],[32.7072118,48.3593856,0],[32.7449773,48.3467232,0],[32.7762197,48.3365682,0],[32.8005956,48.3207041,0],[32.8042005,48.3140831,0],[32.8503774,48.2849632,0],[32.8872846,48.2619982,0],[32.938268,48.2209555,0],[32.950456,48.2147791,0],[32.9544042,48.2102035,0],[32.9597257,48.2074579,0],[32.9743169,48.2050554,0],[32.9832433,48.2032249,0],[32.9875348,48.2008222,0],[32.9997442,48.1874195,0],[33.0071268,48.1790638,0],[33.0150006,48.1708365,0],[33.0357717,48.1469039,0],[33.0484746,48.1377402,0],[33.0725072,48.1203246,0],[33.0877851,48.1104684,0],[33.0943082,48.1069151,0],[33.0991147,48.1026738,0],[33.0992864,48.0990054,0],[33.1088994,48.0984322,0],[33.1255506,48.0987761,0],[33.1401418,48.0982029,0],[33.1574796,48.0930436,0],[33.1725858,48.0863931,0],[33.1938718,48.0789389,0],[33.19782,48.0759569,0],[33.2034848,48.0734336,0],[33.2132695,48.0691895,0],[33.2208226,48.0656334,0],[33.2235692,48.0626506,0],[33.2264874,48.0623064,0],[33.2336972,48.0631095,0],[33.2405637,48.0633389,0],[33.2455419,48.0618475,0],[33.2479451,48.0593235,0],[33.2498334,48.0480786,0],[33.2520085,48.0394498,0],[33.2556134,48.0364656,0],[33.25939,48.0355473,0],[33.2901174,48.0381873,0],[33.2950955,48.035576,0],[33.2968122,48.0317592,0],[33.2978421,48.0226898,0],[33.2957822,48.0063837,0],[33.2968122,48.0027084,0],[33.2969838,47.9967354,0],[33.301962,47.9832938,0],[33.3007604,47.9766291,0],[33.3064252,47.9705382,0],[33.3168965,47.9414528,0],[33.3218747,47.9271916,0]]},"properties":{"name":"Лінія 357","tessellate":true}},
{"type":"Feature","geometry":{"type":"LineString","coordinates":[[31.9835817,49.7004078,0],[31.9695055,49.7040716,0],[31.9598924,49.7078461,0],[31.9370615,49.7150613,0],[31.9197237,49.7229413,0],[31.9090807,49.7249388,0],[31.8817865,49.7284898,0],[31.8783533,49.7304871,0],[31.8644487,49.7496792,0],[31.854664,49.7537829,0],[31.8517458,49.7548919,0],[31.8395578,49.7656484,0],[31.8356096,49.7665354,0],[31.8271982,49.7688637,0],[31.8191301,49.7724115,0],[31.8103754,49.7782869,0],[31.7980158,49.7857133,0],[31.7896043,49.8025569,0],[31.7842828,49.8148535,0],[31.779648,49.823271,0],[31.7782747,49.8261504,0],[31.778103,49.83213,0]]},"properties":{"name":"н08","tessellate":true}},
{"type":"Feature","geometry":{"type":"LineString","coordinates":[[30.8807119,49.0345077,0],[30.8883287,49.0398026,0],[30.9051515,49.0544294,0],[30.9027482,49.0661277,0],[30.9054948,49.0784979,0],[30.908928,49.0793974,0],[30.9326173,49.0796223,0],[30.9346772,49.0753494,0],[30.9497834,49.0524044,0],[30.9549333,49.0492542,0],[30.9672929,49.0503793,0],[30.9779359,49.0533044,0],[30.9817125,49.0546544,0],[30.9830858,49.0575792,0],[30.998192,49.0704014,0],[31.0029985,49.0715259,0],[31.0517503,49.0710761,0],[31.0802461,49.0582541,0],[31.1005021,49.0582541,0],[31.1066819,49.0587041,0],[31.1324312,49.0710761,0],[31.158867,49.0701764,0],[31.1698533,49.071301,0],[31.2017824,49.0704014,0],[31.2124254,49.0688269,0],[31.2265016,49.0674773,0],[31.2512208,49.0652279,0],[31.2704469,49.0636533,0],[31.2814332,49.0618536,0],[31.2879564,49.0607288,0],[31.3277818,49.0404778,0],[31.3581206,49.025333,0]]},"properties":{"name":"н16","tessellate":true}},
{"type":"Feature","geometry":{"type":"LineString","coordinates":[[32.1910447,47.0515614,0],[32.1882981,47.0604496,0],[32.2034043,47.0758835,0],[32.2027177,47.0866378,0],[32.2006577,47.1001945,0],[32.2171372,47.1109439,0],[32.2205704,47.1212239,0],[32.23499,47.136173,0],[32.2528428,47.1660588,0],[32.2665757,47.1912618,0],[32.2967881,47.2038589,0],[32.3160142,47.2271788,0],[32.320134,47.241632,0],[32.3393601,47.2528189,0],[32.3469132,47.2621395,0],[32.3517197,47.2723903,0],[32.3572129,47.2765832,0],[32.3640794,47.284968,0],[32.3709458,47.2938172,0],[32.3805589,47.31477,0],[32.4265641,47.3761836,0],[32.4217576,47.3961741,0],[32.4183244,47.4110459,0],[32.4355233,47.4183052,0]]},"properties":{"name":"н11","tessellate":true}},
{"type":"Feature","geometry":{"type":"LineString","coordinates":[[37.1079284,48.4714115,0],[37.1151382,48.4732324,0],[37.1189148,48.4748257,0],[37.1196014,48.490073,0],[37.1456939,48.5141862,0],[37.1570236,48.5257837,0],[37.1693832,48.5351053,0],[37.1789962,48.5457889,0],[37.208522,48.5630598,0],[37.2177917,48.5689669,0],[37.2205383,48.5735103,0],[37.2211559,48.5771273,0]]},"properties":{"name":"Лінія 361","tessellate":true}},
{"type":"Feature","geometry":{"type":"LineString","coordinates":[[37.2820957,48.6105068,0],[37.2854263,48.6124537,0],[37.2871429,48.6176741,0],[37.2900612,48.6213054,0],[37.306369,48.6361683,0],[37.3189003,48.6480781,0],[37.3257667,48.657604,0],[37.3283416,48.6646338,0],[37.3293716,48.6657675,0],[37.3336631,48.6655408,0],[37.3412162,48.6648606,0],[37.3508293,48.6653141,0],[37.3558075,48.6665612,0],[37.3628456,48.6667879,0],[37.3661071,48.6678082,0],[37.3659355,48.6708691,0],[37.3683387,48.6726829,0],[37.3686821,48.6750633,0],[37.3733169,48.6776704,0],[37.3774368,48.6797106,0],[37.3875648,48.6885505,0],[37.3966629,48.6934232,0],[37.4170906,48.7030537,0],[37.4320251,48.7058859,0],[37.447818,48.7089445,0],[37.4557144,48.7110967,0],[37.4622375,48.7169865,0],[37.490905,48.7202709,0],[37.5054962,48.7214034,0],[37.5132209,48.7233285,0]]},"properties":{"name":"Лінія 362","tessellate":true}},
{"type":"Feature","geometry":{"type":"LineString","coordinates":[[38.0427241,48.6241265,0],[38.0777431,48.6504441,0],[38.0880427,48.6590624,0],[38.1065822,48.6631442,0],[38.1161952,48.6731206,0],[38.1264949,48.6912546,0],[38.143661,48.7007722,0],[38.1622005,48.7107412,0],[38.2150722,48.7306732,0],[38.2198787,48.7361079,0],[38.2301784,48.7374664,0],[38.2329249,48.7438059,0],[38.2480311,48.7505974,0],[38.2844234,48.805348,0],[38.2940364,48.8234343,0],[38.2906032,48.8351868,0],[38.2823634,48.8437735,0],[38.2837367,48.8672664,0],[38.2988429,48.8713313,0],[38.3228755,48.892554,0],[38.3359218,48.8988739,0],[38.3599544,48.9033877,0],[38.3736873,48.9119626,0],[38.3846736,48.9236944,0]]},"properties":{"name":"Лінія 363","tessellate":true}},
{"type":"Feature","geometry":{"type":"LineString","coordinates":[[36.7700815,49.790574,0],[36.8134487,49.7772571,0],[36.820419,49.7816694,0],[36.9148327,49.7224435,0],[36.9285656,49.7251069,0],[36.9989468,49.7264385,0],[37.0727612,49.7126765,0],[37.0983387,49.7062381,0],[37.1524121,49.6975782,0],[37.1551599,49.6833631,0],[37.1654584,49.6822531,0],[37.1805634,49.6830324,0],[37.2035672,49.6875841,0],[37.24052,49.674145,0],[37.2426202,49.6698117,0],[37.2897412,49.651366,0],[37.3191795,49.6527587,0],[37.3474194,49.6567004,0],[37.3913647,49.6584784,0],[37.4229504,49.651366,0],[37.4449231,49.651366,0],[37.4656941,49.6601452,0],[37.4943616,49.6649231,0],[37.5022559,49.6755879,0],[37.5149609,49.6842523,0],[37.5278336,49.6912492,0],[37.5424267,49.6975782,0],[37.577789,49.6879728,0],[37.5855984,49.6935253,0],[37.5959851,49.6978558,0],[37.6011349,49.7022414,0],[37.6028515,49.7077923,0],[37.6077438,49.708958,0],[37.6131512,49.7095684,0]]},"properties":{"name":"р07","tessellate":true}},
{"type":"Feature","geometry":{"type":"LineString","coordinates":[[36.1088326,48.8061101,0],[36.1582711,48.8427274,0],[36.1857369,48.8639622,0],[36.2118295,48.8748021,0],[36.2104562,48.8829304,0],[36.2159493,48.884285,0],[36.2392953,48.8865426,0],[36.2722543,48.8942176,0],[36.290107,48.8883486,0],[36.3161996,48.8915089,0],[36.3148263,48.9158818,0],[36.3065865,48.9303194,0],[36.2942269,48.9348303,0],[36.280494,48.9352814,0],[36.2722543,48.951968,0],[36.30178,48.9956875,0],[36.3168862,49.0155064,0],[36.3333657,49.0384684,0],[36.3278725,49.1009974,0],[36.3258126,49.1400942,0],[36.3168862,49.2096731,0],[36.3161996,49.2634735,0],[36.2976601,49.3002034,0],[36.2770608,49.3145296,0],[36.2660745,49.3297466,0],[36.2255624,49.36911,0],[36.2125161,49.3816281,0],[36.2143034,49.38539,0],[36.2046904,49.3937702,0],[36.1925024,49.3879601,0],[36.1834044,49.3939937,0],[36.1662382,49.4076224,0],[36.1504454,49.430403,0],[36.1341375,49.453173,0],[36.1284727,49.4610954,0],[36.1279577,49.4662275,0],[36.1305326,49.4713591,0],[36.1495871,49.4990158,0],[36.1636633,49.5211967,0],[36.1658949,49.5263226,0],[36.1749929,49.5395803,0],[36.1761946,49.5693137,0],[36.1772245,49.5762155,0],[36.1737913,49.5837841,0],[36.1688131,49.5902388,0],[36.161775,49.5950235,0],[36.1554235,49.5979164,0],[36.1543936,49.6006979,0],[36.1538786,49.6055929,0],[36.1538786,49.6109323,0],[36.150617,49.6179395,0],[36.1509604,49.6261688,0],[36.1463255,49.6332849,0],[36.1435789,49.6377319,0],[36.1401567,49.6524676,0],[36.1387834,49.6671356,0],[36.1339769,49.6773561,0],[36.1257371,49.6955699,0],[36.1168107,49.703564,0],[36.0982713,49.7106688,0],[36.0811052,49.7270947,0],[36.0687456,49.7404089,0],[36.0693169,49.752769,0]]},"properties":{"name":"Лінія 365","tessellate":true}},
{"type":"Feature","geometry":{"type":"LineString","coordinates":[[27.0362711,50.1588139,0],[27.0273447,50.149795,0],[27.0197916,50.1383539,0],[27.0142985,50.1324122,0],[27.0118952,50.1273502,0],[27.0033121,50.1220675,0],[27.0081186,50.1086382,0],[27.0318079,50.0938835,0],[27.0445109,50.0797853,0],[27.0524073,50.0793447,0],[27.0774698,50.0621567,0],[27.0791865,50.0352606,0],[27.0810843,50.0001536,0]]},"properties":{"name":"Лінія 366","tessellate":true}},
{"type":"Feature","geometry":{"type":"LineString","coordinates":[[26.6183046,51.2554592,0],[26.6062883,51.2027863,0],[26.5815691,51.0983377,0],[26.5712694,51.0515284,0],[26.5499834,51.0290777,0],[26.5486101,51.0254068,0],[26.55067,51.020224,0],[26.5616563,51.0016472,0],[26.5626863,50.9973259,0],[26.5571932,50.9873855,0],[26.5314439,50.943709,0],[26.5208009,50.9257508,0],[26.4699892,50.8837492,0],[26.4850954,50.871618,0],[26.4747957,50.8573164,0],[26.4706758,50.8469125,0],[26.4638094,50.8408425,0],[26.4638094,50.831736,0],[26.4205507,50.777928,0],[26.3772043,50.7407881,0],[26.3775476,50.7340524,0],[26.3723978,50.723621,0],[26.365188,50.7186218,0],[26.3452753,50.7121003,0],[26.3373789,50.7099263,0],[26.3311991,50.6975324,0],[26.3075098,50.6759984,0],[26.3154062,50.6511894,0],[26.3202127,50.6392155,0],[26.3325723,50.6263673,0],[26.3397821,50.6180903,0],[26.3411554,50.6122085,0]]},"properties":{"name":"Лінія 367","tessellate":true}},
{"type":"Feature","geometry":{"type":"LineString","coordinates":[[30.7385604,50.4893166,0],[30.7431953,50.485494,0],[30.7505767,50.4835279,0],[30.7643096,50.4821079,0],[30.7902305,50.4817802,0],[30.8202713,50.4822171,0],[30.8261077,50.4834187,0],[30.8303993,50.4862585,0],[30.8312576,50.4899719,0],[30.8322875,50.4965243,0],[30.8384674,50.5014379,0],[30.8425872,50.5085345,0],[30.8525436,50.5137744,0],[30.86147,50.5183588,0],[30.8669631,50.5227245,0],[30.8683364,50.5270898,0],[30.8661048,50.5323276,0],[30.8588951,50.5483649,0],[30.8537452,50.553055,0],[30.8370941,50.5631972,0],[30.8326309,50.5676678,0],[30.827481,50.5706116,0]]},"properties":{"name":"Лінія 368","tessellate":true}},
{"type":"Feature","geometry":{"type":"LineString","coordinates":[[31.1566559,51.0663547,0],[31.1508194,51.0466633,0],[31.1441246,51.0240482,0],[31.1351124,50.9942378,0],[31.123964,50.955345,0],[31.1196629,50.9404551,0],[31.118412,50.937863,0],[31.115513,50.93504,0],[31.111509,50.9321795,0],[31.1013809,50.924768,0],[31.089978,50.916313,0],[31.0857597,50.9124851,0],[31.082774,50.907894,0],[31.0818115,50.9043669,0],[31.080553,50.897106,0],[31.079566,50.894439,0],[31.0774342,50.8919703,0],[31.0665337,50.8778374,0],[31.057062,50.865528,0],[31.0479942,50.8540022,0],[31.0399262,50.843706,0],[31.0326305,50.8344916,0],[31.0216442,50.8201244,0],[31.0132328,50.8092241,0],[31.0052506,50.7989722,0],[30.9910885,50.7807954,0],[30.9776131,50.7637516,0],[30.9760681,50.7617428,0],[30.9576145,50.7380112,0],[30.9352985,50.7100284,0],[30.9150425,50.6835515,0],[30.9095512,50.6767726,0],[30.9047554,50.6706771,0],[30.9030227,50.6683414,0],[30.90129,50.6661041,0],[30.8960007,50.6594461,0],[30.8896116,50.6512566,0],[30.8860014,50.6466035,0],[30.8814577,50.6408136,0],[30.8809052,50.6401706,0]]},"properties":{"name":"м01","tessellate":true}},
{"type":"Feature","geometry":{"type":"LineString","coordinates":[[34.803565,50.9062456,0],[34.8294859,50.8971518,0],[34.8409872,50.8939036,0],[34.8574667,50.8910884,0],[34.899867,50.8771177,0],[34.9077634,50.8739764,0],[34.9170332,50.8667182,0],[34.933341,50.8502476,0],[34.9384908,50.8357227,0],[34.9405508,50.8327955,0],[34.9398641,50.8159875,0],[34.9331693,50.7917951,0],[34.9357443,50.7801827,0],[34.9529104,50.7665045,0],[34.9755697,50.755103,0],[34.9765997,50.7519535,0],[34.9819212,50.7364202,0],[35.0028638,50.6981624,0],[35.0037222,50.6949003,0],[35.0025205,50.6910943,0],[34.9990873,50.6816323,0],[34.998744,50.6613968,0],[34.9930792,50.6536702,0],[34.9905042,50.6472485,0],[34.9863844,50.6443095,0],[34.9805479,50.6352736,0],[34.9743681,50.6298294,0],[34.9687032,50.6267804,0],[34.9676733,50.6193749,0],[34.9650983,50.6168698,0],[34.964755,50.6112056,0],[34.965785,50.6075017,0],[34.9675016,50.5926834,0],[34.9719648,50.5676123,0],[34.9688749,50.5601974,0],[34.9592619,50.5402369,0],[34.9589185,50.5367457,0],[34.9614935,50.5323813,0],[34.9649267,50.5288895,0],[34.965785,50.5229964,0],[34.9719648,50.5096799,0],[34.9724798,50.5056405,0],[34.9728231,50.5017099,0],[34.9702482,50.4984343,0],[34.9678449,50.4946123,0],[34.9664716,50.4930835,0],[34.966815,50.4883874,0],[34.9644117,50.4856569,0],[34.965785,50.4806323,0],[34.9644117,50.4769182,0],[34.9613218,50.4726575,0],[34.9594335,50.4700354,0],[34.9558286,50.4671945,0],[34.9534254,50.4646814,0],[34.9532537,50.4607474,0],[34.9553136,50.4568131,0],[34.9554853,50.4548459,0]]},"properties":{"name":"н12","tessellate":true,"description":"Н 12 (http://routes.in.ua/natsionalnyie/sumyi-poltava-n-12/)"}},
{"type":"Feature","geometry":{"type":"LineString","coordinates":[[34.9554853,50.4548459,0],[34.9542837,50.4519279,0],[34.9443273,50.4432924,0],[34.9417524,50.4393566,0],[34.9408941,50.4359673,0],[34.9372892,50.432359,0],[34.9348859,50.4229543,0],[34.9329977,50.4166105,0],[34.9321394,50.411688,0],[34.933856,50.4076403,0],[34.9324827,50.4052333,0],[34.9281912,50.4014039,0],[34.9259596,50.3981212,0],[34.923728,50.3954949,0],[34.9201231,50.393744,0],[34.9192648,50.391993,0],[34.9218397,50.3892569,0],[34.9278478,50.3834559,0],[34.9256162,50.3791868,0],[34.9256162,50.369881,0],[34.9287061,50.3568499,0],[34.9244146,50.3455679,0],[34.9223547,50.3432674,0],[34.9123983,50.3383373,0],[34.9070768,50.3340641,0],[34.8976354,50.3273797,0]]},"properties":{"name":"н12","tessellate":true,"description":"Н 12 (http://routes.in.ua/natsionalnyie/sumyi-poltava-n-12/)"}},
{"type":"Feature","geometry":{"type":"LineString","coordinates":[[24.0498556,51.2038543,0],[24.036466,51.2158988,0],[24.0299429,51.2171891,0],[24.0330328,51.2307351,0],[24.0347494,51.2380439,0],[24.0326895,51.2820875,0],[24.0340628,51.2893882,0],[24.0072867,51.3170034,0],[23.9942404,51.3305199,0],[23.9942404,51.3352391,0],[23.9866873,51.3571124,0],[23.9846274,51.3635437,0],[23.9698645,51.3697598,0],[23.9657446,51.378118,0],[23.964028,51.3864748,0],[23.953385,51.4029695,0],[23.9341589,51.4297339,0],[23.922486,51.4592636,0],[23.9197394,51.4635417,0],[23.9121863,51.4697442,0],[23.9114996,51.473166,0],[23.9221426,51.4857813,0],[23.9190527,51.5026676,0],[23.9125296,51.5218975,0],[23.9036032,51.534713,0],[23.8943335,51.553289,0],[23.8806006,51.5769783,0],[23.8744208,51.5838054,0],[23.854508,51.5910581,0],[23.8397452,51.5972432,0],[23.8363119,51.6015084,0],[23.8349387,51.6113167,0]]},"properties":{"name":"Лінія 371","tessellate":true}},
{"type":"Feature","geometry":{"type":"LineString","coordinates":[[32.7190211,48.7119332,0],[32.7214243,48.720541,0],[32.7176478,48.7262032,0],[32.7056315,48.7277885,0],[32.6918986,48.7314119,0],[32.6843455,48.7354879,0],[32.6771357,48.7384314,0],[32.6688959,48.7388843,0]]},"properties":{"name":"Лінія 369","tessellate":true}},
{"type":"Feature","geometry":{"type":"LineString","coordinates":[[32.6132776,48.7232584,0],[32.623234,48.7248438,0],[32.6688959,48.7388843,0]]},"properties":{"name":"Лінія 370","tessellate":true}},
{"type":"Feature","geometry":{"type":"LineString","coordinates":[[33.382985,48.9936143,0],[33.3819551,48.9879823,0],[33.3747453,48.9825749,0],[33.3661622,48.9699555,0],[33.373372,48.9496675,0],[33.3706254,48.9404225,0],[33.3551759,48.9088412,0],[33.3541459,48.9054563,0],[33.3177537,48.8772399,0],[33.3132905,48.8752077,0],[33.3064241,48.8756594,0],[33.2796449,48.8912372,0],[33.276555,48.891463,0],[33.2631654,48.8788205,0],[33.2487458,48.8734013,0],[33.2267732,48.8598507,0],[33.2185334,48.850815,0],[33.2099504,48.8456187,0],[33.2068605,48.8415517,0],[33.2058305,48.8374843,0],[33.1979341,48.8207594,0],[33.1969041,48.8051596,0],[33.1895129,48.7910578,0]]},"properties":{"name":"Лінія 371","tessellate":true}},
{"type":"Feature","geometry":{"type":"LineString","coordinates":[[33.1895129,48.7910578,0],[33.1847517,48.7591277,0],[33.1809751,48.7527901,0],[33.175482,48.749621,0],[33.1253569,48.7249406,0],[33.1157438,48.7129357,0]]},"properties":{"name":"Лінія 372","tessellate":true}},
{"type":"Feature","geometry":{"type":"LineString","coordinates":[[29.2527294,48.821276,0],[29.2448888,48.8214233,0],[29.2412839,48.8223275,0],[29.2364774,48.825605,0],[29.2284093,48.8304643,0],[29.2071233,48.8360012,0],[29.1964803,48.8402946,0],[29.1901288,48.8413114,0],[29.1633496,48.8483156,0],[29.1496167,48.8520432,0],[29.1396603,48.8554318,0],[29.1339955,48.8562224,0],[29.1188893,48.8666122,0],[29.1178593,48.8727096,0],[29.1149411,48.8740645,0],[29.1099629,48.8734999,0],[29.1061864,48.8719192,0],[29.0900502,48.8719192,0],[29.0826688,48.8741774,0],[29.0787206,48.8774515,0],[29.0691075,48.8864824,0],[29.0400967,48.8996872,0],[29.0184674,48.9102937,0],[29.0064511,48.9155961,0],[28.9959798,48.9205595,0],[28.9748654,48.928342,0],[28.9717755,48.9287932,0],[28.9683423,48.9276654,0],[28.956841,48.9208979,0],[28.9530644,48.9192059,0],[28.9479146,48.9187547,0],[28.9276585,48.9180778,0],[28.923367,48.9192059,0],[28.9062009,48.9292443,0],[28.900536,48.9304849,0],[28.8959012,48.935334,0],[28.8864598,48.9416485,0],[28.859509,48.9475113,0],[28.8536725,48.9493151,0],[28.846806,48.9504424,0],[28.8418279,48.9532606,0],[28.8404005,48.9569267,0]]},"properties":{"name":"m30","tessellate":true}},
{"type":"Feature","geometry":{"type":"LineString","coordinates":[[35.6117345,49.8354157,0],[35.6096745,49.831928,0],[35.6079579,49.8282738,0],[35.6006623,49.8221276,0],[35.5969716,49.8209094,0],[35.5733681,49.8169775,0],[35.5581761,49.8144853,0],[35.5427266,49.8135438,0],[35.5424056,49.8135208,0]]},"properties":{"name":"M03","tessellate":true,"description":"http://routes.in.ua/international/kiev-harkov-m-03/"}},
{"type":"Feature","geometry":{"type":"LineString","coordinates":[[35.5424056,49.8135208,0],[35.5307512,49.8129312,0],[35.5261592,49.8121835,0],[35.5225544,49.8107157,0],[35.5207519,49.8097464,0],[35.5089502,49.8018806,0]]},"properties":{"name":"M03","tessellate":true,"description":"http://routes.in.ua/international/kiev-harkov-m-03/"}},
{"type":"Feature","geometry":{"type":"LineString","coordinates":[[35.6118537,49.8359136,0],[35.6199218,49.8402314,0],[35.62387,49.8422794,0],[35.6275607,49.8444381,0],[35.6356288,49.8458772,0],[35.6475592,49.8464306,0],[35.6599189,49.847925,0],[35.6679869,49.8488105,0],[35.6834365,49.8538466,0],[35.6904746,49.8567241,0],[35.7134122,49.8657108,0],[35.719592,49.8699153,0],[35.741908,49.892923,0],[35.7547826,49.9059705,0],[35.7592458,49.9120508,0],[35.7628507,49.9154775,0],[35.7697171,49.9183513,0],[35.7724637,49.9217776,0],[35.7731503,49.9274139,0],[35.7705754,49.9323865,0],[35.7693738,49.9364747,0],[35.7716054,49.9400102,0],[35.7772702,49.9449815,0],[35.7899732,49.9507255,0],[35.817439,49.9558061,0],[35.8354634,49.9575732,0],[35.8526296,49.962874,0],[35.9163159,49.9757922,0],[35.9432668,49.9836298,0]]},"properties":{"name":"M03","tessellate":true,"description":"http://routes.in.ua/international/kiev-harkov-m-03/"}},
{"type":"Feature","geometry":{"type":"LineString","coordinates":[[35.943938,49.9837499,0],[35.9466846,49.9834739,0],[35.9526927,49.982039,0],[35.9640224,49.9790033,0],[35.9785278,49.9761331,0],[36.0071094,49.9679631,0],[36.0120876,49.9665829,0],[36.0330303,49.962442,0],[36.0550312,49.9589503,0],[36.0676483,49.9555266,0],[36.0731415,49.9547535,0],[36.0782913,49.9547535,0],[36.0832695,49.9557475,0],[36.088076,49.9575698,0],[36.0983757,49.9607724,0],[36.1073021,49.9609381,0],[36.1151985,49.9612142,0],[36.12155,49.962208,0],[36.1267857,49.9631467,0],[36.1298327,49.9633675,0],[36.1293177,49.9633951,0]]},"properties":{"name":"M03","tessellate":true,"description":"http://routes.in.ua/international/kiev-harkov-m-03/"}},
{"type":"Feature","geometry":{"type":"LineString","coordinates":[[35.5089502,49.8018806,0],[35.4934986,49.7916649,0],[35.4880054,49.7884511,0],[35.4845722,49.7876753,0],[35.469466,49.7875645,0],[35.435992,49.7870103,0],[35.426894,49.7862345,0],[35.3932484,49.7809143,0],[35.3438099,49.7733763,0],[35.254546,49.759184,0],[35.2243336,49.7544154,0],[35.2169521,49.7509772,0],[35.2068241,49.7449876,0],[35.1822765,49.7292335,0],[35.1723202,49.7216875,0],[35.1615055,49.7170262,0],[35.1585873,49.7150283,0],[35.1558407,49.7094783,0],[35.1520641,49.7071471,0],[35.1414211,49.7039276,0],[35.1299198,49.6969328,0],[35.1199634,49.6906034,0],[35.101424,49.6789417,0],[35.0825413,49.6711657,0],[35.0485959,49.6578791,0],[35.0331463,49.6516557,0],[35.011517,49.6474322,0],[34.9510922,49.6365384,0],[34.9042829,49.6278636,0],[34.8994334,49.6270296,0]]},"properties":{"name":"M03","tessellate":true,"description":"http://routes.in.ua/international/kiev-harkov-m-03/"}},
{"type":"Feature","geometry":{"type":"LineString","coordinates":[[34.8994334,49.6270296,0],[34.8908975,49.6252527,0],[34.8829152,49.6224726,0],[34.8757054,49.6196368,0],[34.8639466,49.6166896,0],[34.8548486,49.6144095,0],[34.8385604,49.6102679,0]]},"properties":{"name":"M03","tessellate":true,"description":"http://routes.in.ua/international/kiev-harkov-m-03/"}},
{"type":"Feature","geometry":{"type":"LineString","coordinates":[[34.8385604,49.6102679,0],[34.8224803,49.6061821,0],[34.814498,49.6041797,0],[34.7899505,49.5979494,0],[34.7724839,49.5943333,0],[34.7537728,49.5902439,0],[34.7265645,49.5842623,0],[34.7042271,49.5794486,0],[34.6563206,49.5690195,0],[34.6462573,49.5668104,0],[34.6284903,49.564027,0],[34.6265179,49.5637954,0]]},"properties":{"name":"http://routes.in.ua/international/kiev-harkov-m-03/","tessellate":true,"description":"http://routes.in.ua/international/kiev-harkov-m-03/"}},
{"type":"Feature","geometry":{"type":"LineString","coordinates":[[34.444823,49.5693508,0],[34.4394586,49.5706032,0],[34.418945,49.5746664,0],[34.3962144,49.5787739,0],[34.3819665,49.5812782,0],[34.3732118,49.5845614,0],[34.3683194,49.5878444,0],[34.3638562,49.5912385,0],[34.3517541,49.6005293,0],[34.3458318,49.6030324,0],[34.3351888,49.6053686,0],[34.3257246,49.6079374,0],[34.3199739,49.6084936,0],[34.3143949,49.6079374,0],[34.2974863,49.6044889,0],[34.2852983,49.6021526,0],[34.2763096,49.6006257,0],[34.2685419,49.5999304,0],[34.2557531,49.5990681,0],[34.2432096,49.5979388,0],[34.2319658,49.5953797,0],[34.2216661,49.5928205,0],[34.2117098,49.59104,0],[34.2010668,49.5891483,0],[34.1947153,49.586867,0],[34.1839036,49.5836951,0],[34.1794404,49.5829161,0],[34.171029,49.5825265,0],[34.1655358,49.5828604,0],[34.1597852,49.5826935,0],[34.121848,49.5816918,0],[34.1065701,49.5811909,0],[34.0837392,49.581024,0],[34.0730103,49.5811353,0],[34.068633,49.5819144,0],[34.0633115,49.584029,0],[34.0593307,49.5868131,0],[34.0457694,49.6019458,0],[34.0375354,49.6114947,0],[34.0219142,49.6203368,0],[33.9994266,49.6324016,0],[33.9893898,49.6406371,0],[33.9851841,49.6434161,0],[33.9680179,49.6541417,0],[33.960894,49.6574755,0],[33.9529117,49.6595313,0],[33.9173778,49.6645871,0],[33.9050182,49.6663093,0],[33.8694843,49.6710866,0],[33.8560947,49.671642,0],[33.8267406,49.6729752,0],[33.8150677,49.6738639,0],[33.8057979,49.6741971,0],[33.8015064,49.6745304,0],[33.7969574,49.675919,0],[33.7908634,49.6790847,0],[33.7865719,49.6812507,0],[33.7835678,49.6818616,0],[33.7791904,49.6817505,0],[33.7762722,49.6813062,0],[33.772839,49.6803066,0],[33.7681563,49.6763806,0],[33.764766,49.6734646,0],[33.7600024,49.6713261,0],[33.7550005,49.6693402,0],[33.7504515,49.6684514,0],[33.7459025,49.6684514,0],[33.7406668,49.6697846,0],[33.7366327,49.67134,0],[33.7296805,49.6724509,0],[33.7229857,49.6725064,0],[33.7042419,49.6705025,0],[33.6990921,49.6705025,0],[33.689994,49.6723911,0],[33.681926,49.6732798,0],[33.6738579,49.6723911,0],[33.6486236,49.6691693,0],[33.6201279,49.6653918,0],[33.6130897,49.6659473,0],[33.5914604,49.6673917,0],[33.5619347,49.6719467,0],[33.5197656,49.6772232,0],[33.48715,49.6823326,0],[33.4771936,49.6823326,0],[33.455221,49.6872194,0],[33.4442346,49.6912173,0],[33.4260385,49.7034312,0],[33.4061332,49.7161266,0],[33.401155,49.7193175,0],[33.3652797,49.7418432,0],[33.3553234,49.7461694,0],[33.347682,49.7505,0]]},"properties":{"name":"M03","tessellate":true,"description":"http://routes.in.ua/international/kiev-harkov-m-03/"}}
]}
